{
    "type": "FeatureCollection",
    "name": "domiciliar",
    "crs": {
        "type": "name",
        "properties": {
            "name": "urn:ogc:def:crs:OGC:1.3:CRS84"
        }
    },
    "features": [{
            "type": "Feature",
            "properties": {
                "SETOR": "N06",
                "FREQUENCIA": "TER - QUI - SAB",
                "TURNO": "NOITE",
                "HORARIO": "22:35 ÀS 06:07",
                "OPERACAO": "DOMICILIAR",
                "FILIAL": "CAMBORIÚ"
            },
            "geometry": {
                "type": "MultiLineString",
                "coordinates": [
                    [
                        [-48.6637949, -27.0328844, 1.0],
                        [-48.6638014, -27.0329283, 1.0],
                        [-48.6638055, -27.032955, 1.0]
                    ],
                    [
                        [-48.6638055, -27.032955, 1.0],
                        [-48.6638659, -27.0333076, 1.0],
                        [-48.6637852, -27.0333172, 1.0],
                        [-48.6637263, -27.0329667, 1.0]
                    ],
                    [
                        [-48.6638055, -27.032955, 1.0],
                        [-48.6637263, -27.0329667, 1.0]
                    ],
                    [
                        [-48.663727, -27.0324463, 1.0],
                        [-48.6637949, -27.0328844, 1.0]
                    ],
                    [
                        [-48.6637141, -27.0328957, 1.0],
                        [-48.6637558, -27.0328899, 1.0],
                        [-48.6637949, -27.0328844, 1.0]
                    ],
                    [
                        [-48.6636176, -27.0317404, 1.0],
                        [-48.663727, -27.0324463, 1.0]
                    ],
                    [
                        [-48.663727, -27.0324463, 1.0],
                        [-48.6636823, -27.0324525, 1.0],
                        [-48.6636445, -27.0324572, 1.0]
                    ],
                    [
                        [-48.6637263, -27.0329667, 1.0],
                        [-48.6637141, -27.0328957, 1.0]
                    ],
                    [
                        [-48.6637141, -27.0328957, 1.0],
                        [-48.6636445, -27.0324572, 1.0]
                    ],
                    [
                        [-48.6636445, -27.0324572, 1.0],
                        [-48.6635326, -27.0317514, 1.0]
                    ],
                    [
                        [-48.6636445, -27.0324572, 1.0],
                        [-48.6629359, -27.0325446, 1.0]
                    ],
                    [
                        [-48.6635468, -27.0313115, 1.0],
                        [-48.6636176, -27.0317404, 1.0]
                    ],
                    [
                        [-48.6635326, -27.0317514, 1.0],
                        [-48.6635755, -27.0317457, 1.0],
                        [-48.6636176, -27.0317404, 1.0]
                    ],
                    [
                        [-48.6636136, -27.0344122, 1.0],
                        [-48.6634343, -27.0344235, 1.0]
                    ],
                    [
                        [-48.6634343, -27.0344235, 1.0],
                        [-48.6635676, -27.0350317, 1.0]
                    ],
                    [
                        [-48.6633832, -27.0302898, 1.0],
                        [-48.6635468, -27.0313115, 1.0]
                    ],
                    [
                        [-48.6635468, -27.0313115, 1.0],
                        [-48.6635063, -27.0313167, 1.0],
                        [-48.6634579, -27.0313229, 1.0]
                    ],
                    [
                        [-48.6635326, -27.0317514, 1.0],
                        [-48.6634579, -27.0313229, 1.0]
                    ],
                    [
                        [-48.6634579, -27.0313229, 1.0],
                        [-48.6633014, -27.0302999, 1.0]
                    ],
                    [
                        [-48.6634579, -27.0313229, 1.0],
                        [-48.6627536, -27.0313919, 1.0]
                    ],
                    [
                        [-48.6634343, -27.0344235, 1.0],
                        [-48.6632354, -27.0344361, 1.0]
                    ],
                    [
                        [-48.6633691, -27.0302068, 1.0],
                        [-48.6633832, -27.0302898, 1.0]
                    ],
                    [
                        [-48.6633832, -27.0302898, 1.0],
                        [-48.6633386, -27.0302953, 1.0],
                        [-48.6633014, -27.0302999, 1.0]
                    ],
                    [
                        [-48.6632847, -27.0296647, 1.0],
                        [-48.6633691, -27.0302068, 1.0]
                    ],
                    [
                        [-48.6632873, -27.0302211, 1.0],
                        [-48.6633233, -27.0302148, 1.0],
                        [-48.6633691, -27.0302068, 1.0]
                    ],
                    [
                        [-48.6633014, -27.0302999, 1.0],
                        [-48.6632873, -27.0302211, 1.0]
                    ],
                    [
                        [-48.6632873, -27.0302211, 1.0],
                        [-48.6632045, -27.0296723, 1.0]
                    ],
                    [
                        [-48.6628587, -27.0268494, 1.0],
                        [-48.6631843, -27.0290006, 1.0],
                        [-48.6632847, -27.0296647, 1.0]
                    ],
                    [
                        [-48.6632045, -27.0296723, 1.0],
                        [-48.6632418, -27.0296688, 1.0],
                        [-48.6632847, -27.0296647, 1.0]
                    ],
                    [
                        [-48.6629359, -27.0325446, 1.0],
                        [-48.6632354, -27.0344361, 1.0]
                    ],
                    [
                        [-48.6632354, -27.0344361, 1.0],
                        [-48.6626993, -27.0345225, 1.0]
                    ],
                    [
                        [-48.6632045, -27.0296723, 1.0],
                        [-48.6630997, -27.0290096, 1.0]
                    ],
                    [
                        [-48.6624967, -27.029763, 1.0],
                        [-48.6632045, -27.0296723, 1.0]
                    ],
                    [
                        [-48.6630997, -27.0290096, 1.0],
                        [-48.6627355, -27.0267883, 1.0]
                    ],
                    [
                        [-48.6630997, -27.0290096, 1.0],
                        [-48.6624691, -27.0290766, 1.0],
                        [-48.6623868, -27.0290853, 1.0]
                    ],
                    [
                        [-48.6627536, -27.0313919, 1.0],
                        [-48.6629359, -27.0325446, 1.0]
                    ],
                    [
                        [-48.6629359, -27.0325446, 1.0],
                        [-48.6623874, -27.0326091, 1.0]
                    ],
                    [
                        [-48.6628587, -27.0268494, 1.0],
                        [-48.6627901, -27.0268163, 1.0],
                        [-48.6627355, -27.0267883, 1.0]
                    ],
                    [
                        [-48.6627133, -27.0266578, 1.0],
                        [-48.6627663, -27.0266844, 1.0],
                        [-48.6628002, -27.0267053, 1.0],
                        [-48.6628347, -27.0267274, 1.0],
                        [-48.6628568, -27.0267794, 1.0],
                        [-48.6628587, -27.0268494, 1.0]
                    ],
                    [
                        [-48.6627777, -27.0350795, 1.0],
                        [-48.6626993, -27.0345225, 1.0]
                    ],
                    [
                        [-48.6625953, -27.0303776, 1.0],
                        [-48.6627536, -27.0313919, 1.0]
                    ],
                    [
                        [-48.6627355, -27.0267883, 1.0],
                        [-48.6620751, -27.026439, 1.0],
                        [-48.6620605, -27.026446, 1.0],
                        [-48.6620443, -27.0264493, 1.0]
                    ],
                    [
                        [-48.6627355, -27.0267883, 1.0],
                        [-48.6627284, -27.0267206, 1.0],
                        [-48.6627133, -27.0266578, 1.0]
                    ],
                    [
                        [-48.6620056, -27.0263495, 1.0],
                        [-48.6620286, -27.0263413, 1.0],
                        [-48.6620534, -27.026342, 1.0],
                        [-48.6620758, -27.0263514, 1.0],
                        [-48.6623196, -27.0263094, 1.0],
                        [-48.6624464, -27.026372, 1.0],
                        [-48.6625189, -27.0264305, 1.0],
                        [-48.6625752, -27.026495, 1.0],
                        [-48.6627133, -27.0266578, 1.0]
                    ],
                    [
                        [-48.6626993, -27.0345225, 1.0],
                        [-48.6623874, -27.0326091, 1.0]
                    ],
                    [
                        [-48.6624967, -27.029763, 1.0],
                        [-48.6625953, -27.0303776, 1.0]
                    ],
                    [
                        [-48.6620499, -27.030446, 1.0],
                        [-48.6625953, -27.0303776, 1.0]
                    ],
                    [
                        [-48.6623868, -27.0290853, 1.0],
                        [-48.6624967, -27.029763, 1.0]
                    ],
                    [
                        [-48.6623874, -27.0326091, 1.0],
                        [-48.6620499, -27.030446, 1.0]
                    ],
                    [
                        [-48.6623874, -27.0326091, 1.0],
                        [-48.6617611, -27.0326879, 1.0]
                    ],
                    [
                        [-48.662314, -27.0284152, 1.0],
                        [-48.6623096, -27.0285171, 1.0],
                        [-48.6623154, -27.0286165, 1.0],
                        [-48.6623272, -27.0287112, 1.0],
                        [-48.6623868, -27.0290853, 1.0]
                    ],
                    [
                        [-48.6620443, -27.0264493, 1.0],
                        [-48.6622847, -27.0280911, 1.0],
                        [-48.6623043, -27.0282464, 1.0],
                        [-48.662314, -27.0284152, 1.0]
                    ],
                    [
                        [-48.662314, -27.0284152, 1.0],
                        [-48.6621192, -27.0284268, 1.0],
                        [-48.6620602, -27.0284304, 1.0],
                        [-48.6619905, -27.0284459, 1.0],
                        [-48.6619154, -27.028465, 1.0],
                        [-48.6617405, -27.0285, 1.0]
                    ],
                    [
                        [-48.6620499, -27.030446, 1.0],
                        [-48.6617405, -27.0285, 1.0]
                    ],
                    [
                        [-48.6614516, -27.0305165, 1.0],
                        [-48.6620499, -27.030446, 1.0]
                    ],
                    [
                        [-48.6620443, -27.0264493, 1.0],
                        [-48.6620237, -27.0264477, 1.0],
                        [-48.6620048, -27.0264401, 1.0],
                        [-48.6619899, -27.0264273, 1.0]
                    ],
                    [
                        [-48.6619899, -27.0264273, 1.0],
                        [-48.6619796, -27.0264073, 1.0],
                        [-48.6619789, -27.0263854, 1.0],
                        [-48.6619881, -27.026365, 1.0],
                        [-48.6620056, -27.0263495, 1.0]
                    ],
                    [
                        [-48.6617441, -27.0263756, 1.0],
                        [-48.6620056, -27.0263495, 1.0]
                    ],
                    [
                        [-48.6619899, -27.0264273, 1.0],
                        [-48.6618986, -27.026421, 1.0],
                        [-48.6618453, -27.0264117, 1.0],
                        [-48.6618091, -27.0264057, 1.0],
                        [-48.6617441, -27.0263756, 1.0]
                    ],
                    [
                        [-48.6617611, -27.0326879, 1.0],
                        [-48.661788, -27.032811, 1.0]
                    ],
                    [
                        [-48.661788, -27.032811, 1.0],
                        [-48.6619703, -27.0327978, 1.0],
                        [-48.6620066, -27.0328098, 1.0],
                        [-48.6620267, -27.0328647, 1.0],
                        [-48.6620253, -27.0329054, 1.0],
                        [-48.6619797, -27.0329364, 1.0],
                        [-48.6614031, -27.0330165, 1.0]
                    ],
                    [
                        [-48.661788, -27.032811, 1.0],
                        [-48.6614259, -27.0328671, 1.0],
                        [-48.6614044, -27.0328886, 1.0],
                        [-48.6614017, -27.0329281, 1.0],
                        [-48.6614031, -27.0330165, 1.0]
                    ],
                    [
                        [-48.6614516, -27.0305165, 1.0],
                        [-48.6617611, -27.0326879, 1.0]
                    ],
                    [
                        [-48.6617611, -27.0326879, 1.0],
                        [-48.6613101, -27.0327447, 1.0],
                        [-48.6612113, -27.0327572, 1.0]
                    ],
                    [
                        [-48.6614092, -27.026416, 1.0],
                        [-48.661709, -27.0263801, 1.0],
                        [-48.6617441, -27.0263756, 1.0]
                    ],
                    [
                        [-48.6617405, -27.0285, 1.0],
                        [-48.6614092, -27.026416, 1.0]
                    ],
                    [
                        [-48.6617405, -27.0285, 1.0],
                        [-48.6611611, -27.0285634, 1.0]
                    ],
                    [
                        [-48.6614031, -27.0330165, 1.0],
                        [-48.6614956, -27.0336078, 1.0]
                    ],
                    [
                        [-48.6611611, -27.0285634, 1.0],
                        [-48.6614516, -27.0305165, 1.0]
                    ],
                    [
                        [-48.6608721, -27.0305875, 1.0],
                        [-48.6614516, -27.0305165, 1.0]
                    ],
                    [
                        [-48.6608521, -27.0264866, 1.0],
                        [-48.6614092, -27.026416, 1.0]
                    ],
                    [
                        [-48.6612113, -27.0327572, 1.0],
                        [-48.6608721, -27.0305875, 1.0]
                    ],
                    [
                        [-48.6612113, -27.0327572, 1.0],
                        [-48.6610598, -27.0327763, 1.0],
                        [-48.6609162, -27.0328002, 1.0],
                        [-48.6608049, -27.0328146, 1.0],
                        [-48.6607312, -27.0328313, 1.0],
                        [-48.6606386, -27.032854, 1.0]
                    ],
                    [
                        [-48.6608521, -27.0264866, 1.0],
                        [-48.6611611, -27.0285634, 1.0]
                    ],
                    [
                        [-48.6611611, -27.0285634, 1.0],
                        [-48.660583, -27.0286265, 1.0]
                    ],
                    [
                        [-48.6608721, -27.0305875, 1.0],
                        [-48.660583, -27.0286265, 1.0]
                    ],
                    [
                        [-48.6603109, -27.0306567, 1.0],
                        [-48.6608721, -27.0305875, 1.0]
                    ],
                    [
                        [-48.6602785, -27.026561, 1.0],
                        [-48.6608521, -27.0264866, 1.0]
                    ],
                    [
                        [-48.6606386, -27.032854, 1.0],
                        [-48.6607323, -27.0335234, 1.0]
                    ],
                    [
                        [-48.6603109, -27.0306567, 1.0],
                        [-48.6606386, -27.032854, 1.0]
                    ],
                    [
                        [-48.6606386, -27.032854, 1.0],
                        [-48.6605287, -27.0328922, 1.0],
                        [-48.6604479, -27.0329152, 1.0],
                        [-48.6600286, -27.0330557, 1.0]
                    ],
                    [
                        [-48.660583, -27.0286265, 1.0],
                        [-48.6602785, -27.026561, 1.0]
                    ],
                    [
                        [-48.660583, -27.0286265, 1.0],
                        [-48.6600214, -27.0286877, 1.0]
                    ],
                    [
                        [-48.6600214, -27.0286877, 1.0],
                        [-48.6603109, -27.0306567, 1.0]
                    ],
                    [
                        [-48.6597005, -27.030756, 1.0],
                        [-48.6597998, -27.0307319, 1.0],
                        [-48.6599388, -27.0307074, 1.0],
                        [-48.6600304, -27.0306945, 1.0],
                        [-48.6603109, -27.0306567, 1.0]
                    ],
                    [
                        [-48.6597186, -27.0266277, 1.0],
                        [-48.6599458, -27.0266006, 1.0],
                        [-48.6602785, -27.026561, 1.0]
                    ],
                    [
                        [-48.6600286, -27.0330557, 1.0],
                        [-48.659721, -27.0308997, 1.0],
                        [-48.6597005, -27.030756, 1.0]
                    ],
                    [
                        [-48.6581082, -27.0350959, 1.0],
                        [-48.6584798, -27.034937, 1.0],
                        [-48.6589368, -27.0347725, 1.0],
                        [-48.6591218, -27.0347092, 1.0],
                        [-48.6592177, -27.034676, 1.0],
                        [-48.6593565, -27.0346279, 1.0],
                        [-48.6598487, -27.034481, 1.0],
                        [-48.6600003, -27.034444, 1.0],
                        [-48.6601062, -27.0344189, 1.0],
                        [-48.6602202, -27.0343974, 1.0],
                        [-48.6601345, -27.0337972, 1.0],
                        [-48.6600393, -27.0331303, 1.0],
                        [-48.6600286, -27.0330557, 1.0]
                    ],
                    [
                        [-48.6600286, -27.0330557, 1.0],
                        [-48.6594094, -27.0332313, 1.0]
                    ],
                    [
                        [-48.6597186, -27.0266277, 1.0],
                        [-48.6600214, -27.0286877, 1.0]
                    ],
                    [
                        [-48.6600214, -27.0286877, 1.0],
                        [-48.6594956, -27.0287452, 1.0],
                        [-48.6594151, -27.028754, 1.0]
                    ],
                    [
                        [-48.6592969, -27.0266693, 1.0],
                        [-48.6593609, -27.026663, 1.0],
                        [-48.659407, -27.0266584, 1.0],
                        [-48.6597186, -27.0266277, 1.0]
                    ],
                    [
                        [-48.6597005, -27.030756, 1.0],
                        [-48.659689, -27.0306751, 1.0],
                        [-48.6595839, -27.0299379, 1.0],
                        [-48.6594599, -27.0290685, 1.0],
                        [-48.6594151, -27.028754, 1.0]
                    ],
                    [
                        [-48.6589938, -27.0309359, 1.0],
                        [-48.6595889, -27.0307844, 1.0],
                        [-48.6597005, -27.030756, 1.0]
                    ],
                    [
                        [-48.6594151, -27.028754, 1.0],
                        [-48.659139, -27.026817, 1.0],
                        [-48.6591322, -27.0267694, 1.0],
                        [-48.6591185, -27.0266733, 1.0]
                    ],
                    [
                        [-48.6591225, -27.0325667, 1.0],
                        [-48.6594094, -27.0332313, 1.0]
                    ],
                    [
                        [-48.6594094, -27.0332313, 1.0],
                        [-48.6586488, -27.0334408, 1.0]
                    ],
                    [
                        [-48.6592948, -27.0315507, 1.0],
                        [-48.658759, -27.0316988, 1.0]
                    ],
                    [
                        [-48.658759, -27.0316988, 1.0],
                        [-48.6591225, -27.0325667, 1.0]
                    ],
                    [
                        [-48.6583637, -27.0327877, 1.0],
                        [-48.6591225, -27.0325667, 1.0]
                    ],
                    [
                        [-48.6584695, -27.0274312, 1.0],
                        [-48.6589056, -27.0303465, 1.0],
                        [-48.6589938, -27.0309359, 1.0]
                    ],
                    [
                        [-48.6584962, -27.0310711, 1.0],
                        [-48.6589938, -27.0309359, 1.0]
                    ],
                    [
                        [-48.6584962, -27.0310711, 1.0],
                        [-48.658759, -27.0316988, 1.0]
                    ],
                    [
                        [-48.6583637, -27.0327877, 1.0],
                        [-48.6586488, -27.0334408, 1.0]
                    ],
                    [
                        [-48.6586488, -27.0334408, 1.0],
                        [-48.6578911, -27.0336425, 1.0]
                    ],
                    [
                        [-48.6577326, -27.0312895, 1.0],
                        [-48.6578788, -27.0312456, 1.0],
                        [-48.6579908, -27.031212, 1.0],
                        [-48.658326, -27.0311171, 1.0],
                        [-48.6584962, -27.0310711, 1.0]
                    ],
                    [
                        [-48.6583791, -27.0267508, 1.0],
                        [-48.6584695, -27.0274312, 1.0]
                    ],
                    [
                        [-48.6576661, -27.0275252, 1.0],
                        [-48.6584695, -27.0274312, 1.0]
                    ],
                    [
                        [-48.6584652, -27.0303637, 1.0],
                        [-48.6581203, -27.0304887, 1.0]
                    ],
                    [
                        [-48.6580038, -27.0319333, 1.0],
                        [-48.6583637, -27.0327877, 1.0]
                    ],
                    [
                        [-48.6576075, -27.032992, 1.0],
                        [-48.6583637, -27.0327877, 1.0]
                    ],
                    [
                        [-48.6578327, -27.0286478, 1.0],
                        [-48.6582184, -27.028601, 1.0]
                    ],
                    [
                        [-48.6581346, -27.0352495, 1.0],
                        [-48.6581073, -27.0351818, 1.0],
                        [-48.658104, -27.0351284, 1.0],
                        [-48.6581082, -27.0350959, 1.0]
                    ],
                    [
                        [-48.6578327, -27.0286478, 1.0],
                        [-48.6581203, -27.0304887, 1.0]
                    ],
                    [
                        [-48.6581203, -27.0304887, 1.0],
                        [-48.6575659, -27.0306914, 1.0]
                    ],
                    [
                        [-48.6578601, -27.035088, 1.0],
                        [-48.657973, -27.0351096, 1.0],
                        [-48.6580282, -27.0351101, 1.0],
                        [-48.6581082, -27.0350959, 1.0]
                    ],
                    [
                        [-48.6577326, -27.0312895, 1.0],
                        [-48.6580038, -27.0319333, 1.0]
                    ],
                    [
                        [-48.6580038, -27.0319333, 1.0],
                        [-48.6572437, -27.0321652, 1.0]
                    ],
                    [
                        [-48.6576661, -27.0275252, 1.0],
                        [-48.6578327, -27.0286478, 1.0]
                    ],
                    [
                        [-48.6572399, -27.0287197, 1.0],
                        [-48.6578327, -27.0286478, 1.0]
                    ],
                    [
                        [-48.6569588, -27.0315268, 1.0],
                        [-48.6577326, -27.0312895, 1.0]
                    ],
                    [
                        [-48.6570528, -27.027597, 1.0],
                        [-48.6576661, -27.0275252, 1.0]
                    ],
                    [
                        [-48.6572399, -27.0287197, 1.0],
                        [-48.6575659, -27.0306914, 1.0]
                    ],
                    [
                        [-48.6575659, -27.0306914, 1.0],
                        [-48.6570265, -27.0308895, 1.0]
                    ],
                    [
                        [-48.6570528, -27.027597, 1.0],
                        [-48.6572399, -27.0287197, 1.0]
                    ],
                    [
                        [-48.6566557, -27.0287905, 1.0],
                        [-48.6572399, -27.0287197, 1.0]
                    ],
                    [
                        [-48.6565006, -27.0276616, 1.0],
                        [-48.6570528, -27.027597, 1.0]
                    ],
                    [
                        [-48.6570265, -27.0308895, 1.0],
                        [-48.6566557, -27.0287905, 1.0]
                    ],
                    [
                        [-48.6570265, -27.0308895, 1.0],
                        [-48.6567283, -27.030999, 1.0]
                    ],
                    [
                        [-48.6566557, -27.0287905, 1.0],
                        [-48.6565755, -27.0282263, 1.0]
                    ],
                    [
                        [-48.6557412, -27.0289014, 1.0],
                        [-48.6566557, -27.0287905, 1.0]
                    ],
                    [
                        [-48.6565755, -27.0282263, 1.0],
                        [-48.6565006, -27.0276616, 1.0]
                    ],
                    [
                        [-48.6565755, -27.0282263, 1.0],
                        [-48.6555243, -27.0283757, 1.0]
                    ],
                    [
                        [-48.655391, -27.0278596, 1.0],
                        [-48.6554549, -27.0278286, 1.0],
                        [-48.6555223, -27.0278098, 1.0],
                        [-48.6565006, -27.0276616, 1.0]
                    ]
                ]
            }
        },
        {
            "type": "Feature",
            "properties": {
                "SETOR": "N07",
                "FREQUENCIA": "SEG A SAB",
                "TURNO": "NOITE",
                "HORARIO": "22:35 ÀS 06:07",
                "OPERACAO": "DOMICILIAR",
                "FILIAL": "CAMBORIÚ"
            },
            "geometry": {
                "type": "MultiLineString",
                "coordinates": [
                    [
                        [-48.6563093, -27.0300801, 1.0],
                        [-48.6565537, -27.0306033, 1.0],
                        [-48.6567283, -27.030999, 1.0],
                        [-48.6569209, -27.0314426, 1.0],
                        [-48.6569588, -27.0315268, 1.0],
                        [-48.6571012, -27.031846, 1.0],
                        [-48.6572437, -27.0321652, 1.0],
                        [-48.6574256, -27.0325729, 1.0],
                        [-48.6576075, -27.032992, 1.0],
                        [-48.6576802, -27.033167, 1.0],
                        [-48.6578911, -27.0336425, 1.0],
                        [-48.6579316, -27.0337313, 1.0],
                        [-48.6584233, -27.0348128, 1.0],
                        [-48.6584798, -27.034937, 1.0],
                        [-48.6585077, -27.034997, 1.0],
                        [-48.6586795, -27.035366, 1.0],
                        [-48.6588035, -27.0356121, 1.0],
                        [-48.6588478, -27.0357247, 1.0],
                        [-48.6588784, -27.0358293, 1.0],
                        [-48.6588897, -27.0358832, 1.0],
                        [-48.658888, -27.0359341, 1.0],
                        [-48.6588549, -27.0362443, 1.0],
                        [-48.6588475, -27.0363743, 1.0],
                        [-48.6588543, -27.0365032, 1.0]
                    ],
                    [
                        [-48.6551523, -27.0271172, 1.0],
                        [-48.6552272, -27.0272268, 1.0],
                        [-48.6552671, -27.027341, 1.0],
                        [-48.6552704, -27.0273504, 1.0],
                        [-48.6553617, -27.0277359, 1.0],
                        [-48.655391, -27.0278596, 1.0],
                        [-48.6554926, -27.0282535, 1.0],
                        [-48.6555243, -27.0283757, 1.0],
                        [-48.6555499, -27.0284528, 1.0],
                        [-48.655624, -27.0286357, 1.0],
                        [-48.6556473, -27.0286932, 1.0],
                        [-48.6557412, -27.0289014, 1.0],
                        [-48.655788, -27.0289984, 1.0],
                        [-48.6563093, -27.0300801, 1.0]
                    ],
                    [
                        [-48.6563093, -27.0300801, 1.0],
                        [-48.6551127, -27.0302537, 1.0],
                        [-48.6550436, -27.0297924, 1.0]
                    ],
                    [
                        [-48.6542463, -27.0260678, 1.0],
                        [-48.6543048, -27.0261522, 1.0],
                        [-48.6544347, -27.0263233, 1.0],
                        [-48.6545374, -27.0264475, 1.0],
                        [-48.6547259, -27.0266478, 1.0],
                        [-48.6551523, -27.0271172, 1.0]
                    ],
                    [
                        [-48.6551523, -27.0271172, 1.0],
                        [-48.655238, -27.0270356, 1.0],
                        [-48.6552497, -27.0270073, 1.0],
                        [-48.655239, -27.0269831, 1.0],
                        [-48.6548437, -27.0265834, 1.0],
                        [-48.6547918, -27.026507, 1.0],
                        [-48.6547907, -27.0264816, 1.0],
                        [-48.6548028, -27.0264637, 1.0],
                        [-48.6548437, -27.0264449, 1.0]
                    ],
                    [
                        [-48.6542463, -27.0260678, 1.0],
                        [-48.654618, -27.0258662, 1.0],
                        [-48.654551, -27.0257443, 1.0]
                    ],
                    [
                        [-48.6529651, -27.0242284, 1.0],
                        [-48.6530282, -27.0243212, 1.0],
                        [-48.6530692, -27.0243816, 1.0],
                        [-48.6532842, -27.0246844, 1.0],
                        [-48.6533611, -27.0247927, 1.0],
                        [-48.6534088, -27.0248598, 1.0],
                        [-48.6534751, -27.0249554, 1.0],
                        [-48.6542463, -27.0260678, 1.0]
                    ],
                    [
                        [-48.6529257, -27.0239144, 1.0],
                        [-48.6533636, -27.0238572, 1.0]
                    ],
                    [
                        [-48.6529979, -27.0176176, 1.0],
                        [-48.6529519, -27.0176279, 1.0],
                        [-48.6529044, -27.0176277, 1.0]
                    ],
                    [
                        [-48.6522845, -27.0232407, 1.0],
                        [-48.6526875, -27.0238206, 1.0],
                        [-48.6527214, -27.0238694, 1.0],
                        [-48.6529651, -27.0242284, 1.0]
                    ],
                    [
                        [-48.6529257, -27.0239144, 1.0],
                        [-48.6529521, -27.0239844, 1.0],
                        [-48.6529651, -27.0242284, 1.0]
                    ],
                    [
                        [-48.6522845, -27.0232407, 1.0],
                        [-48.6524304, -27.0232803, 1.0],
                        [-48.6526326, -27.023409, 1.0],
                        [-48.6526414, -27.0234205, 1.0],
                        [-48.6527772, -27.0235977, 1.0],
                        [-48.6528503, -27.0237333, 1.0],
                        [-48.6529257, -27.0239144, 1.0]
                    ],
                    [
                        [-48.6529044, -27.0176277, 1.0],
                        [-48.6528517, -27.0176145, 1.0],
                        [-48.6528053, -27.0175886, 1.0],
                        [-48.6527692, -27.0175519, 1.0],
                        [-48.6527462, -27.0175076, 1.0]
                    ],
                    [
                        [-48.6529044, -27.0176277, 1.0],
                        [-48.6528028, -27.017778, 1.0],
                        [-48.6525986, -27.0181325, 1.0]
                    ],
                    [
                        [-48.6527462, -27.0175076, 1.0],
                        [-48.6527383, -27.0174617, 1.0],
                        [-48.6527448, -27.0174156, 1.0],
                        [-48.6527649, -27.0173727, 1.0]
                    ],
                    [
                        [-48.6525986, -27.0181325, 1.0],
                        [-48.6526935, -27.0177414, 1.0],
                        [-48.6527265, -27.0175953, 1.0],
                        [-48.6527462, -27.0175076, 1.0]
                    ],
                    [
                        [-48.6525986, -27.0181325, 1.0],
                        [-48.6525679, -27.01822, 1.0],
                        [-48.6524143, -27.0186322, 1.0],
                        [-48.6523918, -27.0186937, 1.0]
                    ],
                    [
                        [-48.6525612, -27.0194966, 1.0],
                        [-48.6522621, -27.0193998, 1.0],
                        [-48.6522017, -27.0193687, 1.0],
                        [-48.6521687, -27.0193114, 1.0]
                    ],
                    [
                        [-48.6523918, -27.0186937, 1.0],
                        [-48.6522459, -27.0190977, 1.0],
                        [-48.6521687, -27.0193114, 1.0]
                    ],
                    [
                        [-48.6520429, -27.0192012, 1.0],
                        [-48.6521429, -27.0190682, 1.0],
                        [-48.6523918, -27.0186937, 1.0]
                    ],
                    [
                        [-48.6519903, -27.0216586, 1.0],
                        [-48.6520247, -27.0222073, 1.0],
                        [-48.6520516, -27.0228218, 1.0],
                        [-48.6520544, -27.0229311, 1.0],
                        [-48.6521461, -27.023046, 1.0],
                        [-48.6521797, -27.02309, 1.0],
                        [-48.6522845, -27.0232407, 1.0]
                    ],
                    [
                        [-48.6520429, -27.0192012, 1.0],
                        [-48.6521026, -27.0192175, 1.0],
                        [-48.652141, -27.0192482, 1.0],
                        [-48.6521687, -27.0193114, 1.0]
                    ],
                    [
                        [-48.6521687, -27.0193114, 1.0],
                        [-48.6521528, -27.0193463, 1.0],
                        [-48.652015, -27.019753, 1.0],
                        [-48.651989, -27.0198162, 1.0],
                        [-48.6519771, -27.019861, 1.0],
                        [-48.6519541, -27.0199847, 1.0]
                    ],
                    [
                        [-48.652011, -27.0192336, 1.0],
                        [-48.6520429, -27.0192012, 1.0]
                    ],
                    [
                        [-48.652011, -27.0192336, 1.0],
                        [-48.6518826, -27.0186889, 1.0],
                        [-48.6518893, -27.0186352, 1.0],
                        [-48.6519215, -27.0185898, 1.0],
                        [-48.6520011, -27.0185201, 1.0]
                    ],
                    [
                        [-48.6517843, -27.0193621, 1.0],
                        [-48.6518622, -27.0193345, 1.0],
                        [-48.65194, -27.0192917, 1.0],
                        [-48.652011, -27.0192336, 1.0]
                    ],
                    [
                        [-48.6518686, -27.0210634, 1.0],
                        [-48.6519927, -27.021108, 1.0]
                    ],
                    [
                        [-48.6519875, -27.0210012, 1.0],
                        [-48.6519927, -27.021108, 1.0]
                    ],
                    [
                        [-48.6519927, -27.021108, 1.0],
                        [-48.6519933, -27.0211776, 1.0],
                        [-48.6519896, -27.0215457, 1.0],
                        [-48.6519903, -27.0216586, 1.0]
                    ],
                    [
                        [-48.6519903, -27.0216586, 1.0],
                        [-48.6515345, -27.0217146, 1.0]
                    ],
                    [
                        [-48.6519541, -27.0199847, 1.0],
                        [-48.6519496, -27.0200405, 1.0],
                        [-48.6519467, -27.0201222, 1.0],
                        [-48.6519533, -27.0202668, 1.0],
                        [-48.651954, -27.0203236, 1.0],
                        [-48.651963, -27.0204261, 1.0],
                        [-48.6519785, -27.0208118, 1.0],
                        [-48.6519875, -27.0210012, 1.0]
                    ],
                    [
                        [-48.6519875, -27.0210012, 1.0],
                        [-48.6518686, -27.0210634, 1.0]
                    ],
                    [
                        [-48.6519541, -27.0199847, 1.0],
                        [-48.6518846, -27.0198502, 1.0],
                        [-48.6518497, -27.0197498, 1.0],
                        [-48.6517958, -27.0194315, 1.0],
                        [-48.6517843, -27.0193621, 1.0]
                    ],
                    [
                        [-48.6518686, -27.0210634, 1.0],
                        [-48.6514299, -27.0210949, 1.0]
                    ],
                    [
                        [-48.651789, -27.0231578, 1.0],
                        [-48.6517511, -27.0229831, 1.0]
                    ],
                    [
                        [-48.651789, -27.0231578, 1.0],
                        [-48.6518912, -27.0231021, 1.0],
                        [-48.6519883, -27.023029, 1.0],
                        [-48.6518832, -27.0230371, 1.0],
                        [-48.6518336, -27.0230305, 1.0],
                        [-48.6517853, -27.023012, 1.0],
                        [-48.6517511, -27.0229831, 1.0]
                    ],
                    [
                        [-48.651789, -27.0231578, 1.0],
                        [-48.6513109, -27.0232759, 1.0],
                        [-48.6510534, -27.0225001, 1.0],
                        [-48.6508667, -27.0219173, 1.0],
                        [-48.6508229, -27.021798, 1.0],
                        [-48.6515345, -27.0217146, 1.0]
                    ],
                    [
                        [-48.6514299, -27.0210949, 1.0],
                        [-48.6512342, -27.0198946, 1.0],
                        [-48.6511701, -27.019488, 1.0],
                        [-48.6511692, -27.01946, 1.0],
                        [-48.6511659, -27.0194243, 1.0],
                        [-48.6512722, -27.0194163, 1.0],
                        [-48.6515454, -27.0193935, 1.0],
                        [-48.6517038, -27.0193778, 1.0],
                        [-48.6517843, -27.0193621, 1.0]
                    ],
                    [
                        [-48.6517511, -27.0229831, 1.0],
                        [-48.6515345, -27.0217146, 1.0]
                    ],
                    [
                        [-48.6515345, -27.0217146, 1.0],
                        [-48.6514299, -27.0210949, 1.0]
                    ]
                ]
            }
        },
        {
            "type": "Feature",
            "properties": {
                "SETOR": "T01",
                "FREQUENCIA": "SEG - QUA - SEX",
                "TURNO": "TARDE",
                "HORARIO": "14:20 ÀS 22:35",
                "OPERACAO": "DOMICILIAR",
                "FILIAL": "CAMBORIÚ"
            },
            "geometry": {
                "type": "MultiLineString",
                "coordinates": [
                    [
                        [-48.692073882220065, -26.978346296273219, 1.0],
                        [-48.692217, -26.97889, 1.0],
                        [-48.692276, -26.97922, 1.0],
                        [-48.69223, -26.979482, 1.0],
                        [-48.692175, -26.979623, 1.0],
                        [-48.691984, -26.97991, 1.0],
                        [-48.691722, -26.980203, 1.0],
                        [-48.690876, -26.980934, 1.0],
                        [-48.690678, -26.981122, 1.0],
                        [-48.69001, -26.981878, 1.0],
                        [-48.689779, -26.982089, 1.0],
                        [-48.689673, -26.982218, 1.0],
                        [-48.689408, -26.982818, 1.0],
                        [-48.689227, -26.983305, 1.0],
                        [-48.689186, -26.983587, 1.0],
                        [-48.689184, -26.984098, 1.0],
                        [-48.689151, -26.984246, 1.0],
                        [-48.689043, -26.984458, 1.0],
                        [-48.688589, -26.9851, 1.0],
                        [-48.688422, -26.985421, 1.0],
                        [-48.688289, -26.985762, 1.0],
                        [-48.68816, -26.986018, 1.0],
                        [-48.688125, -26.986138, 1.0],
                        [-48.688077, -26.986552, 1.0],
                        [-48.688041, -26.986699, 1.0],
                        [-48.687939, -26.986948, 1.0],
                        [-48.687878, -26.987049, 1.0],
                        [-48.687778, -26.987129, 1.0],
                        [-48.687685, -26.987148, 1.0],
                        [-48.68757, -26.987125, 1.0],
                        [-48.687461, -26.98706, 1.0],
                        [-48.687382, -26.986993, 1.0],
                        [-48.68706, -26.986665, 1.0],
                        [-48.686784, -26.986436, 1.0],
                        [-48.686666, -26.986372, 1.0],
                        [-48.686404, -26.986274, 1.0],
                        [-48.686069, -26.986104, 1.0],
                        [-48.685796, -26.98593, 1.0],
                        [-48.685387, -26.985616, 1.0],
                        [-48.685266, -26.985554, 1.0],
                        [-48.684997, -26.985484, 1.0],
                        [-48.684804, -26.9854632, 1.0],
                        [-48.6845491, -26.985458, 1.0],
                        [-48.684425, -26.9854527, 1.0],
                        [-48.6841877, -26.9854017, 1.0],
                        [-48.6837625, -26.9852507, 1.0],
                        [-48.6835914, -26.985185, 1.0],
                        [-48.6832803, -26.98502, 1.0],
                        [-48.6830497, -26.9848661, 1.0],
                        [-48.682404, -26.9844266, 1.0]
                    ],
                    [
                        [-48.6870396, -26.984696, 1.0],
                        [-48.6865944, -26.9845908, 1.0],
                        [-48.6865568, -26.9845143, 1.0],
                        [-48.6868626, -26.9838403, 1.0],
                        [-48.6863422, -26.9836156, 1.0],
                        [-48.6860043, -26.983606, 1.0],
                        [-48.6855054, -26.9848107, 1.0],
                        [-48.6849976, -26.984683, 1.0],
                        [-48.6810913, -26.983524, 1.0]
                    ],
                    [
                        [-48.6861977, -26.9778303, 1.0],
                        [-48.6864123, -26.9773523, 1.0],
                        [-48.6861065, -26.9772662, 1.0]
                    ],
                    [
                        [-48.6861065, -26.9772662, 1.0],
                        [-48.6858973, -26.9772041, 1.0],
                        [-48.685849, -26.9771754, 1.0],
                        [-48.6858222, -26.9771419, 1.0],
                        [-48.6858061, -26.9770893, 1.0],
                        [-48.6857951, -26.9770312, 1.0],
                        [-48.6848282, -26.976815, 1.0]
                    ],
                    [
                        [-48.6861065, -26.9772662, 1.0],
                        [-48.6859134, -26.9777299, 1.0]
                    ],
                    [
                        [-48.6848282, -26.976815, 1.0],
                        [-48.6829512, -26.976387, 1.0],
                        [-48.6828016, -26.9766757, 1.0],
                        [-48.6826836, -26.9770575, 1.0],
                        [-48.6824493, -26.9777143, 1.0],
                        [-48.6824138, -26.9778733, 1.0],
                        [-48.6823757, -26.9780253, 1.0],
                        [-48.6823604, -26.9781207, 1.0],
                        [-48.6823103, -26.9782163, 1.0],
                        [-48.6822635, -26.9783002, 1.0],
                        [-48.6821686, -26.9784439, 1.0],
                        [-48.6818356, -26.9789062, 1.0],
                        [-48.6816237, -26.9791887, 1.0],
                        [-48.681428, -26.9794096, 1.0],
                        [-48.6811985, -26.9796398, 1.0],
                        [-48.6809999, -26.9798111, 1.0],
                        [-48.6806954, -26.9800539, 1.0],
                        [-48.6804949, -26.9801936, 1.0],
                        [-48.6802856, -26.9803353, 1.0],
                        [-48.6799159, -26.9805708, 1.0],
                        [-48.6796367, -26.9807323, 1.0],
                        [-48.6794737, -26.9808123, 1.0],
                        [-48.6792672, -26.9808969, 1.0],
                        [-48.6780434, -26.9813715, 1.0]
                    ],
                    [
                        [-48.6848282, -26.976815, 1.0],
                        [-48.6846906, -26.9772307, 1.0]
                    ],
                    [
                        [-48.6843609, -26.9833777, 1.0],
                        [-48.6847967, -26.983504, 1.0]
                    ],
                    [
                        [-48.6845304, -26.9827907, 1.0],
                        [-48.6847493, -26.9828441, 1.0]
                    ],
                    [
                        [-48.6829497, -26.9829689, 1.0],
                        [-48.6831736, -26.982371, 1.0],
                        [-48.6839494, -26.9826296, 1.0],
                        [-48.6841618, -26.9826927, 1.0],
                        [-48.6845304, -26.9827907, 1.0]
                    ],
                    [
                        [-48.6843609, -26.9833777, 1.0],
                        [-48.6845304, -26.9827907, 1.0]
                    ],
                    [
                        [-48.6829497, -26.9829689, 1.0],
                        [-48.6843609, -26.9833777, 1.0]
                    ],
                    [
                        [-48.6842299, -26.9838313, 1.0],
                        [-48.6843609, -26.9833777, 1.0]
                    ],
                    [
                        [-48.6842299, -26.9838313, 1.0],
                        [-48.6843275, -26.9838511, 1.0]
                    ],
                    [
                        [-48.6827747, -26.9834363, 1.0],
                        [-48.6833281, -26.9835972, 1.0],
                        [-48.6838885, -26.9837512, 1.0],
                        [-48.684122, -26.9838094, 1.0],
                        [-48.6842299, -26.9838313, 1.0]
                    ],
                    [
                        [-48.6821379, -26.9851372, 1.0],
                        [-48.6831305, -26.9855033, 1.0],
                        [-48.6841019, -26.9858446, 1.0]
                    ],
                    [
                        [-48.6802901, -26.9821985, 1.0],
                        [-48.6829497, -26.9829689, 1.0]
                    ],
                    [
                        [-48.6827747, -26.9834363, 1.0],
                        [-48.6829497, -26.9829689, 1.0]
                    ],
                    [
                        [-48.6801192, -26.9826322, 1.0],
                        [-48.6815675, -26.9830853, 1.0],
                        [-48.6827747, -26.9834363, 1.0]
                    ],
                    [
                        [-48.6818675, -26.9821134, 1.0],
                        [-48.6819366, -26.9821497, 1.0],
                        [-48.6819651, -26.9821714, 1.0],
                        [-48.6819814, -26.9822004, 1.0],
                        [-48.6819936, -26.982233, 1.0],
                        [-48.6820302, -26.9822547, 1.0],
                        [-48.6820708, -26.9822765, 1.0],
                        [-48.6821155, -26.982291, 1.0],
                        [-48.682148, -26.9823055, 1.0],
                        [-48.6821713, -26.9822212, 1.0],
                        [-48.6821924, -26.9821614, 1.0],
                        [-48.6822121, -26.982089, 1.0],
                        [-48.6822466, -26.9819898, 1.0],
                        [-48.682274, -26.9819687, 1.0],
                        [-48.6822993, -26.9819676, 1.0],
                        [-48.682329, -26.9819849, 1.0],
                        [-48.6823385, -26.9820129, 1.0],
                        [-48.6823142, -26.9820835, 1.0],
                        [-48.6822804, -26.9822047, 1.0],
                        [-48.6822532, -26.9822797, 1.0],
                        [-48.6822317, -26.9823279, 1.0],
                        [-48.6822252, -26.9824276, 1.0],
                        [-48.6822399, -26.98248, 1.0],
                        [-48.682425, -26.9825664, 1.0],
                        [-48.6824809, -26.9825638, 1.0],
                        [-48.6825925, -26.9824852, 1.0],
                        [-48.6826718, -26.9823936, 1.0],
                        [-48.6827218, -26.982281, 1.0],
                        [-48.6827629, -26.9821134, 1.0]
                    ],
                    [
                        [-48.682404, -26.9844266, 1.0],
                        [-48.6810913, -26.983524, 1.0]
                    ],
                    [
                        [-48.682404, -26.9844266, 1.0],
                        [-48.6821379, -26.9851372, 1.0]
                    ],
                    [
                        [-48.6810057, -26.9847709, 1.0],
                        [-48.6813185, -26.9848624, 1.0],
                        [-48.6814586, -26.984904, 1.0],
                        [-48.6816548, -26.9849665, 1.0],
                        [-48.6818649, -26.9850372, 1.0],
                        [-48.6821379, -26.9851372, 1.0]
                    ],
                    [
                        [-48.6816905, -26.981722, 1.0],
                        [-48.6816195, -26.9820011, 1.0],
                        [-48.6816216, -26.9820142, 1.0],
                        [-48.6816336, -26.9820261, 1.0],
                        [-48.6818675, -26.9821134, 1.0]
                    ],
                    [
                        [-48.6816905, -26.981722, 1.0],
                        [-48.6819307, -26.9817931, 1.0],
                        [-48.6819454, -26.981814, 1.0],
                        [-48.6819453, -26.9818393, 1.0],
                        [-48.6818675, -26.9821134, 1.0]
                    ],
                    [
                        [-48.6807617, -26.9814975, 1.0],
                        [-48.6810951, -26.98157, 1.0],
                        [-48.6812699, -26.9816062, 1.0],
                        [-48.6814122, -26.9816388, 1.0],
                        [-48.681526, -26.9816678, 1.0],
                        [-48.6816358, -26.9817004, 1.0],
                        [-48.6816905, -26.981722, 1.0]
                    ],
                    [
                        [-48.6812709, -26.988431, 1.0],
                        [-48.6800543, -26.9880549, 1.0],
                        [-48.6798478, -26.9885856, 1.0]
                    ],
                    [
                        [-48.6799406, -26.9830853, 1.0],
                        [-48.6800552, -26.9831222, 1.0],
                        [-48.6809199, -26.9834444, 1.0],
                        [-48.6810913, -26.983524, 1.0]
                    ],
                    [
                        [-48.6810913, -26.983524, 1.0],
                        [-48.6808936, -26.984001, 1.0],
                        [-48.6808843, -26.9840551, 1.0],
                        [-48.680889, -26.984105, 1.0],
                        [-48.6809169, -26.9841508, 1.0],
                        [-48.680959, -26.9841841, 1.0],
                        [-48.6811785, -26.9842674, 1.0],
                        [-48.6810057, -26.9847709, 1.0]
                    ],
                    [
                        [-48.6803752, -26.9845711, 1.0],
                        [-48.6805573, -26.9846419, 1.0],
                        [-48.6806461, -26.984671, 1.0],
                        [-48.6810057, -26.9847709, 1.0]
                    ],
                    [
                        [-48.6800381, -26.9818852, 1.0],
                        [-48.6806032, -26.9815157, 1.0],
                        [-48.6806357, -26.9814975, 1.0],
                        [-48.6806682, -26.9814903, 1.0],
                        [-48.6807048, -26.9814903, 1.0],
                        [-48.6807617, -26.9814975, 1.0]
                    ],
                    [
                        [-48.6807617, -26.9814975, 1.0],
                        [-48.6805585, -26.9818635, 1.0],
                        [-48.6805381, -26.9818961, 1.0],
                        [-48.6805056, -26.9819251, 1.0],
                        [-48.680469, -26.9819395, 1.0],
                        [-48.6804202, -26.9819468, 1.0],
                        [-48.6803755, -26.9819468, 1.0],
                        [-48.6803267, -26.9819395, 1.0],
                        [-48.6801844, -26.9819142, 1.0],
                        [-48.6800381, -26.9818852, 1.0]
                    ],
                    [
                        [-48.6807266, -26.9888573, 1.0],
                        [-48.6798478, -26.9885856, 1.0]
                    ],
                    [
                        [-48.6804682, -26.9906569, 1.0],
                        [-48.6798459, -26.9923157, 1.0],
                        [-48.6793792, -26.9926837, 1.0],
                        [-48.6790795, -26.9925874, 1.0]
                    ],
                    [
                        [-48.6796706, -26.9819697, 1.0],
                        [-48.6797312, -26.9820085, 1.0],
                        [-48.679795, -26.98204, 1.0],
                        [-48.6798657, -26.9820716, 1.0],
                        [-48.6802901, -26.9821985, 1.0]
                    ],
                    [
                        [-48.6802901, -26.9821985, 1.0],
                        [-48.6801192, -26.9826322, 1.0]
                    ],
                    [
                        [-48.6789607, -26.9822658, 1.0],
                        [-48.6791064, -26.9823154, 1.0],
                        [-48.6801192, -26.9826322, 1.0]
                    ],
                    [
                        [-48.6801192, -26.9826322, 1.0],
                        [-48.6799406, -26.9830853, 1.0]
                    ],
                    [
                        [-48.6795921, -26.9819184, 1.0],
                        [-48.6797475, -26.981906, 1.0],
                        [-48.6798324, -26.9818912, 1.0],
                        [-48.6799161, -26.9818816, 1.0],
                        [-48.679969, -26.981878, 1.0],
                        [-48.6800381, -26.9818852, 1.0]
                    ],
                    [
                        [-48.6800381, -26.9818852, 1.0],
                        [-48.6799608, -26.9819251, 1.0],
                        [-48.6798876, -26.9819468, 1.0],
                        [-48.6798429, -26.981954, 1.0],
                        [-48.6797901, -26.9819577, 1.0],
                        [-48.6796706, -26.9819697, 1.0]
                    ],
                    [
                        [-48.6783942, -26.9826382, 1.0],
                        [-48.679753, -26.9830317, 1.0],
                        [-48.6799406, -26.9830853, 1.0]
                    ],
                    [
                        [-48.6798478, -26.9885856, 1.0],
                        [-48.679444, -26.989623, 1.0]
                    ],
                    [
                        [-48.6795921, -26.9819184, 1.0],
                        [-48.6796706, -26.9819697, 1.0]
                    ],
                    [
                        [-48.6780434, -26.9813715, 1.0],
                        [-48.6792145, -26.9817057, 1.0],
                        [-48.6793561, -26.9817499, 1.0],
                        [-48.6794127, -26.9817814, 1.0],
                        [-48.6794906, -26.9818382, 1.0],
                        [-48.6795921, -26.9819184, 1.0]
                    ],
                    [
                        [-48.6789607, -26.9822658, 1.0],
                        [-48.6795921, -26.9819184, 1.0]
                    ],
                    [
                        [-48.6795757, -26.987907, 1.0],
                        [-48.6789662, -26.989473, 1.0]
                    ],
                    [
                        [-48.6794704, -26.9915986, 1.0],
                        [-48.6790795, -26.9925874, 1.0]
                    ],
                    [
                        [-48.6789662, -26.989473, 1.0],
                        [-48.679444, -26.989623, 1.0]
                    ],
                    [
                        [-48.679444, -26.989623, 1.0],
                        [-48.6792387, -26.9901565, 1.0],
                        [-48.6777531, -26.9897412, 1.0]
                    ],
                    [
                        [-48.6790795, -26.9925874, 1.0],
                        [-48.6784644, -26.9923897, 1.0]
                    ],
                    [
                        [-48.6790778, -26.9877531, 1.0],
                        [-48.6784691, -26.9893169, 1.0]
                    ],
                    [
                        [-48.6784691, -26.9893169, 1.0],
                        [-48.6789662, -26.989473, 1.0]
                    ],
                    [
                        [-48.6788559, -26.9822277, 1.0],
                        [-48.6789607, -26.9822658, 1.0]
                    ],
                    [
                        [-48.6771725, -26.9817055, 1.0],
                        [-48.678695, -26.9821568, 1.0],
                        [-48.6787562, -26.9821781, 1.0],
                        [-48.6788559, -26.9822277, 1.0]
                    ],
                    [
                        [-48.6783942, -26.9826382, 1.0],
                        [-48.6788559, -26.9822277, 1.0]
                    ],
                    [
                        [-48.6787784, -26.9916178, 1.0],
                        [-48.6784644, -26.9923897, 1.0]
                    ],
                    [
                        [-48.6785794, -26.987599, 1.0],
                        [-48.6779715, -26.9891607, 1.0]
                    ],
                    [
                        [-48.6779715, -26.9891607, 1.0],
                        [-48.6784691, -26.9893169, 1.0]
                    ],
                    [
                        [-48.6784644, -26.9923897, 1.0],
                        [-48.6747355, -26.9912317, 1.0],
                        [-48.6747097, -26.9911831, 1.0]
                    ],
                    [
                        [-48.676304, -26.9820284, 1.0],
                        [-48.6783942, -26.9826382, 1.0]
                    ],
                    [
                        [-48.6780434, -26.9813715, 1.0],
                        [-48.6772986, -26.9816584, 1.0],
                        [-48.6771725, -26.9817055, 1.0]
                    ],
                    [
                        [-48.6779807, -26.9874102, 1.0],
                        [-48.6773739, -26.9889691, 1.0]
                    ],
                    [
                        [-48.6773739, -26.9889691, 1.0],
                        [-48.6779715, -26.9891607, 1.0]
                    ],
                    [
                        [-48.6779715, -26.9891607, 1.0],
                        [-48.6777531, -26.9897412, 1.0]
                    ],
                    [
                        [-48.6777531, -26.9897412, 1.0],
                        [-48.6757355, -26.9891161, 1.0]
                    ],
                    [
                        [-48.6753571, -26.9883399, 1.0],
                        [-48.6773739, -26.9889691, 1.0]
                    ],
                    [
                        [-48.6771745, -26.9913931, 1.0],
                        [-48.6753988, -26.9908338, 1.0]
                    ],
                    [
                        [-48.6771725, -26.9817055, 1.0],
                        [-48.6766365, -26.9819038, 1.0],
                        [-48.676304, -26.9820284, 1.0]
                    ],
                    [
                        [-48.6753988, -26.9908338, 1.0],
                        [-48.6760479, -26.9904419, 1.0],
                        [-48.6769009, -26.9907095, 1.0]
                    ],
                    [
                        [-48.6669785, -26.9861562, 1.0],
                        [-48.6676326, -26.9854745, 1.0],
                        [-48.6677547, -26.98536, 1.0],
                        [-48.6678981, -26.9852445, 1.0],
                        [-48.6680985, -26.9851017, 1.0],
                        [-48.6684278, -26.9848857, 1.0],
                        [-48.66863, -26.98477, 1.0],
                        [-48.6688067, -26.984681, 1.0],
                        [-48.6690402, -26.9845886, 1.0],
                        [-48.6704016, -26.9841087, 1.0],
                        [-48.6706285, -26.9840176, 1.0],
                        [-48.6707895, -26.9839314, 1.0],
                        [-48.6709838, -26.983811, 1.0],
                        [-48.6711244, -26.9837296, 1.0],
                        [-48.6713198, -26.9836348, 1.0],
                        [-48.6715045, -26.9835629, 1.0],
                        [-48.6716959, -26.9835042, 1.0],
                        [-48.6721264, -26.9833946, 1.0],
                        [-48.6723874, -26.9833211, 1.0],
                        [-48.6726115, -26.9832475, 1.0],
                        [-48.675807, -26.9820719, 1.0],
                        [-48.6759139, -26.9820393, 1.0],
                        [-48.6760057, -26.982023, 1.0],
                        [-48.6761102, -26.9820116, 1.0],
                        [-48.676304, -26.9820284, 1.0]
                    ],
                    [
                        [-48.6759453, -26.9868284, 1.0],
                        [-48.6753571, -26.9883399, 1.0]
                    ],
                    [
                        [-48.6757355, -26.9891161, 1.0],
                        [-48.6751314, -26.9889294, 1.0]
                    ],
                    [
                        [-48.6745918, -26.9903054, 1.0],
                        [-48.675458, -26.9898188, 1.0],
                        [-48.6757355, -26.9891161, 1.0]
                    ],
                    [
                        [-48.6747097, -26.9911831, 1.0],
                        [-48.6753988, -26.9908338, 1.0]
                    ],
                    [
                        [-48.6753571, -26.9883399, 1.0],
                        [-48.6751314, -26.9889294, 1.0]
                    ],
                    [
                        [-48.6751314, -26.9889294, 1.0],
                        [-48.6746147, -26.9888146, 1.0]
                    ],
                    [
                        [-48.6751314, -26.9889294, 1.0],
                        [-48.6745918, -26.9903054, 1.0]
                    ],
                    [
                        [-48.6749073, -26.9874621, 1.0],
                        [-48.675008, -26.9874932, 1.0]
                    ],
                    [
                        [-48.6749073, -26.9874621, 1.0],
                        [-48.6752527, -26.9865754, 1.0],
                        [-48.6753533, -26.9866065, 1.0],
                        [-48.675008, -26.9874932, 1.0]
                    ],
                    [
                        [-48.675008, -26.9874932, 1.0],
                        [-48.6747105, -26.9882572, 1.0]
                    ],
                    [
                        [-48.6746521, -26.988117, 1.0],
                        [-48.6749073, -26.9874621, 1.0]
                    ],
                    [
                        [-48.6747105, -26.9882572, 1.0],
                        [-48.6746108, -26.9882232, 1.0]
                    ],
                    [
                        [-48.6747105, -26.9882572, 1.0],
                        [-48.6746148, -26.9885029, 1.0],
                        [-48.6745711, -26.9886528, 1.0]
                    ],
                    [
                        [-48.6747097, -26.9911831, 1.0],
                        [-48.6736931, -26.9908645, 1.0]
                    ],
                    [
                        [-48.6740256, -26.9879206, 1.0],
                        [-48.6746521, -26.988117, 1.0]
                    ],
                    [
                        [-48.6746108, -26.9882232, 1.0],
                        [-48.6746521, -26.988117, 1.0]
                    ],
                    [
                        [-48.6745711, -26.9886528, 1.0],
                        [-48.6745972, -26.9886794, 1.0],
                        [-48.6746155, -26.9887107, 1.0],
                        [-48.6746247, -26.988745, 1.0],
                        [-48.6746245, -26.9887804, 1.0],
                        [-48.6746147, -26.9888146, 1.0]
                    ],
                    [
                        [-48.6746147, -26.9888146, 1.0],
                        [-48.6745961, -26.9888456, 1.0],
                        [-48.6745697, -26.9888717, 1.0],
                        [-48.674537, -26.9888914, 1.0],
                        [-48.6745, -26.9889036, 1.0],
                        [-48.6744608, -26.9889076, 1.0]
                    ],
                    [
                        [-48.6740256, -26.9879206, 1.0],
                        [-48.6746112, -26.9864348, 1.0]
                    ],
                    [
                        [-48.6744622, -26.9886158, 1.0],
                        [-48.6745142, -26.9884718, 1.0],
                        [-48.6746108, -26.9882232, 1.0]
                    ],
                    [
                        [-48.6738863, -26.9903785, 1.0],
                        [-48.6742824, -26.9905032, 1.0],
                        [-48.6745918, -26.9903054, 1.0]
                    ],
                    [
                        [-48.6744622, -26.9886158, 1.0],
                        [-48.6745015, -26.9886201, 1.0],
                        [-48.6745385, -26.9886327, 1.0],
                        [-48.6745711, -26.9886528, 1.0]
                    ],
                    [
                        [-48.6743532, -26.9886527, 1.0],
                        [-48.6743858, -26.9886326, 1.0],
                        [-48.6744228, -26.9886201, 1.0],
                        [-48.6744622, -26.9886158, 1.0]
                    ],
                    [
                        [-48.6744608, -26.9889076, 1.0],
                        [-48.6744217, -26.9889031, 1.0],
                        [-48.6743852, -26.9888905, 1.0],
                        [-48.674353, -26.9888705, 1.0]
                    ],
                    [
                        [-48.6744608, -26.9889076, 1.0],
                        [-48.6744268, -26.988989, 1.0],
                        [-48.6738863, -26.9903785, 1.0]
                    ],
                    [
                        [-48.6738055, -26.9884911, 1.0],
                        [-48.6742035, -26.9886148, 1.0],
                        [-48.6743532, -26.9886527, 1.0]
                    ],
                    [
                        [-48.6742995, -26.9887445, 1.0],
                        [-48.6743087, -26.9887106, 1.0],
                        [-48.674327, -26.9886792, 1.0],
                        [-48.6743532, -26.9886527, 1.0]
                    ],
                    [
                        [-48.674353, -26.9888705, 1.0],
                        [-48.6743271, -26.9888443, 1.0],
                        [-48.6743089, -26.9888134, 1.0],
                        [-48.6742996, -26.9887794, 1.0],
                        [-48.6742995, -26.9887445, 1.0]
                    ],
                    [
                        [-48.6737837, -26.9903256, 1.0],
                        [-48.6743196, -26.9889557, 1.0],
                        [-48.674353, -26.9888705, 1.0]
                    ],
                    [
                        [-48.6742995, -26.9887445, 1.0],
                        [-48.6741753, -26.9886798, 1.0],
                        [-48.6737785, -26.9885592, 1.0]
                    ],
                    [
                        [-48.6714399, -26.98711, 1.0],
                        [-48.6740256, -26.9879206, 1.0]
                    ],
                    [
                        [-48.6738863, -26.9903785, 1.0],
                        [-48.6736931, -26.9908645, 1.0]
                    ],
                    [
                        [-48.6716293, -26.9878142, 1.0],
                        [-48.6738055, -26.9884911, 1.0]
                    ],
                    [
                        [-48.6738055, -26.9884911, 1.0],
                        [-48.6737785, -26.9885592, 1.0]
                    ],
                    [
                        [-48.6737837, -26.9903256, 1.0],
                        [-48.6731628, -26.9901278, 1.0]
                    ],
                    [
                        [-48.6736931, -26.9908645, 1.0],
                        [-48.6736616, -26.990945, 1.0],
                        [-48.6735545, -26.9909117, 1.0],
                        [-48.6737837, -26.9903256, 1.0]
                    ],
                    [
                        [-48.6737785, -26.9885592, 1.0],
                        [-48.6716079, -26.9878715, 1.0]
                    ],
                    [
                        [-48.6737785, -26.9885592, 1.0],
                        [-48.673569, -26.9890934, 1.0]
                    ],
                    [
                        [-48.673569, -26.9890934, 1.0],
                        [-48.671891, -26.9885787, 1.0],
                        [-48.6718528, -26.9885779, 1.0]
                    ],
                    [
                        [-48.673569, -26.9890934, 1.0],
                        [-48.6733645, -26.9896142, 1.0]
                    ],
                    [
                        [-48.6733645, -26.9896142, 1.0],
                        [-48.6721993, -26.9892601, 1.0],
                        [-48.6721361, -26.9892611, 1.0]
                    ],
                    [
                        [-48.6733645, -26.9896142, 1.0],
                        [-48.6731628, -26.9901278, 1.0]
                    ],
                    [
                        [-48.6731628, -26.9901278, 1.0],
                        [-48.6723981, -26.9898928, 1.0],
                        [-48.6721361, -26.9892611, 1.0]
                    ],
                    [
                        [-48.6721361, -26.9892611, 1.0],
                        [-48.6718528, -26.9885779, 1.0]
                    ],
                    [
                        [-48.6718528, -26.9885779, 1.0],
                        [-48.6716049, -26.9879804, 1.0],
                        [-48.6716079, -26.9878715, 1.0]
                    ],
                    [
                        [-48.6717997, -26.9903447, 1.0],
                        [-48.67182, -26.9901784, 1.0],
                        [-48.6707854, -26.9877219, 1.0],
                        [-48.6707882, -26.9876078, 1.0]
                    ],
                    [
                        [-48.6708018, -26.9875604, 1.0],
                        [-48.6716293, -26.9878142, 1.0]
                    ],
                    [
                        [-48.6714399, -26.98711, 1.0],
                        [-48.6716719, -26.9876478, 1.0],
                        [-48.6716638, -26.98774, 1.0],
                        [-48.6716293, -26.9878142, 1.0]
                    ],
                    [
                        [-48.6716079, -26.9878715, 1.0],
                        [-48.6716293, -26.9878142, 1.0]
                    ],
                    [
                        [-48.6716079, -26.9878715, 1.0],
                        [-48.6707882, -26.9876078, 1.0]
                    ],
                    [
                        [-48.6711566, -26.9864294, 1.0],
                        [-48.6714399, -26.98711, 1.0]
                    ],
                    [
                        [-48.6684213, -26.9867253, 1.0],
                        [-48.6708018, -26.9875604, 1.0]
                    ],
                    [
                        [-48.6705876, -26.9867792, 1.0],
                        [-48.6708158, -26.9874092, 1.0],
                        [-48.6708199, -26.9874833, 1.0],
                        [-48.6708018, -26.9875604, 1.0]
                    ],
                    [
                        [-48.6708018, -26.9875604, 1.0],
                        [-48.6707882, -26.9876078, 1.0]
                    ],
                    [
                        [-48.6707882, -26.9876078, 1.0],
                        [-48.6695094, -26.9871697, 1.0],
                        [-48.6683926, -26.9867907, 1.0]
                    ],
                    [
                        [-48.6704385, -26.9862794, 1.0],
                        [-48.6692129, -26.985849, 1.0],
                        [-48.6687459, -26.9862278, 1.0]
                    ],
                    [
                        [-48.6698422, -26.9866409, 1.0],
                        [-48.6687459, -26.9862278, 1.0]
                    ],
                    [
                        [-48.6687459, -26.9862278, 1.0],
                        [-48.6685354, -26.9863993, 1.0],
                        [-48.6684597, -26.986652, 1.0],
                        [-48.6684213, -26.9867253, 1.0]
                    ],
                    [
                        [-48.6669785, -26.9861562, 1.0],
                        [-48.6673151, -26.9863008, 1.0],
                        [-48.6684213, -26.9867253, 1.0]
                    ],
                    [
                        [-48.6683926, -26.9867907, 1.0],
                        [-48.6684213, -26.9867253, 1.0]
                    ],
                    [
                        [-48.6683926, -26.9867907, 1.0],
                        [-48.6672866, -26.9863647, 1.0],
                        [-48.6669164, -26.9862201, 1.0]
                    ],
                    [
                        [-48.6663314, -26.9869516, 1.0],
                        [-48.6663899, -26.9870074, 1.0],
                        [-48.6664416, -26.9869415, 1.0],
                        [-48.6665905, -26.9868101, 1.0],
                        [-48.6668767, -26.9866246, 1.0],
                        [-48.6669043, -26.9865723, 1.0],
                        [-48.6669754, -26.9864671, 1.0],
                        [-48.6676014, -26.9866769, 1.0],
                        [-48.6677277, -26.9867193, 1.0]
                    ],
                    [
                        [-48.6669164, -26.9862201, 1.0],
                        [-48.6669785, -26.9861562, 1.0]
                    ],
                    [
                        [-48.6663314, -26.9869516, 1.0],
                        [-48.6669164, -26.9862201, 1.0]
                    ],
                    [
                        [-48.6628877, -26.991304, 1.0],
                        [-48.6632515, -26.9908191, 1.0],
                        [-48.663372, -26.9906516, 1.0],
                        [-48.6640425, -26.9897835, 1.0],
                        [-48.664128, -26.9896701, 1.0],
                        [-48.6648848, -26.9887222, 1.0],
                        [-48.6650748, -26.9884835, 1.0],
                        [-48.6652345, -26.9882914, 1.0],
                        [-48.6653996, -26.9880971, 1.0],
                        [-48.6656984, -26.9877678, 1.0],
                        [-48.6657791, -26.9876717, 1.0],
                        [-48.6659978, -26.9873729, 1.0],
                        [-48.6661955, -26.9871191, 1.0],
                        [-48.6662587, -26.9870413, 1.0],
                        [-48.6663314, -26.9869516, 1.0]
                    ],
                    [
                        [-48.6547545, -26.9969857, 1.0],
                        [-48.6548967, -26.9969421, 1.0],
                        [-48.6559573, -26.9966074, 1.0],
                        [-48.656198, -26.9965208, 1.0],
                        [-48.6564619, -26.9964204, 1.0],
                        [-48.6567715, -26.9962884, 1.0],
                        [-48.6570364, -26.9961661, 1.0],
                        [-48.6572533, -26.9960572, 1.0],
                        [-48.6574154, -26.9959659, 1.0],
                        [-48.6575511, -26.9958793, 1.0],
                        [-48.6576973, -26.9957824, 1.0],
                        [-48.657823, -26.9956895, 1.0],
                        [-48.6579448, -26.9955949, 1.0],
                        [-48.6584213, -26.9952135, 1.0],
                        [-48.6593857, -26.9944438, 1.0],
                        [-48.6595931, -26.9942764, 1.0],
                        [-48.6596833, -26.9942066, 1.0],
                        [-48.6597562, -26.9941511, 1.0],
                        [-48.6598794, -26.9940651, 1.0],
                        [-48.6600433, -26.9939623, 1.0],
                        [-48.6603251, -26.9938001, 1.0],
                        [-48.660451, -26.9937209, 1.0],
                        [-48.6606125, -26.9936103, 1.0],
                        [-48.6608479, -26.9934307, 1.0],
                        [-48.6611769, -26.9931625, 1.0],
                        [-48.6614228, -26.992942, 1.0],
                        [-48.6615774, -26.9927975, 1.0],
                        [-48.6619697, -26.9923922, 1.0],
                        [-48.6622133, -26.9921207, 1.0],
                        [-48.6624833, -26.9918042, 1.0],
                        [-48.6627935, -26.9914263, 1.0]
                    ],
                    [
                        [-48.6580638, -27.0099778, 1.0],
                        [-48.658301, -27.0102615, 1.0]
                    ],
                    [
                        [-48.6576249, -27.0096494, 1.0],
                        [-48.6580638, -27.0099778, 1.0]
                    ],
                    [
                        [-48.6580638, -27.0099778, 1.0],
                        [-48.6581469, -27.0098834, 1.0],
                        [-48.6583695, -27.0096325, 1.0],
                        [-48.6586511, -27.0093385, 1.0],
                        [-48.658942, -27.0090709, 1.0],
                        [-48.6593614, -27.0093826, 1.0],
                        [-48.6593081, -27.0094388, 1.0],
                        [-48.6586, -27.0101855, 1.0],
                        [-48.6585674, -27.0102199, 1.0],
                        [-48.6584715, -27.0103204, 1.0],
                        [-48.658385, -27.0104233, 1.0],
                        [-48.6582524, -27.0105788, 1.0],
                        [-48.6578305, -27.0110525, 1.0],
                        [-48.6576617, -27.0112421, 1.0]
                    ],
                    [
                        [-48.6572239, -27.0109056, 1.0],
                        [-48.6580638, -27.0099778, 1.0]
                    ],
                    [
                        [-48.6572239, -27.0109056, 1.0],
                        [-48.6576617, -27.0112421, 1.0]
                    ],
                    [
                        [-48.6565025, -27.0125101, 1.0],
                        [-48.6565479, -27.0124604, 1.0],
                        [-48.6576617, -27.0112421, 1.0]
                    ],
                    [
                        [-48.6576249, -27.0096494, 1.0],
                        [-48.6575352, -27.0096031, 1.0],
                        [-48.6574283, -27.0095787, 1.0],
                        [-48.6573221, -27.0095811, 1.0],
                        [-48.6568017, -27.0095954, 1.0],
                        [-48.6566918, -27.0095859, 1.0],
                        [-48.6566006, -27.0095691, 1.0],
                        [-48.6565509, -27.0095476, 1.0],
                        [-48.6564906, -27.009519, 1.0],
                        [-48.6563868, -27.0094678, 1.0],
                        [-48.6556363, -27.0089084, 1.0],
                        [-48.6555987, -27.0095942, 1.0],
                        [-48.655624, -27.0096628, 1.0],
                        [-48.6556765, -27.0097161, 1.0],
                        [-48.6568178, -27.0105934, 1.0]
                    ],
                    [
                        [-48.6576249, -27.0096494, 1.0],
                        [-48.6573074, -27.0100292, 1.0],
                        [-48.6568178, -27.0105934, 1.0]
                    ],
                    [
                        [-48.6568178, -27.0105934, 1.0],
                        [-48.6572239, -27.0109056, 1.0]
                    ],
                    [
                        [-48.6563069, -27.0119225, 1.0],
                        [-48.6572239, -27.0109056, 1.0]
                    ],
                    [
                        [-48.6568178, -27.0105934, 1.0],
                        [-48.6559058, -27.0115899, 1.0],
                        [-48.6563069, -27.0119225, 1.0]
                    ],
                    [
                        [-48.6565025, -27.0125101, 1.0],
                        [-48.6567002, -27.0126502, 1.0]
                    ],
                    [
                        [-48.6563069, -27.0119225, 1.0],
                        [-48.6560621, -27.0121976, 1.0],
                        [-48.6563476, -27.0124002, 1.0],
                        [-48.6565025, -27.0125101, 1.0]
                    ],
                    [
                        [-48.6559933, -26.9980028, 1.0],
                        [-48.6559066, -26.997938, 1.0],
                        [-48.65574, -26.9978136, 1.0],
                        [-48.6552567, -26.9974526, 1.0],
                        [-48.6551524, -26.9973746, 1.0],
                        [-48.6549313, -26.9972095, 1.0]
                    ],
                    [
                        [-48.6549313, -26.9972095, 1.0],
                        [-48.6546322, -26.9971546, 1.0],
                        [-48.6543546, -26.9971097, 1.0]
                    ],
                    [
                        [-48.6547545, -26.9969857, 1.0],
                        [-48.6549313, -26.9972095, 1.0]
                    ],
                    [
                        [-48.6531742, -27.0161509, 1.0],
                        [-48.6536327, -27.0156493, 1.0],
                        [-48.6537005, -27.0155751, 1.0],
                        [-48.6541371, -27.0150976, 1.0],
                        [-48.654401, -27.0148089, 1.0],
                        [-48.6547839, -27.01439, 1.0]
                    ],
                    [
                        [-48.6547545, -26.9969857, 1.0],
                        [-48.6543546, -26.9971097, 1.0]
                    ],
                    [
                        [-48.6543546, -26.9971097, 1.0],
                        [-48.6524713, -26.9976883, 1.0],
                        [-48.6523305, -26.9977241, 1.0],
                        [-48.652183119089543, -26.997751942937171, 1.0]
                    ],
                    [
                        [-48.6475184, -27.0006284, 1.0],
                        [-48.6481033, -27.0010169, 1.0],
                        [-48.6499606, -27.0022508, 1.0],
                        [-48.6503658, -27.00252, 1.0]
                    ],
                    [
                        [-48.650181, -27.0027291, 1.0],
                        [-48.6492929, -27.0021407, 1.0],
                        [-48.6484595, -27.0015884, 1.0]
                    ],
                    [
                        [-48.6481697, -27.0019495, 1.0],
                        [-48.6486489, -27.0022694, 1.0],
                        [-48.6498423, -27.0030661, 1.0]
                    ],
                    [
                        [-48.6478599, -27.002333, 1.0],
                        [-48.6494809, -27.0034335, 1.0]
                    ],
                    [
                        [-48.6489724, -27.0039885, 1.0],
                        [-48.6474233, -27.0029462, 1.0],
                        [-48.6473645, -27.0029066, 1.0]
                    ],
                    [
                        [-48.6475063, -27.0036415, 1.0],
                        [-48.6475978, -27.0037038, 1.0],
                        [-48.6485714, -27.0043661, 1.0]
                    ],
                    [
                        [-48.6484993, -27.004413, 1.0],
                        [-48.6476849, -27.0049427, 1.0]
                    ],
                    [
                        [-48.6484595, -27.0015884, 1.0],
                        [-48.6477227, -27.0011002, 1.0],
                        [-48.6473358, -27.0008438, 1.0]
                    ],
                    [
                        [-48.6481697, -27.0019495, 1.0],
                        [-48.6484595, -27.0015884, 1.0]
                    ],
                    [
                        [-48.6483568, -27.0109545, 1.0],
                        [-48.6482249, -27.0108714, 1.0],
                        [-48.6479901, -27.0107233, 1.0]
                    ],
                    [
                        [-48.6465127, -27.0008658, 1.0],
                        [-48.64665, -27.0009545, 1.0],
                        [-48.6475356, -27.0015268, 1.0],
                        [-48.6481697, -27.0019495, 1.0]
                    ],
                    [
                        [-48.6478599, -27.002333, 1.0],
                        [-48.6481697, -27.0019495, 1.0]
                    ],
                    [
                        [-48.6479901, -27.0107233, 1.0],
                        [-48.648096, -27.0105788, 1.0],
                        [-48.6481516, -27.0105035, 1.0]
                    ],
                    [
                        [-48.6473721, -27.0103337, 1.0],
                        [-48.6471783, -27.0106508, 1.0],
                        [-48.6471525, -27.0106986, 1.0],
                        [-48.6474375, -27.0108918, 1.0],
                        [-48.6481098, -27.011323, 1.0]
                    ],
                    [
                        [-48.6479901, -27.0107233, 1.0],
                        [-48.6473721, -27.0103337, 1.0]
                    ],
                    [
                        [-48.6475404, -27.0071433, 1.0],
                        [-48.6478884, -27.0081635, 1.0]
                    ],
                    [
                        [-48.6465825, -27.0014812, 1.0],
                        [-48.6478599, -27.002333, 1.0]
                    ],
                    [
                        [-48.6473645, -27.0029066, 1.0],
                        [-48.6475295, -27.0027339, 1.0],
                        [-48.6478009, -27.0024048, 1.0],
                        [-48.6478599, -27.002333, 1.0]
                    ],
                    [
                        [-48.6476849, -27.0049427, 1.0],
                        [-48.6474741, -27.0037681, 1.0],
                        [-48.6474737, -27.0037111, 1.0],
                        [-48.6474878, -27.0036629, 1.0],
                        [-48.6475063, -27.0036415, 1.0]
                    ],
                    [
                        [-48.6476849, -27.0049427, 1.0],
                        [-48.6473998, -27.0052291, 1.0],
                        [-48.6473131, -27.0053198, 1.0],
                        [-48.6472653, -27.0053802, 1.0],
                        [-48.6472363, -27.0054398, 1.0],
                        [-48.6472191, -27.0055115, 1.0],
                        [-48.6472151, -27.0055759, 1.0],
                        [-48.6472154, -27.0056225, 1.0],
                        [-48.6472185, -27.0056691, 1.0]
                    ],
                    [
                        [-48.6476849, -27.0049427, 1.0],
                        [-48.647326, -27.0051567, 1.0],
                        [-48.6472762, -27.0051797, 1.0],
                        [-48.6472257, -27.0051827, 1.0],
                        [-48.6471896, -27.0051774, 1.0],
                        [-48.6471554, -27.0051656, 1.0],
                        [-48.6471247, -27.0051479, 1.0],
                        [-48.6470986, -27.005125, 1.0],
                        [-48.6470634, -27.005099, 1.0]
                    ],
                    [
                        [-48.6473721, -27.0103337, 1.0],
                        [-48.6474784, -27.0101229, 1.0],
                        [-48.6475515, -27.0098899, 1.0]
                    ],
                    [
                        [-48.6474034, -27.0066762, 1.0],
                        [-48.6475404, -27.0071433, 1.0]
                    ],
                    [
                        [-48.6475404, -27.0071433, 1.0],
                        [-48.647353, -27.0071902, 1.0],
                        [-48.647172, -27.0072384, 1.0]
                    ],
                    [
                        [-48.6463867, -26.9998832, 1.0],
                        [-48.646579, -27.0000043, 1.0],
                        [-48.6475184, -27.0006284, 1.0]
                    ],
                    [
                        [-48.6475184, -27.0006284, 1.0],
                        [-48.6473358, -27.0008438, 1.0]
                    ],
                    [
                        [-48.6469592, -27.0032694, 1.0],
                        [-48.6470275, -27.0033159, 1.0],
                        [-48.6473131, -27.0035076, 1.0],
                        [-48.6473806, -27.003556, 1.0],
                        [-48.6475063, -27.0036415, 1.0]
                    ],
                    [
                        [-48.6473721, -27.0103337, 1.0],
                        [-48.6470774, -27.0101478, 1.0]
                    ],
                    [
                        [-48.6469592, -27.0032694, 1.0],
                        [-48.6470191, -27.0032142, 1.0],
                        [-48.6471143, -27.0031264, 1.0],
                        [-48.6472787, -27.002982, 1.0],
                        [-48.6473645, -27.0029066, 1.0]
                    ],
                    [
                        [-48.6473358, -27.0008438, 1.0],
                        [-48.6465729, -27.0003382, 1.0],
                        [-48.6464089, -27.0002379, 1.0],
                        [-48.6463867, -26.9998832, 1.0]
                    ],
                    [
                        [-48.647172, -27.0072384, 1.0],
                        [-48.6469014, -27.0064285, 1.0]
                    ],
                    [
                        [-48.6470774, -27.0101478, 1.0],
                        [-48.6473734, -27.0092865, 1.0],
                        [-48.647414, -27.00911, 1.0],
                        [-48.6474326, -27.0089438, 1.0],
                        [-48.6474352, -27.0087487, 1.0],
                        [-48.6474368, -27.0086635, 1.0],
                        [-48.6474352, -27.0085479, 1.0],
                        [-48.6474122, -27.0081305, 1.0],
                        [-48.6474016, -27.0080245, 1.0],
                        [-48.647389, -27.007947, 1.0],
                        [-48.647172, -27.0072384, 1.0]
                    ],
                    [
                        [-48.6470774, -27.0101478, 1.0],
                        [-48.646883, -27.0100253, 1.0]
                    ],
                    [
                        [-48.6468343, -27.003146, 1.0],
                        [-48.6468605, -27.0031951, 1.0],
                        [-48.6468955, -27.0032284, 1.0],
                        [-48.6469592, -27.0032694, 1.0]
                    ],
                    [
                        [-48.6468331, -27.0034422, 1.0],
                        [-48.6468574, -27.0033872, 1.0],
                        [-48.6468772, -27.0033496, 1.0],
                        [-48.6469067, -27.0033134, 1.0],
                        [-48.6469592, -27.0032694, 1.0]
                    ],
                    [
                        [-48.6466308, -27.0021256, 1.0],
                        [-48.6464176, -27.0020546, 1.0],
                        [-48.6462848, -27.0019853, 1.0],
                        [-48.6459898, -27.0017965, 1.0],
                        [-48.6459187, -27.0017463, 1.0],
                        [-48.6458704, -27.0015527, 1.0],
                        [-48.6458194, -27.0015312, 1.0],
                        [-48.6456585, -27.001677, 1.0]
                    ],
                    [
                        [-48.646418415026154, -26.999710700163106, 1.0],
                        [-48.6463973, -26.9997834, 1.0],
                        [-48.6463867, -26.9998832, 1.0]
                    ]
                ]
            }
        },
        {
            "type": "Feature",
            "properties": {
                "SETOR": "T02",
                "FREQUENCIA": "SEG - QUA - SEX",
                "TURNO": "TARDE",
                "HORARIO": "14:20 ÀS 22:35",
                "OPERACAO": "DOMICILIAR",
                "FILIAL": "CAMBORIÚ"
            },
            "geometry": {
                "type": "MultiLineString",
                "coordinates": [
                    [
                        [-48.6597601, -27.038606, 1.0],
                        [-48.6601495, -27.0384953, 1.0],
                        [-48.6600784, -27.0381596, 1.0]
                    ],
                    [
                        [-48.6597601, -27.038606, 1.0],
                        [-48.6597107, -27.0384639, 1.0],
                        [-48.659589, -27.0381677, 1.0],
                        [-48.6594489, -27.0378295, 1.0],
                        [-48.6593245, -27.0375668, 1.0],
                        [-48.6592473, -27.0374044, 1.0],
                        [-48.6591171, -27.0371298, 1.0]
                    ],
                    [
                        [-48.6585533, -27.0391926, 1.0],
                        [-48.6598111, -27.0390014, 1.0],
                        [-48.6598029, -27.0388701, 1.0],
                        [-48.6597898, -27.0387567, 1.0],
                        [-48.6597764, -27.0386738, 1.0],
                        [-48.6597601, -27.038606, 1.0]
                    ],
                    [
                        [-48.6591171, -27.0371298, 1.0],
                        [-48.6589537, -27.0367851, 1.0],
                        [-48.6589043, -27.0366687, 1.0],
                        [-48.6588768, -27.0365867, 1.0],
                        [-48.6588543, -27.0365032, 1.0],
                        [-48.6587164, -27.0359941, 1.0]
                    ],
                    [
                        [-48.6591171, -27.0371298, 1.0],
                        [-48.6583603, -27.0371947, 1.0],
                        [-48.6585533, -27.0391926, 1.0]
                    ],
                    [
                        [-48.658888, -27.0359341, 1.0],
                        [-48.6588633, -27.0359763, 1.0],
                        [-48.6588196, -27.0360036, 1.0],
                        [-48.6587667, -27.0360101, 1.0],
                        [-48.6587164, -27.0359941, 1.0]
                    ],
                    [
                        [-48.6587164, -27.0359941, 1.0],
                        [-48.6586702, -27.0358222, 1.0],
                        [-48.658643, -27.0357369, 1.0],
                        [-48.6586135, -27.0356686, 1.0],
                        [-48.65857, -27.0355897, 1.0],
                        [-48.658525, -27.0355257, 1.0],
                        [-48.6584774, -27.0354725, 1.0],
                        [-48.6584244, -27.0354289, 1.0],
                        [-48.6583371, -27.0353727, 1.0],
                        [-48.6581346, -27.0352495, 1.0],
                        [-48.6578601, -27.035088, 1.0],
                        [-48.6574723, -27.0348552, 1.0],
                        [-48.6570127, -27.0345793, 1.0],
                        [-48.6569433, -27.0345391, 1.0]
                    ],
                    [
                        [-48.6574068, -27.0390802, 1.0],
                        [-48.6577778, -27.0391706, 1.0],
                        [-48.6579205, -27.0391971, 1.0],
                        [-48.6581064, -27.0392223, 1.0],
                        [-48.6582328, -27.0392264, 1.0],
                        [-48.6583892, -27.0392183, 1.0],
                        [-48.6585533, -27.0391926, 1.0]
                    ],
                    [
                        [-48.6581495, -27.0372128, 1.0],
                        [-48.6572243, -27.0372922, 1.0]
                    ],
                    [
                        [-48.6562714, -27.0387934, 1.0],
                        [-48.6574068, -27.0390802, 1.0]
                    ],
                    [
                        [-48.6574068, -27.0390802, 1.0],
                        [-48.6572243, -27.0372922, 1.0]
                    ],
                    [
                        [-48.6572243, -27.0372922, 1.0],
                        [-48.6570791, -27.0369475, 1.0],
                        [-48.6569329, -27.0348227, 1.0],
                        [-48.6569433, -27.0345391, 1.0]
                    ],
                    [
                        [-48.6572243, -27.0372922, 1.0],
                        [-48.6561041, -27.0373883, 1.0]
                    ],
                    [
                        [-48.6569433, -27.0345391, 1.0],
                        [-48.6568566, -27.0344977, 1.0],
                        [-48.6567778, -27.0344664, 1.0],
                        [-48.6567086, -27.0344434, 1.0],
                        [-48.6566228, -27.034417, 1.0],
                        [-48.6565307, -27.0343934, 1.0],
                        [-48.6564736, -27.0343823, 1.0],
                        [-48.6563799, -27.0343715, 1.0],
                        [-48.6563052, -27.0343701, 1.0],
                        [-48.656228, -27.034372, 1.0],
                        [-48.6561621, -27.0343763, 1.0],
                        [-48.6560779, -27.0343857, 1.0],
                        [-48.6559555, -27.0344054, 1.0],
                        [-48.6558389, -27.0344237, 1.0]
                    ],
                    [
                        [-48.6556627, -27.0386334, 1.0],
                        [-48.6562714, -27.0387934, 1.0]
                    ],
                    [
                        [-48.6562714, -27.0387934, 1.0],
                        [-48.6561041, -27.0373883, 1.0]
                    ],
                    [
                        [-48.6561041, -27.0373883, 1.0],
                        [-48.6559379, -27.036088, 1.0]
                    ],
                    [
                        [-48.6558389, -27.0344237, 1.0],
                        [-48.6558326, -27.0343653, 1.0],
                        [-48.6557844, -27.0339169, 1.0]
                    ],
                    [
                        [-48.6558389, -27.0344237, 1.0],
                        [-48.6557868, -27.0344256, 1.0],
                        [-48.6557185, -27.0344243, 1.0],
                        [-48.6555158, -27.0344204, 1.0],
                        [-48.6553131, -27.0344165, 1.0],
                        [-48.6551374, -27.0344034, 1.0],
                        [-48.6550502, -27.0343974, 1.0],
                        [-48.6549765, -27.034401, 1.0],
                        [-48.6549027, -27.0344081, 1.0],
                        [-48.6548062, -27.0344225, 1.0],
                        [-48.6547244, -27.0344452, 1.0],
                        [-48.6544923, -27.0345192, 1.0]
                    ],
                    [
                        [-48.6556627, -27.0386334, 1.0],
                        [-48.6556859, -27.0387049, 1.0],
                        [-48.6557168, -27.0388076, 1.0],
                        [-48.6557604, -27.0389456, 1.0],
                        [-48.6557718, -27.0389868, 1.0],
                        [-48.6557778, -27.0390298, 1.0],
                        [-48.6557765, -27.0390979, 1.0],
                        [-48.6557963, -27.0394277, 1.0],
                        [-48.6558013, -27.039464, 1.0],
                        [-48.65581, -27.0394969, 1.0],
                        [-48.6558187, -27.0395375, 1.0],
                        [-48.6558247, -27.0395644, 1.0],
                        [-48.6558348, -27.0396092, 1.0],
                        [-48.6558495, -27.0396713, 1.0],
                        [-48.655871, -27.0397274, 1.0],
                        [-48.6558884, -27.0397752, 1.0],
                        [-48.6559045, -27.0398457, 1.0],
                        [-48.6558992, -27.0398994, 1.0],
                        [-48.6558858, -27.0399532, 1.0],
                        [-48.6558656, -27.0400332, 1.0],
                        [-48.6558133, -27.0401658, 1.0]
                    ],
                    [
                        [-48.6523122, -27.0363068, 1.0],
                        [-48.6523408, -27.0363547, 1.0],
                        [-48.6523796, -27.036404, 1.0],
                        [-48.6524252, -27.0364408, 1.0],
                        [-48.6524736, -27.0364666, 1.0],
                        [-48.6525329, -27.0364893, 1.0],
                        [-48.6527805, -27.0365457, 1.0],
                        [-48.6528847, -27.0365715, 1.0],
                        [-48.6529933, -27.0366013, 1.0],
                        [-48.6531156, -27.0366437, 1.0],
                        [-48.6531966, -27.036679, 1.0],
                        [-48.653269, -27.0367163, 1.0],
                        [-48.6536313, -27.0369191, 1.0],
                        [-48.6537227, -27.036969, 1.0],
                        [-48.6537914, -27.0370184, 1.0],
                        [-48.6538526, -27.0370764, 1.0],
                        [-48.6539066, -27.0371407, 1.0],
                        [-48.6539488, -27.0372196, 1.0],
                        [-48.654036, -27.0374181, 1.0],
                        [-48.6540682, -27.037494, 1.0],
                        [-48.6541023, -27.0375554, 1.0],
                        [-48.6541436, -27.0376255, 1.0],
                        [-48.654249, -27.0377735, 1.0],
                        [-48.6542841, -27.037829, 1.0],
                        [-48.6543078, -27.0378948, 1.0],
                        [-48.6543188, -27.0379677, 1.0],
                        [-48.6543005, -27.0382796, 1.0],
                        [-48.6556627, -27.0386334, 1.0]
                    ],
                    [
                        [-48.6549923, -27.0432588, 1.0],
                        [-48.6547672, -27.0424684, 1.0],
                        [-48.6538206, -27.0426357, 1.0]
                    ],
                    [
                        [-48.6544923, -27.0345192, 1.0],
                        [-48.6545269, -27.0349385, 1.0]
                    ],
                    [
                        [-48.6544923, -27.0345192, 1.0],
                        [-48.6542818, -27.0345754, 1.0]
                    ],
                    [
                        [-48.6542818, -27.0345754, 1.0],
                        [-48.6543207, -27.0351451, 1.0]
                    ],
                    [
                        [-48.6542818, -27.0345754, 1.0],
                        [-48.654204, -27.0345897, 1.0],
                        [-48.6541262, -27.0346005, 1.0],
                        [-48.6540632, -27.0346052, 1.0],
                        [-48.6539881, -27.0346064, 1.0],
                        [-48.6537398, -27.0345991, 1.0],
                        [-48.6534584, -27.0345909, 1.0],
                        [-48.6532961, -27.0345837, 1.0]
                    ],
                    [
                        [-48.654092, -27.0351352, 1.0],
                        [-48.653379, -27.0351903, 1.0]
                    ],
                    [
                        [-48.6540216, -27.0409112, 1.0],
                        [-48.6539117, -27.0407153, 1.0],
                        [-48.6538419, -27.0405887, 1.0],
                        [-48.6537977, -27.0405301, 1.0],
                        [-48.6537708, -27.0404967, 1.0],
                        [-48.6537266, -27.040462, 1.0],
                        [-48.6536756, -27.0404298, 1.0],
                        [-48.6536059, -27.0403844, 1.0],
                        [-48.6535241, -27.0403486, 1.0]
                    ],
                    [
                        [-48.6538206, -27.0426357, 1.0],
                        [-48.6536933, -27.0418831, 1.0]
                    ],
                    [
                        [-48.6535067, -27.0446298, 1.0],
                        [-48.6538619, -27.0445865, 1.0],
                        [-48.6539003, -27.0445657, 1.0],
                        [-48.6539327, -27.0445395, 1.0],
                        [-48.653945, -27.0445023, 1.0],
                        [-48.6539443, -27.0444606, 1.0],
                        [-48.6538738, -27.0439666, 1.0],
                        [-48.6538652, -27.0438688, 1.0],
                        [-48.6538647, -27.043799, 1.0],
                        [-48.6538689, -27.0437604, 1.0],
                        [-48.6538794, -27.0437232, 1.0],
                        [-48.6539178, -27.0436145, 1.0],
                        [-48.653934, -27.0435603, 1.0],
                        [-48.6539401, -27.04351, 1.0],
                        [-48.653938, -27.0434532, 1.0],
                        [-48.6539223, -27.0433435, 1.0],
                        [-48.6538206, -27.0426357, 1.0]
                    ],
                    [
                        [-48.6538206, -27.0426357, 1.0],
                        [-48.6532003, -27.0427433, 1.0]
                    ],
                    [
                        [-48.6535241, -27.0403486, 1.0],
                        [-48.6536595, -27.0405648, 1.0],
                        [-48.6537185, -27.0406794, 1.0],
                        [-48.6537507, -27.0407869, 1.0],
                        [-48.6537829, -27.0411214, 1.0]
                    ],
                    [
                        [-48.653379, -27.0351903, 1.0],
                        [-48.6536033, -27.0358485, 1.0]
                    ],
                    [
                        [-48.6535241, -27.0403486, 1.0],
                        [-48.6534289, -27.0403103, 1.0],
                        [-48.6533283, -27.0402685, 1.0],
                        [-48.6532465, -27.0402375, 1.0],
                        [-48.6531807, -27.0402184, 1.0],
                        [-48.653103, -27.0401969, 1.0],
                        [-48.652993, -27.0401777, 1.0],
                        [-48.6527328, -27.0401347, 1.0],
                        [-48.6525089, -27.0400905, 1.0],
                        [-48.6523975, -27.0400714, 1.0],
                        [-48.6522822, -27.0400559, 1.0],
                        [-48.6521749, -27.040038, 1.0],
                        [-48.6522831, -27.0405045, 1.0],
                        [-48.6523182, -27.0407036, 1.0],
                        [-48.6523499, -27.0409447, 1.0],
                        [-48.6524126, -27.0414059, 1.0],
                        [-48.6525564, -27.0423214, 1.0],
                        [-48.6525639, -27.0424223, 1.0],
                        [-48.6525617, -27.0425338, 1.0],
                        [-48.6525642, -27.0425996, 1.0],
                        [-48.6525992, -27.0428528, 1.0]
                    ],
                    [
                        [-48.6532003, -27.0427433, 1.0],
                        [-48.6535067, -27.0446298, 1.0]
                    ],
                    [
                        [-48.6528863, -27.0447053, 1.0],
                        [-48.6535067, -27.0446298, 1.0]
                    ],
                    [
                        [-48.653379, -27.0351903, 1.0],
                        [-48.6532961, -27.0345837, 1.0]
                    ],
                    [
                        [-48.6532961, -27.0345837, 1.0],
                        [-48.6528091, -27.0345469, 1.0],
                        [-48.652545, -27.0345485, 1.0]
                    ],
                    [
                        [-48.6531616, -27.042505, 1.0],
                        [-48.6532003, -27.0427433, 1.0]
                    ],
                    [
                        [-48.6532003, -27.0427433, 1.0],
                        [-48.6525992, -27.0428528, 1.0]
                    ],
                    [
                        [-48.65266, -27.035278, 1.0],
                        [-48.6527251, -27.0356425, 1.0],
                        [-48.6530412, -27.0356033, 1.0]
                    ],
                    [
                        [-48.65266, -27.035278, 1.0],
                        [-48.652947, -27.0352463, 1.0]
                    ],
                    [
                        [-48.6525992, -27.0428528, 1.0],
                        [-48.6528863, -27.0447053, 1.0]
                    ],
                    [
                        [-48.6522641, -27.0447917, 1.0],
                        [-48.6523829, -27.0447666, 1.0],
                        [-48.6528863, -27.0447053, 1.0]
                    ],
                    [
                        [-48.652545, -27.0345485, 1.0],
                        [-48.65266, -27.035278, 1.0]
                    ],
                    [
                        [-48.6525992, -27.0428528, 1.0],
                        [-48.6519791, -27.0429711, 1.0]
                    ],
                    [
                        [-48.652545, -27.0345485, 1.0],
                        [-48.6522504, -27.0345375, 1.0],
                        [-48.6520718, -27.0345367, 1.0]
                    ],
                    [
                        [-48.6522205, -27.0355999, 1.0],
                        [-48.6523122, -27.0363068, 1.0]
                    ],
                    [
                        [-48.6523122, -27.0363068, 1.0],
                        [-48.6522853, -27.0363864, 1.0],
                        [-48.6522512, -27.036448, 1.0],
                        [-48.6521875, -27.0365275, 1.0],
                        [-48.6521262, -27.036607, 1.0],
                        [-48.6520404, -27.0367186, 1.0],
                        [-48.6519775, -27.0368195, 1.0],
                        [-48.6519365, -27.0368982, 1.0],
                        [-48.6518101, -27.0372058, 1.0],
                        [-48.6517324, -27.0374077, 1.0],
                        [-48.6516601, -27.0375834, 1.0],
                        [-48.6516285, -27.0376453, 1.0],
                        [-48.6515666, -27.0377498, 1.0],
                        [-48.6515044, -27.037815, 1.0],
                        [-48.6514809, -27.0378437, 1.0],
                        [-48.6514507, -27.0378867, 1.0],
                        [-48.6514279, -27.0379237, 1.0],
                        [-48.651396, -27.037971, 1.0]
                    ],
                    [
                        [-48.6519791, -27.0429711, 1.0],
                        [-48.6522641, -27.0447917, 1.0]
                    ],
                    [
                        [-48.6522641, -27.0447917, 1.0],
                        [-48.6518513, -27.0449651, 1.0],
                        [-48.6517675, -27.0449282, 1.0],
                        [-48.6516797, -27.0449052, 1.0],
                        [-48.6515843, -27.0448897, 1.0],
                        [-48.651435, -27.0448758, 1.0],
                        [-48.6513212, -27.0448653, 1.0],
                        [-48.6511441, -27.044842, 1.0],
                        [-48.6510538, -27.0448269, 1.0]
                    ],
                    [
                        [-48.6520718, -27.0345367, 1.0],
                        [-48.6522205, -27.0355999, 1.0]
                    ],
                    [
                        [-48.6522205, -27.0355999, 1.0],
                        [-48.6513958, -27.0360594, 1.0]
                    ],
                    [
                        [-48.6520718, -27.0345367, 1.0],
                        [-48.6517283, -27.0345238, 1.0],
                        [-48.6515835, -27.0346494, 1.0],
                        [-48.6514668, -27.0347056, 1.0]
                    ],
                    [
                        [-48.6519632, -27.0428506, 1.0],
                        [-48.6519791, -27.0429711, 1.0]
                    ],
                    [
                        [-48.651396, -27.037971, 1.0],
                        [-48.6513941, -27.0379998, 1.0],
                        [-48.6513919, -27.0380556, 1.0],
                        [-48.6513967, -27.0381019, 1.0],
                        [-48.6514428, -27.038277, 1.0],
                        [-48.6514755, -27.0383739, 1.0],
                        [-48.6515157, -27.0384632, 1.0],
                        [-48.6516224, -27.0387192, 1.0]
                    ],
                    [
                        [-48.6516224, -27.0387192, 1.0],
                        [-48.6516988, -27.0388829, 1.0],
                        [-48.6517552, -27.0390215, 1.0],
                        [-48.6518101, -27.0391994, 1.0],
                        [-48.6519575, -27.0400212, 1.0],
                        [-48.6518508, -27.0400229, 1.0],
                        [-48.651709, -27.0400292, 1.0],
                        [-48.6514545, -27.0400514, 1.0]
                    ],
                    [
                        [-48.6516224, -27.0387192, 1.0],
                        [-48.6514555, -27.0388024, 1.0],
                        [-48.6512928, -27.0388492, 1.0]
                    ],
                    [
                        [-48.6514668, -27.0347056, 1.0],
                        [-48.6515401, -27.0349832, 1.0]
                    ],
                    [
                        [-48.6514923, -27.0371591, 1.0],
                        [-48.6511129, -27.0371903, 1.0]
                    ],
                    [
                        [-48.6514668, -27.0347056, 1.0],
                        [-48.6512576, -27.0347952, 1.0],
                        [-48.651094, -27.0348549, 1.0],
                        [-48.6509693, -27.0348979, 1.0],
                        [-48.6509049, -27.0349194, 1.0],
                        [-48.6508285, -27.0349397, 1.0],
                        [-48.6507534, -27.0349552, 1.0]
                    ],
                    [
                        [-48.6512928, -27.0388492, 1.0],
                        [-48.651324, -27.0389256, 1.0],
                        [-48.6514545, -27.0400514, 1.0]
                    ],
                    [
                        [-48.6508568, -27.0401123, 1.0],
                        [-48.6514545, -27.0400514, 1.0]
                    ],
                    [
                        [-48.6509561, -27.0380099, 1.0],
                        [-48.651396, -27.037971, 1.0]
                    ],
                    [
                        [-48.6510474, -27.0386621, 1.0],
                        [-48.6510917, -27.0386784, 1.0],
                        [-48.6511474, -27.0387176, 1.0],
                        [-48.6512174, -27.0387649, 1.0],
                        [-48.6512928, -27.0388492, 1.0]
                    ],
                    [
                        [-48.6507534, -27.0349552, 1.0],
                        [-48.6511129, -27.0371903, 1.0]
                    ],
                    [
                        [-48.6511129, -27.0371903, 1.0],
                        [-48.6508446, -27.0372254, 1.0]
                    ],
                    [
                        [-48.6510538, -27.0448269, 1.0],
                        [-48.6509491, -27.0448058, 1.0],
                        [-48.6504165, -27.0446767, 1.0],
                        [-48.6503258, -27.0446585, 1.0],
                        [-48.6502758, -27.0446488, 1.0],
                        [-48.6502066, -27.0446424, 1.0],
                        [-48.6501609, -27.0446433, 1.0],
                        [-48.650085, -27.0446488, 1.0],
                        [-48.6498687, -27.044681, 1.0],
                        [-48.6497939, -27.0446874, 1.0],
                        [-48.6497449, -27.0446883, 1.0],
                        [-48.6497068, -27.0446784, 1.0],
                        [-48.6496614, -27.0446522, 1.0],
                        [-48.6496062, -27.0446061, 1.0],
                        [-48.6495454, -27.0445379, 1.0],
                        [-48.6495084, -27.0444777, 1.0],
                        [-48.649484, -27.0444189, 1.0],
                        [-48.6494699, -27.0443792, 1.0],
                        [-48.649454, -27.0443072, 1.0],
                        [-48.6494413, -27.0442223, 1.0],
                        [-48.649371, -27.0437862, 1.0],
                        [-48.649261, -27.0429495, 1.0],
                        [-48.649249, -27.0428584, 1.0]
                    ],
                    [
                        [-48.6507106, -27.042469, 1.0],
                        [-48.6510538, -27.0448269, 1.0]
                    ],
                    [
                        [-48.6506581, -27.0386947, 1.0],
                        [-48.6509808, -27.0386573, 1.0],
                        [-48.6510474, -27.0386621, 1.0]
                    ],
                    [
                        [-48.6509561, -27.0380099, 1.0],
                        [-48.6510474, -27.0386621, 1.0]
                    ],
                    [
                        [-48.6508446, -27.0372254, 1.0],
                        [-48.6509561, -27.0380099, 1.0]
                    ],
                    [
                        [-48.6505529, -27.0380504, 1.0],
                        [-48.6509561, -27.0380099, 1.0]
                    ],
                    [
                        [-48.6508568, -27.0401123, 1.0],
                        [-48.6507793, -27.0395421, 1.0]
                    ],
                    [
                        [-48.650374, -27.0401718, 1.0],
                        [-48.6508568, -27.0401123, 1.0]
                    ],
                    [
                        [-48.6508446, -27.0372254, 1.0],
                        [-48.6504357, -27.037275, 1.0]
                    ],
                    [
                        [-48.6507534, -27.0349552, 1.0],
                        [-48.6507024, -27.0349588, 1.0],
                        [-48.6506125, -27.0349612, 1.0],
                        [-48.6502236, -27.0349588, 1.0],
                        [-48.6501954, -27.0349582, 1.0]
                    ],
                    [
                        [-48.650374, -27.0401718, 1.0],
                        [-48.6507106, -27.042469, 1.0]
                    ],
                    [
                        [-48.6507106, -27.042469, 1.0],
                        [-48.6501421, -27.0425377, 1.0]
                    ],
                    [
                        [-48.6506581, -27.0386947, 1.0],
                        [-48.6505529, -27.0380504, 1.0]
                    ],
                    [
                        [-48.650165, -27.0387518, 1.0],
                        [-48.6506581, -27.0386947, 1.0]
                    ],
                    [
                        [-48.6505529, -27.0380504, 1.0],
                        [-48.6504357, -27.037275, 1.0]
                    ],
                    [
                        [-48.6504357, -27.037275, 1.0],
                        [-48.649963, -27.0373298, 1.0]
                    ],
                    [
                        [-48.650165, -27.0387518, 1.0],
                        [-48.650374, -27.0401718, 1.0]
                    ],
                    [
                        [-48.6501147, -27.040201, 1.0],
                        [-48.650374, -27.0401718, 1.0]
                    ],
                    [
                        [-48.6501954, -27.0349582, 1.0],
                        [-48.650333, -27.0359492, 1.0]
                    ],
                    [
                        [-48.6501954, -27.0349582, 1.0],
                        [-48.6500811, -27.0340566, 1.0]
                    ],
                    [
                        [-48.6501954, -27.0349582, 1.0],
                        [-48.6499996, -27.0349648, 1.0],
                        [-48.6498763, -27.0349708, 1.0],
                        [-48.649769, -27.0349774, 1.0],
                        [-48.6496583, -27.0349863, 1.0]
                    ],
                    [
                        [-48.6501685, -27.0427236, 1.0],
                        [-48.6501421, -27.0425377, 1.0]
                    ],
                    [
                        [-48.649963, -27.0373298, 1.0],
                        [-48.650165, -27.0387518, 1.0]
                    ],
                    [
                        [-48.6499251, -27.0387797, 1.0],
                        [-48.650165, -27.0387518, 1.0]
                    ],
                    [
                        [-48.6501421, -27.0425377, 1.0],
                        [-48.6500143, -27.0416368, 1.0]
                    ],
                    [
                        [-48.6500143, -27.0416368, 1.0],
                        [-48.6498119, -27.0404264, 1.0]
                    ],
                    [
                        [-48.6500143, -27.0416368, 1.0],
                        [-48.6498472, -27.0416558, 1.0],
                        [-48.649786, -27.0416581, 1.0],
                        [-48.6497221, -27.0416545, 1.0],
                        [-48.6496504, -27.0416416, 1.0],
                        [-48.649595, -27.0416284, 1.0],
                        [-48.6495043, -27.0416023, 1.0],
                        [-48.6494532, -27.0415854, 1.0],
                        [-48.6494042, -27.0415663, 1.0],
                        [-48.6490059, -27.0413907, 1.0]
                    ],
                    [
                        [-48.6496583, -27.0349863, 1.0],
                        [-48.6496872, -27.0351597, 1.0],
                        [-48.6496939, -27.0352439, 1.0],
                        [-48.6497107, -27.0355104, 1.0],
                        [-48.6497217, -27.0356239, 1.0],
                        [-48.649963, -27.0373298, 1.0]
                    ],
                    [
                        [-48.649963, -27.0373298, 1.0],
                        [-48.6494659, -27.0373823, 1.0]
                    ],
                    [
                        [-48.6498431, -27.0397757, 1.0],
                        [-48.6495634, -27.0379645, 1.0]
                    ],
                    [
                        [-48.6496583, -27.0349863, 1.0],
                        [-48.6491199, -27.0350556, 1.0]
                    ],
                    [
                        [-48.6495634, -27.0379645, 1.0],
                        [-48.6494659, -27.0373823, 1.0]
                    ],
                    [
                        [-48.6495634, -27.0379645, 1.0],
                        [-48.6490914, -27.038015, 1.0]
                    ],
                    [
                        [-48.6494659, -27.0373823, 1.0],
                        [-48.6493219, -27.0364011, 1.0]
                    ],
                    [
                        [-48.6493219, -27.0364011, 1.0],
                        [-48.6491199, -27.0350556, 1.0]
                    ],
                    [
                        [-48.6493219, -27.0364011, 1.0],
                        [-48.6488591, -27.0364496, 1.0]
                    ],
                    [
                        [-48.649249, -27.0428584, 1.0],
                        [-48.6491326, -27.042008, 1.0],
                        [-48.6491232, -27.041944, 1.0]
                    ],
                    [
                        [-48.649249, -27.0428584, 1.0],
                        [-48.6489155, -27.0429014, 1.0],
                        [-48.6488017, -27.0429195, 1.0],
                        [-48.6486512, -27.0429485, 1.0],
                        [-48.6484114, -27.0429955, 1.0],
                        [-48.6483382, -27.04301, 1.0],
                        [-48.648265, -27.0430281, 1.0],
                        [-48.6481756, -27.0430571, 1.0],
                        [-48.6480902, -27.0430933, 1.0],
                        [-48.6478381, -27.04322, 1.0],
                        [-48.6477812, -27.043249, 1.0],
                        [-48.6477324, -27.0432635, 1.0],
                        [-48.6476755, -27.0432671, 1.0],
                        [-48.6476105, -27.0432635, 1.0],
                        [-48.6475324, -27.0432563, 1.0]
                    ],
                    [
                        [-48.6491232, -27.041944, 1.0],
                        [-48.6491073, -27.0418351, 1.0],
                        [-48.6490807, -27.041664, 1.0],
                        [-48.6490629, -27.0415702, 1.0],
                        [-48.6490423, -27.0414867, 1.0],
                        [-48.6490059, -27.0413907, 1.0]
                    ],
                    [
                        [-48.6491232, -27.041944, 1.0],
                        [-48.6490329, -27.0419662, 1.0],
                        [-48.6484827, -27.0421015, 1.0]
                    ],
                    [
                        [-48.6491199, -27.0350556, 1.0],
                        [-48.6486653, -27.0350986, 1.0]
                    ],
                    [
                        [-48.6488591, -27.0364496, 1.0],
                        [-48.6490914, -27.038015, 1.0]
                    ],
                    [
                        [-48.6490914, -27.038015, 1.0],
                        [-48.6486389, -27.0380645, 1.0]
                    ],
                    [
                        [-48.6490059, -27.0413907, 1.0],
                        [-48.6489614, -27.041309, 1.0],
                        [-48.6484559, -27.0405091, 1.0],
                        [-48.6484201, -27.0404453, 1.0],
                        [-48.6483775, -27.0403602, 1.0],
                        [-48.6483406, -27.0402659, 1.0],
                        [-48.6482924, -27.0400924, 1.0],
                        [-48.6482534, -27.039967, 1.0],
                        [-48.648217, -27.03987, 1.0],
                        [-48.6481251, -27.0396454, 1.0]
                    ],
                    [
                        [-48.6486653, -27.0350986, 1.0],
                        [-48.6488591, -27.0364496, 1.0]
                    ],
                    [
                        [-48.6488591, -27.0364496, 1.0],
                        [-48.6484388, -27.0364938, 1.0]
                    ],
                    [
                        [-48.6486653, -27.0350986, 1.0],
                        [-48.6485801, -27.0350936, 1.0]
                    ],
                    [
                        [-48.6485588, -27.0375017, 1.0],
                        [-48.6486389, -27.0380645, 1.0]
                    ],
                    [
                        [-48.6486389, -27.0380645, 1.0],
                        [-48.6483386, -27.0380987, 1.0]
                    ],
                    [
                        [-48.6473263, -27.0351336, 1.0],
                        [-48.6475964, -27.0350878, 1.0],
                        [-48.6476956, -27.0350747, 1.0],
                        [-48.6477989, -27.0350675, 1.0],
                        [-48.6478767, -27.0350651, 1.0],
                        [-48.6479639, -27.035064, 1.0],
                        [-48.6480591, -27.035064, 1.0],
                        [-48.6485801, -27.0350936, 1.0]
                    ],
                    [
                        [-48.6476125, -27.0340055, 1.0],
                        [-48.6476413, -27.0340665, 1.0],
                        [-48.64767, -27.034113, 1.0],
                        [-48.6477074, -27.0341585, 1.0],
                        [-48.647757, -27.0342016, 1.0],
                        [-48.64783, -27.0342568, 1.0],
                        [-48.6481454, -27.0344744, 1.0],
                        [-48.6484205, -27.0346642, 1.0],
                        [-48.6484461, -27.0346913, 1.0],
                        [-48.6484694, -27.0347287, 1.0],
                        [-48.6484841, -27.0347854, 1.0],
                        [-48.6485061, -27.0348795, 1.0],
                        [-48.6485251, -27.0349447, 1.0],
                        [-48.6485801, -27.0350936, 1.0]
                    ],
                    [
                        [-48.6485801, -27.0350936, 1.0],
                        [-48.6484657, -27.0353258, 1.0],
                        [-48.6484258, -27.0354287, 1.0],
                        [-48.6483596, -27.0356124, 1.0],
                        [-48.6483055, -27.0358115, 1.0],
                        [-48.6482789, -27.0359499, 1.0],
                        [-48.6482601, -27.036089, 1.0]
                    ],
                    [
                        [-48.6482601, -27.036089, 1.0],
                        [-48.6485431, -27.0360622, 1.0]
                    ],
                    [
                        [-48.6484827, -27.0421015, 1.0],
                        [-48.6483974, -27.0418384, 1.0]
                    ],
                    [
                        [-48.6484827, -27.0421015, 1.0],
                        [-48.6466712, -27.0425471, 1.0]
                    ],
                    [
                        [-48.6484388, -27.0364938, 1.0],
                        [-48.6484753, -27.0367537, 1.0]
                    ],
                    [
                        [-48.6484388, -27.0364938, 1.0],
                        [-48.6481935, -27.0365195, 1.0]
                    ],
                    [
                        [-48.6478765, -27.0373772, 1.0],
                        [-48.6479112, -27.0374441, 1.0],
                        [-48.6479629, -27.037515, 1.0],
                        [-48.6482457, -27.0378714, 1.0],
                        [-48.6482961, -27.0379371, 1.0],
                        [-48.6483208, -27.0379756, 1.0],
                        [-48.6483358, -27.0380115, 1.0],
                        [-48.6483426, -27.0380497, 1.0],
                        [-48.6483386, -27.0380987, 1.0]
                    ],
                    [
                        [-48.6483386, -27.0380987, 1.0],
                        [-48.6483252, -27.0382355, 1.0],
                        [-48.648316, -27.0382886, 1.0]
                    ],
                    [
                        [-48.648316, -27.0382886, 1.0],
                        [-48.6482504, -27.0388347, 1.0]
                    ],
                    [
                        [-48.648101, -27.0389964, 1.0],
                        [-48.647996, -27.0383902, 1.0],
                        [-48.6479956, -27.038366, 1.0],
                        [-48.648001, -27.0383445, 1.0],
                        [-48.6480117, -27.0383278, 1.0],
                        [-48.6480305, -27.0383135, 1.0],
                        [-48.6480519, -27.0383063, 1.0],
                        [-48.6480814, -27.0383039, 1.0],
                        [-48.648316, -27.0382886, 1.0]
                    ],
                    [
                        [-48.6482601, -27.036089, 1.0],
                        [-48.6482316, -27.0363381, 1.0],
                        [-48.648213, -27.0364487, 1.0],
                        [-48.6481935, -27.0365195, 1.0]
                    ],
                    [
                        [-48.6482504, -27.0388347, 1.0],
                        [-48.6482287, -27.0390484, 1.0]
                    ],
                    [
                        [-48.648143, -27.0389894, 1.0],
                        [-48.6481894, -27.0389351, 1.0],
                        [-48.6482135, -27.0389017, 1.0],
                        [-48.6482296, -27.0388754, 1.0],
                        [-48.6482504, -27.0388347, 1.0]
                    ],
                    [
                        [-48.6481708, -27.0365677, 1.0],
                        [-48.6482445, -27.0369693, 1.0]
                    ],
                    [
                        [-48.648143, -27.0389894, 1.0],
                        [-48.6481657, -27.0389928, 1.0],
                        [-48.6481868, -27.0390011, 1.0],
                        [-48.648205, -27.0390136, 1.0],
                        [-48.6482192, -27.0390297, 1.0],
                        [-48.6482287, -27.0390484, 1.0]
                    ],
                    [
                        [-48.6482287, -27.0390484, 1.0],
                        [-48.6482328, -27.0390713, 1.0],
                        [-48.6482298, -27.0390944, 1.0],
                        [-48.6482197, -27.0391159, 1.0],
                        [-48.6482034, -27.039134, 1.0]
                    ],
                    [
                        [-48.6482034, -27.039134, 1.0],
                        [-48.6480883, -27.0393762, 1.0]
                    ],
                    [
                        [-48.6482034, -27.039134, 1.0],
                        [-48.6481798, -27.0391485, 1.0],
                        [-48.6481525, -27.039156, 1.0],
                        [-48.6481238, -27.0391558, 1.0],
                        [-48.6480966, -27.039148, 1.0],
                        [-48.6480732, -27.0391332, 1.0],
                        [-48.648056, -27.0391129, 1.0]
                    ],
                    [
                        [-48.6481935, -27.0365195, 1.0],
                        [-48.6481708, -27.0365677, 1.0]
                    ],
                    [
                        [-48.6481708, -27.0365677, 1.0],
                        [-48.6481321, -27.0366306, 1.0],
                        [-48.6481005, -27.0366703, 1.0],
                        [-48.6479463, -27.036837, 1.0]
                    ],
                    [
                        [-48.648101, -27.0389964, 1.0],
                        [-48.6481216, -27.0389908, 1.0],
                        [-48.648143, -27.0389894, 1.0]
                    ],
                    [
                        [-48.6481251, -27.0396454, 1.0],
                        [-48.6481003, -27.0395548, 1.0],
                        [-48.648093, -27.0394941, 1.0],
                        [-48.6480883, -27.0393762, 1.0]
                    ],
                    [
                        [-48.6481251, -27.0396454, 1.0],
                        [-48.6477487, -27.0397046, 1.0]
                    ],
                    [
                        [-48.648056, -27.0391129, 1.0],
                        [-48.6480457, -27.0390853, 1.0],
                        [-48.6480462, -27.0390581, 1.0],
                        [-48.6480565, -27.0390325, 1.0],
                        [-48.6480754, -27.0390112, 1.0],
                        [-48.648101, -27.0389964, 1.0]
                    ],
                    [
                        [-48.6480883, -27.0393762, 1.0],
                        [-48.648056, -27.0391129, 1.0]
                    ],
                    [
                        [-48.6479463, -27.036837, 1.0],
                        [-48.6477633, -27.0365871, 1.0],
                        [-48.6477293, -27.0365277, 1.0],
                        [-48.6477065, -27.0364734, 1.0],
                        [-48.6475397, -27.0360237, 1.0],
                        [-48.6475318, -27.0359791, 1.0],
                        [-48.6475518, -27.0357221, 1.0]
                    ],
                    [
                        [-48.6479463, -27.036837, 1.0],
                        [-48.6478966, -27.0369606, 1.0],
                        [-48.6478789, -27.0370202, 1.0],
                        [-48.6478524, -27.0371863, 1.0],
                        [-48.6478535, -27.0372605, 1.0],
                        [-48.6478616, -27.0373272, 1.0],
                        [-48.6478765, -27.0373772, 1.0]
                    ],
                    [
                        [-48.6469931, -27.0364459, 1.0],
                        [-48.646984, -27.0365087, 1.0],
                        [-48.6469872, -27.0365682, 1.0],
                        [-48.6469947, -27.0366275, 1.0],
                        [-48.6470122, -27.0367008, 1.0],
                        [-48.6471499, -27.0371886, 1.0],
                        [-48.6471609, -27.037222, 1.0],
                        [-48.6471732, -27.0372494, 1.0],
                        [-48.6471917, -27.0372741, 1.0],
                        [-48.6472225, -27.0373071, 1.0],
                        [-48.6472471, -27.037329, 1.0],
                        [-48.6472749, -27.0373455, 1.0],
                        [-48.6473088, -27.0373592, 1.0],
                        [-48.6473519, -27.0373702, 1.0],
                        [-48.6475183, -27.0374031, 1.0],
                        [-48.6475707, -27.0374113, 1.0],
                        [-48.6476045, -27.0374141, 1.0],
                        [-48.6476323, -27.0374141, 1.0],
                        [-48.6478765, -27.0373772, 1.0]
                    ],
                    [
                        [-48.6474256, -27.0411859, 1.0],
                        [-48.6479481, -27.041129, 1.0],
                        [-48.6477487, -27.0397046, 1.0]
                    ],
                    [
                        [-48.6477487, -27.0397046, 1.0],
                        [-48.6472564, -27.0397732, 1.0]
                    ],
                    [
                        [-48.6473317, -27.0329994, 1.0],
                        [-48.6473633, -27.0330623, 1.0],
                        [-48.647386, -27.0331217, 1.0],
                        [-48.6474077, -27.0332069, 1.0],
                        [-48.647572, -27.03387, 1.0],
                        [-48.6476125, -27.0340055, 1.0]
                    ],
                    [
                        [-48.6476125, -27.0340055, 1.0],
                        [-48.6469098, -27.0341149, 1.0]
                    ],
                    [
                        [-48.6475324, -27.0432563, 1.0],
                        [-48.6467081, -27.0431803, 1.0]
                    ],
                    [
                        [-48.6475324, -27.0432563, 1.0],
                        [-48.6472082, -27.0433426, 1.0],
                        [-48.6471801, -27.0433884, 1.0],
                        [-48.6471801, -27.0434508, 1.0],
                        [-48.6472689, -27.0440543, 1.0]
                    ],
                    [
                        [-48.6472564, -27.0397732, 1.0],
                        [-48.6474256, -27.0411859, 1.0]
                    ],
                    [
                        [-48.6472564, -27.0397732, 1.0],
                        [-48.6465835, -27.0398515, 1.0],
                        [-48.646694, -27.041042, 1.0],
                        [-48.6466994, -27.0411051, 1.0],
                        [-48.646714, -27.0411814, 1.0],
                        [-48.6467383, -27.0412382, 1.0],
                        [-48.6468094, -27.0412649, 1.0],
                        [-48.6468839, -27.0412624, 1.0],
                        [-48.6469514, -27.0412568, 1.0],
                        [-48.6474256, -27.0411859, 1.0]
                    ],
                    [
                        [-48.6473263, -27.0351336, 1.0],
                        [-48.647293, -27.034979, 1.0],
                        [-48.6472768, -27.0349102, 1.0],
                        [-48.6472591, -27.0348794, 1.0],
                        [-48.6472316, -27.0348436, 1.0],
                        [-48.6471967, -27.0348155, 1.0],
                        [-48.6471672, -27.0347964, 1.0],
                        [-48.6471307, -27.0347808, 1.0],
                        [-48.6469071, -27.0347565, 1.0]
                    ],
                    [
                        [-48.6469266, -27.0351937, 1.0],
                        [-48.6473263, -27.0351336, 1.0]
                    ],
                    [
                        [-48.6463364, -27.0356965, 1.0],
                        [-48.646722, -27.0360644, 1.0],
                        [-48.6468159, -27.0361552, 1.0],
                        [-48.6468742, -27.0362143, 1.0],
                        [-48.6469205, -27.0362675, 1.0],
                        [-48.6469446, -27.0363063, 1.0],
                        [-48.6470055, -27.036402, 1.0]
                    ],
                    [
                        [-48.6470055, -27.036402, 1.0],
                        [-48.6470613, -27.0362846, 1.0],
                        [-48.6470829, -27.0362238, 1.0],
                        [-48.6470977, -27.0361602, 1.0],
                        [-48.6471067, -27.0361029, 1.0],
                        [-48.6471072, -27.03605, 1.0],
                        [-48.6471024, -27.0360092, 1.0],
                        [-48.6470923, -27.0359494, 1.0],
                        [-48.6469266, -27.0351937, 1.0]
                    ],
                    [
                        [-48.6470055, -27.036402, 1.0],
                        [-48.6469931, -27.0364459, 1.0]
                    ],
                    [
                        [-48.6469931, -27.0364459, 1.0],
                        [-48.6468837, -27.0364521, 1.0],
                        [-48.6467614, -27.0364703, 1.0],
                        [-48.6466842, -27.0364865, 1.0]
                    ],
                    [
                        [-48.6469266, -27.0351937, 1.0],
                        [-48.6467701, -27.0352163, 1.0]
                    ],
                    [
                        [-48.6463364, -27.0356965, 1.0],
                        [-48.646479, -27.0369787, 1.0]
                    ],
                    [
                        [-48.6461041, -27.0341669, 1.0],
                        [-48.6461193, -27.0343081, 1.0],
                        [-48.6463364, -27.0356965, 1.0]
                    ],
                    [
                        [-48.6460553, -27.0336743, 1.0],
                        [-48.6461041, -27.0341669, 1.0]
                    ],
                    [
                        [-48.6461041, -27.0341669, 1.0],
                        [-48.6454507, -27.034284, 1.0]
                    ],
                    [
                        [-48.6460039, -27.033022, 1.0],
                        [-48.6460553, -27.0336743, 1.0]
                    ],
                    [
                        [-48.6460553, -27.0336743, 1.0],
                        [-48.6458164, -27.0337043, 1.0],
                        [-48.6457699, -27.0337067, 1.0],
                        [-48.6456886, -27.0336939, 1.0],
                        [-48.6456549, -27.0336925, 1.0],
                        [-48.645616, -27.0336981, 1.0],
                        [-48.6453856, -27.0337367, 1.0]
                    ]
                ]
            }
        },
        {
            "type": "Feature",
            "properties": {
                "SETOR": "MK01",
                "FREQUENCIA": "SEG - QUA - SEX",
                "TURNO": "MANHÃ",
                "HORARIO": "06:00 ÀS 14:20",
                "OPERACAO": "DOMICILIAR",
                "FILIAL": "CAMBORIÚ"
            },
            "geometry": {
                "type": "MultiLineString",
                "coordinates": [
                    [
                        [-48.6735657, -27.002403, 1.0],
                        [-48.6740462, -27.0025186, 1.0],
                        [-48.6754537, -27.0028572, 1.0],
                        [-48.6756574, -27.0029077, 1.0],
                        [-48.6756814, -27.0029134, 1.0],
                        [-48.6759232, -27.0029711, 1.0],
                        [-48.6760333, -27.0030093, 1.0],
                        [-48.6761165, -27.0030302, 1.0],
                        [-48.6761592, -27.0030486, 1.0],
                        [-48.6762087, -27.0030705, 1.0],
                        [-48.6773629, -27.0034773, 1.0],
                        [-48.6773917, -27.0034861, 1.0],
                        [-48.6775607, -27.00351, 1.0],
                        [-48.6778638, -27.0035196, 1.0]
                    ],
                    [
                        [-48.6734364, -27.0027897, 1.0],
                        [-48.6754291, -27.0033253, 1.0],
                        [-48.6758714, -27.0034835, 1.0]
                    ],
                    [
                        [-48.6757167, -27.0059344, 1.0],
                        [-48.6747859, -27.0056966, 1.0],
                        [-48.6745834, -27.0061841, 1.0]
                    ],
                    [
                        [-48.6728235, -27.004611, 1.0],
                        [-48.6736743, -27.0048302, 1.0],
                        [-48.6741601, -27.0049539, 1.0],
                        [-48.6742406, -27.0049752, 1.0],
                        [-48.6743295, -27.0050021, 1.0],
                        [-48.6744082, -27.0050284, 1.0],
                        [-48.6745966, -27.0050944, 1.0],
                        [-48.6749339, -27.0052294, 1.0],
                        [-48.6751619, -27.0053277, 1.0],
                        [-48.6753652, -27.0054301, 1.0],
                        [-48.675452, -27.005481, 1.0],
                        [-48.6755352, -27.0055421, 1.0],
                        [-48.6755979, -27.0055969, 1.0],
                        [-48.6756866, -27.0056789, 1.0],
                        [-48.675716, -27.0057175, 1.0],
                        [-48.6757341, -27.0057612, 1.0],
                        [-48.6757354, -27.0058364, 1.0],
                        [-48.6757167, -27.0059344, 1.0]
                    ],
                    [
                        [-48.6757167, -27.0059344, 1.0],
                        [-48.6756523, -27.0060718, 1.0],
                        [-48.6754421, -27.0064858, 1.0],
                        [-48.6754342, -27.0064924, 1.0],
                        [-48.6754193, -27.0064945, 1.0],
                        [-48.6753868, -27.0064846, 1.0]
                    ],
                    [
                        [-48.6751883, -27.0063897, 1.0],
                        [-48.6750336, -27.0063185, 1.0],
                        [-48.6749728, -27.0062952, 1.0],
                        [-48.674885, -27.0062695, 1.0],
                        [-48.6745834, -27.0061841, 1.0]
                    ],
                    [
                        [-48.6733001, -27.0031947, 1.0],
                        [-48.6747864, -27.003628, 1.0],
                        [-48.6751847, -27.0037441, 1.0]
                    ],
                    [
                        [-48.6745834, -27.0061841, 1.0],
                        [-48.6743917, -27.0067075, 1.0]
                    ],
                    [
                        [-48.6733216, -27.0080678, 1.0],
                        [-48.6717711, -27.0076562, 1.0],
                        [-48.6716306, -27.0081687, 1.0]
                    ],
                    [
                        [-48.6718782, -26.9997718, 1.0],
                        [-48.6729639, -27.0001086, 1.0]
                    ],
                    [
                        [-48.6716306, -27.0081687, 1.0],
                        [-48.6726712, -27.0084305, 1.0],
                        [-48.6729289, -27.0085447, 1.0]
                    ],
                    [
                        [-48.6717332, -27.000292, 1.0],
                        [-48.6727183, -27.0005862, 1.0]
                    ],
                    [
                        [-48.6722937, -27.0035264, 1.0],
                        [-48.6723447, -27.0034694, 1.0],
                        [-48.6723721, -27.0034265, 1.0],
                        [-48.6724231, -27.0033363, 1.0]
                    ],
                    [
                        [-48.6714251, -27.0018264, 1.0],
                        [-48.6717627, -27.0019126, 1.0],
                        [-48.6719753, -27.0019778, 1.0],
                        [-48.6722012, -27.0020556, 1.0],
                        [-48.6723886, -27.0021239, 1.0]
                    ],
                    [
                        [-48.6722937, -27.0035264, 1.0],
                        [-48.6723384, -27.0035332, 1.0]
                    ],
                    [
                        [-48.6717269, -27.0033911, 1.0],
                        [-48.671924, -27.0034222, 1.0],
                        [-48.6720119, -27.0034383, 1.0],
                        [-48.6722937, -27.0035264, 1.0]
                    ],
                    [
                        [-48.6713591, -27.0093033, 1.0],
                        [-48.6722101, -27.0094214, 1.0]
                    ],
                    [
                        [-48.6717092, -27.0087364, 1.0],
                        [-48.6721211, -27.0088364, 1.0]
                    ],
                    [
                        [-48.6720754, -27.0015908, 1.0],
                        [-48.6714184, -27.001413, 1.0],
                        [-48.6714466, -27.0014966, 1.0],
                        [-48.671456, -27.0015444, 1.0],
                        [-48.671456, -27.0016017, 1.0],
                        [-48.671456, -27.0016567, 1.0],
                        [-48.6714412, -27.0017439, 1.0],
                        [-48.6714251, -27.0018264, 1.0]
                    ],
                    [
                        [-48.6699416, -26.9991898, 1.0],
                        [-48.6718782, -26.9997718, 1.0]
                    ],
                    [
                        [-48.6718782, -26.9997718, 1.0],
                        [-48.6717332, -27.000292, 1.0]
                    ],
                    [
                        [-48.6704276, -26.9999165, 1.0],
                        [-48.6717332, -27.000292, 1.0]
                    ],
                    [
                        [-48.6717332, -27.000292, 1.0],
                        [-48.6715351, -27.0007607, 1.0],
                        [-48.6713724, -27.0012409, 1.0],
                        [-48.6699824, -27.0008375, 1.0]
                    ],
                    [
                        [-48.6714849, -27.008682, 1.0],
                        [-48.6717092, -27.0087364, 1.0]
                    ],
                    [
                        [-48.6717092, -27.0087364, 1.0],
                        [-48.6716258, -27.0088991, 1.0],
                        [-48.6715311, -27.0090303, 1.0],
                        [-48.6714157, -27.0091868, 1.0],
                        [-48.6713227, -27.0092887, 1.0]
                    ],
                    [
                        [-48.6693036, -27.0075606, 1.0],
                        [-48.6716306, -27.0081687, 1.0]
                    ],
                    [
                        [-48.6716306, -27.0081687, 1.0],
                        [-48.6714849, -27.008682, 1.0]
                    ],
                    [
                        [-48.6714849, -27.008682, 1.0],
                        [-48.6691196, -27.0081078, 1.0],
                        [-48.6690947, -27.0081773, 1.0],
                        [-48.6690249, -27.0083726, 1.0],
                        [-48.6689964, -27.0084663, 1.0],
                        [-48.6689818, -27.0085581, 1.0],
                        [-48.6689768, -27.0086272, 1.0],
                        [-48.6689816, -27.0087001, 1.0],
                        [-48.6689976, -27.0087654, 1.0],
                        [-48.6690184, -27.0088252, 1.0],
                        [-48.6690511, -27.00888, 1.0],
                        [-48.6691003, -27.008944, 1.0],
                        [-48.6691598, -27.0089952, 1.0],
                        [-48.6692332, -27.0090505, 1.0],
                        [-48.6693572, -27.0091191, 1.0],
                        [-48.6694493, -27.0091636, 1.0],
                        [-48.6695533, -27.0092015, 1.0],
                        [-48.6696563, -27.0092292, 1.0],
                        [-48.6697546, -27.009251, 1.0],
                        [-48.6698689, -27.0092635, 1.0],
                        [-48.6699957, -27.0092633, 1.0],
                        [-48.6701457, -27.0092507, 1.0],
                        [-48.6703632, -27.0092206, 1.0],
                        [-48.6705059, -27.009202, 1.0],
                        [-48.6706673, -27.0091883, 1.0],
                        [-48.6708198, -27.0091888, 1.0],
                        [-48.6709727, -27.0091998, 1.0],
                        [-48.6711046, -27.0092218, 1.0],
                        [-48.6711957, -27.0092456, 1.0],
                        [-48.6713227, -27.0092887, 1.0]
                    ],
                    [
                        [-48.6714251, -27.0018264, 1.0],
                        [-48.6713809, -27.0019745, 1.0],
                        [-48.6713487, -27.0020462, 1.0],
                        [-48.6713259, -27.0021323, 1.0],
                        [-48.671312, -27.0022262, 1.0]
                    ],
                    [
                        [-48.6713227, -27.0092887, 1.0],
                        [-48.6713591, -27.0093033, 1.0]
                    ],
                    [
                        [-48.6713591, -27.0093033, 1.0],
                        [-48.6714917, -27.0093566, 1.0],
                        [-48.6715876, -27.0094106, 1.0],
                        [-48.6716575, -27.0094709, 1.0],
                        [-48.6717042, -27.009539, 1.0],
                        [-48.6717227, -27.0096083, 1.0],
                        [-48.6717296, -27.0096999, 1.0],
                        [-48.6717179, -27.0097903, 1.0],
                        [-48.6716829, -27.009879, 1.0],
                        [-48.6716161, -27.0099742, 1.0],
                        [-48.6706706, -27.0110802, 1.0],
                        [-48.6704911, -27.0112812, 1.0],
                        [-48.6702645, -27.0115204, 1.0],
                        [-48.6699523, -27.0118287, 1.0],
                        [-48.6698837, -27.0119116, 1.0],
                        [-48.6694959, -27.0124565, 1.0],
                        [-48.6672126, -27.0154303, 1.0],
                        [-48.6659276, -27.0170025, 1.0],
                        [-48.6653948, -27.0175795, 1.0],
                        [-48.66535, -27.017628, 1.0]
                    ],
                    [
                        [-48.6707123, -27.0039878, 1.0],
                        [-48.6706057, -27.0038852, 1.0],
                        [-48.6704689, -27.0038493, 1.0],
                        [-48.6702088, -27.003933, 1.0]
                    ],
                    [
                        [-48.6707123, -27.0039878, 1.0],
                        [-48.6707458, -27.0039602, 1.0],
                        [-48.6708198, -27.0038872, 1.0],
                        [-48.670949, -27.0037478, 1.0],
                        [-48.6710684, -27.0036247, 1.0],
                        [-48.6712052, -27.0034957, 1.0],
                        [-48.671291, -27.0033869, 1.0],
                        [-48.6713433, -27.0033021, 1.0],
                        [-48.6713715, -27.0032328, 1.0],
                        [-48.6713929, -27.0031527, 1.0],
                        [-48.671405, -27.0030894, 1.0],
                        [-48.671409, -27.0030093, 1.0],
                        [-48.6714077, -27.0029771, 1.0],
                        [-48.6713943, -27.0029448, 1.0],
                        [-48.6713681, -27.0029317, 1.0],
                        [-48.6713205, -27.0029424, 1.0],
                        [-48.6712387, -27.0029783, 1.0],
                        [-48.6710791, -27.0030774, 1.0],
                        [-48.6709718, -27.0031408, 1.0],
                        [-48.6708565, -27.0032089, 1.0],
                        [-48.6707734, -27.0032376, 1.0],
                        [-48.6707063, -27.0032555, 1.0],
                        [-48.6706232, -27.0032662, 1.0],
                        [-48.6705065, -27.0032746, 1.0],
                        [-48.6703804, -27.0032806, 1.0],
                        [-48.6702731, -27.0032842, 1.0],
                        [-48.6702128, -27.0032782, 1.0]
                    ],
                    [
                        [-48.6704389, -27.0042232, 1.0],
                        [-48.6704628, -27.0041896, 1.0],
                        [-48.6705065, -27.0041472, 1.0],
                        [-48.670557, -27.0041035, 1.0],
                        [-48.6706374, -27.0040462, 1.0],
                        [-48.6707123, -27.0039878, 1.0]
                    ],
                    [
                        [-48.6701506, -27.0003522, 1.0],
                        [-48.6699824, -27.0008375, 1.0]
                    ],
                    [
                        [-48.6673607, -27.0001159, 1.0],
                        [-48.6687294, -27.0004736, 1.0],
                        [-48.6699824, -27.0008375, 1.0]
                    ],
                    [
                        [-48.6696712, -27.0016105, 1.0],
                        [-48.6696122, -27.0015842, 1.0],
                        [-48.6695398, -27.0015651, 1.0],
                        [-48.6694754, -27.0015316, 1.0],
                        [-48.6694487, -27.0015284, 1.0]
                    ],
                    [
                        [-48.6689696, -27.0025868, 1.0],
                        [-48.6690118, -27.0026325, 1.0],
                        [-48.6690408, -27.0026748, 1.0],
                        [-48.6691671, -27.0028872, 1.0],
                        [-48.6691874, -27.002928, 1.0],
                        [-48.6693572, -27.003265, 1.0],
                        [-48.6693974, -27.0033376, 1.0],
                        [-48.6694489, -27.0034217, 1.0],
                        [-48.6694951, -27.0034891, 1.0],
                        [-48.6695287, -27.0035313, 1.0],
                        [-48.6696441, -27.0036796, 1.0]
                    ],
                    [
                        [-48.6696068, -27.0013763, 1.0],
                        [-48.6695585, -27.001393, 1.0],
                        [-48.6695022, -27.0014025, 1.0],
                        [-48.6694781, -27.0014766, 1.0],
                        [-48.6694487, -27.0015284, 1.0]
                    ],
                    [
                        [-48.6694487, -27.0015284, 1.0],
                        [-48.6693028, -27.0015107, 1.0]
                    ],
                    [
                        [-48.6689696, -27.0025868, 1.0],
                        [-48.6691867, -27.002597, 1.0],
                        [-48.6692498, -27.0026006, 1.0],
                        [-48.6692958, -27.0026069, 1.0],
                        [-48.6693595, -27.0026195, 1.0]
                    ],
                    [
                        [-48.6678819, -27.0010038, 1.0],
                        [-48.6681338, -27.0010893, 1.0],
                        [-48.6683629, -27.0011537, 1.0],
                        [-48.6685042, -27.0011958, 1.0],
                        [-48.6685981, -27.0012209, 1.0],
                        [-48.6686974, -27.0012536, 1.0],
                        [-48.6687827, -27.0012707, 1.0],
                        [-48.668852, -27.0012771, 1.0],
                        [-48.6689111, -27.001287, 1.0],
                        [-48.6689721, -27.001297, 1.0],
                        [-48.669054, -27.0013173, 1.0],
                        [-48.6691395, -27.0013408, 1.0],
                        [-48.6692328, -27.0013783, 1.0],
                        [-48.6693169, -27.0014237, 1.0],
                        [-48.6693102, -27.001493, 1.0],
                        [-48.6693028, -27.0015107, 1.0]
                    ],
                    [
                        [-48.6693028, -27.0015107, 1.0],
                        [-48.6691529, -27.0018698, 1.0],
                        [-48.6690041, -27.0022472, 1.0]
                    ],
                    [
                        [-48.6687704, -27.0025292, 1.0],
                        [-48.6687974, -27.0026593, 1.0],
                        [-48.668806, -27.0027135, 1.0],
                        [-48.6688438, -27.0030595, 1.0],
                        [-48.6688511, -27.0031103, 1.0],
                        [-48.6688668, -27.0031748, 1.0],
                        [-48.6688808, -27.0032167, 1.0],
                        [-48.6689148, -27.0032753, 1.0],
                        [-48.6689638, -27.0033391, 1.0],
                        [-48.6689938, -27.0033782, 1.0],
                        [-48.669131, -27.0035619, 1.0],
                        [-48.6691908, -27.0036517, 1.0],
                        [-48.669223, -27.0037244, 1.0],
                        [-48.6692447, -27.0037993, 1.0],
                        [-48.6692499, -27.0038689, 1.0],
                        [-48.6692417, -27.0039627, 1.0],
                        [-48.6692206, -27.0040906, 1.0]
                    ],
                    [
                        [-48.6687704, -27.0025292, 1.0],
                        [-48.6689389, -27.0025745, 1.0],
                        [-48.6689696, -27.0025868, 1.0]
                    ],
                    [
                        [-48.6688199, -27.0062066, 1.0],
                        [-48.6687627, -27.0061818, 1.0],
                        [-48.6687161, -27.0061479, 1.0],
                        [-48.668679, -27.0061134, 1.0],
                        [-48.6686469, -27.0060737, 1.0],
                        [-48.6686384, -27.0060319, 1.0],
                        [-48.6690864, -27.0047248, 1.0],
                        [-48.6675482, -27.0042942, 1.0]
                    ],
                    [
                        [-48.6681425, -27.0023178, 1.0],
                        [-48.6684402, -27.0024234, 1.0],
                        [-48.6686063, -27.0024777, 1.0],
                        [-48.6687704, -27.0025292, 1.0]
                    ],
                    [
                        [-48.6678889, -27.0022238, 1.0],
                        [-48.6681425, -27.0023178, 1.0]
                    ],
                    [
                        [-48.6680098, -27.0025759, 1.0],
                        [-48.6681425, -27.0023178, 1.0]
                    ],
                    [
                        [-48.6675482, -27.0042942, 1.0],
                        [-48.6669548, -27.0041344, 1.0]
                    ],
                    [
                        [-48.6675482, -27.0042942, 1.0],
                        [-48.6671762, -27.005386, 1.0],
                        [-48.6671242, -27.0055389, 1.0],
                        [-48.667084, -27.0057874, 1.0],
                        [-48.6670893, -27.0059762, 1.0],
                        [-48.6671403, -27.0060647, 1.0]
                    ],
                    [
                        [-48.6669548, -27.0041344, 1.0],
                        [-48.6654428, -27.0037273, 1.0],
                        [-48.6642273, -27.0034, 1.0]
                    ],
                    [
                        [-48.6669548, -27.0041344, 1.0],
                        [-48.666753, -27.0046539, 1.0]
                    ],
                    [
                        [-48.666753, -27.0046539, 1.0],
                        [-48.6655228, -27.0043109, 1.0],
                        [-48.6640742, -27.0039077, 1.0]
                    ],
                    [
                        [-48.666753, -27.0046539, 1.0],
                        [-48.6665537, -27.0051666, 1.0],
                        [-48.6663601, -27.0056744, 1.0]
                    ],
                    [
                        [-48.6648423, -27.0172546, 1.0],
                        [-48.6652473, -27.0169388, 1.0],
                        [-48.6653175, -27.0168827, 1.0],
                        [-48.6653993, -27.0168007, 1.0],
                        [-48.6654567, -27.0167315, 1.0]
                    ],
                    [
                        [-48.665113, -27.0174994, 1.0],
                        [-48.6650589, -27.017407, 1.0],
                        [-48.6650287, -27.0173693, 1.0],
                        [-48.6649878, -27.0173413, 1.0],
                        [-48.6649389, -27.0173114, 1.0],
                        [-48.6648423, -27.0172546, 1.0]
                    ],
                    [
                        [-48.6645664, -27.0170724, 1.0],
                        [-48.6649985, -27.0165953, 1.0]
                    ],
                    [
                        [-48.6648423, -27.0172546, 1.0],
                        [-48.6645664, -27.0170724, 1.0]
                    ],
                    [
                        [-48.6645664, -27.0170724, 1.0],
                        [-48.6644521, -27.0169947, 1.0]
                    ]
                ]
            }
        },
        {
            "type": "Feature",
            "properties": {
                "SETOR": "MK02",
                "FREQUENCIA": "TER - QUI - SAB",
                "TURNO": "MANHÃ",
                "HORARIO": "06:00 ÀS 14:20",
                "OPERACAO": "DOMICILIAR",
                "FILIAL": "CAMBORIÚ"
            },
            "geometry": {
                "type": "MultiLineString",
                "coordinates": [
                    [
                        [-48.6671342, -27.003649, 1.0],
                        [-48.6687443, -27.0040795, 1.0]
                    ],
                    [
                        [-48.6643754, -27.0029174, 1.0],
                        [-48.6651834, -27.0031316, 1.0],
                        [-48.6671342, -27.003649, 1.0]
                    ],
                    [
                        [-48.6671342, -27.003649, 1.0],
                        [-48.6669548, -27.0041344, 1.0]
                    ],
                    [
                        [-48.6639127, -27.0044431, 1.0],
                        [-48.6665537, -27.0051666, 1.0]
                    ],
                    [
                        [-48.6663601, -27.0056744, 1.0],
                        [-48.6658095, -27.0055205, 1.0],
                        [-48.6653217, -27.0053657, 1.0]
                    ],
                    [
                        [-48.6653217, -27.0053657, 1.0],
                        [-48.6647429, -27.0052104, 1.0],
                        [-48.6640475, -27.0049952, 1.0],
                        [-48.6639326, -27.0049565, 1.0],
                        [-48.6638677, -27.0049145, 1.0],
                        [-48.6637953, -27.0048768, 1.0],
                        [-48.6637441, -27.0048467, 1.0],
                        [-48.6637048, -27.0048141, 1.0],
                        [-48.6636562, -27.0047631, 1.0]
                    ],
                    [
                        [-48.6653217, -27.0053657, 1.0],
                        [-48.665143, -27.0058611, 1.0],
                        [-48.6650857, -27.0061196, 1.0]
                    ],
                    [
                        [-48.661709, -27.0263801, 1.0],
                        [-48.6619836, -27.0280358, 1.0]
                    ],
                    [
                        [-48.6598487, -27.0088495, 1.0],
                        [-48.660981, -27.0076109, 1.0]
                    ],
                    [
                        [-48.659448, -27.0085233, 1.0],
                        [-48.6604971, -27.0073881, 1.0],
                        [-48.6605356, -27.0073465, 1.0],
                        [-48.6605712, -27.0073079, 1.0]
                    ],
                    [
                        [-48.6601483, -27.0069951, 1.0],
                        [-48.6590117, -27.0082261, 1.0],
                        [-48.659448, -27.0085233, 1.0]
                    ],
                    [
                        [-48.6598487, -27.0088495, 1.0],
                        [-48.6596945, -27.0087005, 1.0],
                        [-48.6595872, -27.0085977, 1.0],
                        [-48.659448, -27.0085233, 1.0]
                    ],
                    [
                        [-48.6593614, -27.0093826, 1.0],
                        [-48.6598487, -27.0088495, 1.0]
                    ],
                    [
                        [-48.6597177, -27.0066766, 1.0],
                        [-48.6587233, -27.0077625, 1.0]
                    ],
                    [
                        [-48.658942, -27.0090709, 1.0],
                        [-48.6593584, -27.0086187, 1.0],
                        [-48.659448, -27.0085233, 1.0]
                    ],
                    [
                        [-48.6592806, -27.0063533, 1.0],
                        [-48.6588974, -27.0067782, 1.0],
                        [-48.6582899, -27.0074519, 1.0]
                    ],
                    [
                        [-48.6591903, -27.0470772, 1.0],
                        [-48.6588761, -27.0471842, 1.0],
                        [-48.658836, -27.0471952, 1.0],
                        [-48.6588021, -27.0472034, 1.0],
                        [-48.6587651, -27.0472089, 1.0],
                        [-48.6587251, -27.0472117, 1.0],
                        [-48.6586974, -27.0472144, 1.0],
                        [-48.6586666, -27.0472144, 1.0],
                        [-48.6586327, -27.0472117, 1.0],
                        [-48.6586049, -27.0472034, 1.0],
                        [-48.6585772, -27.0471924, 1.0],
                        [-48.6585495, -27.047176, 1.0],
                        [-48.658531, -27.0471568, 1.0],
                        [-48.6585094, -27.0471293, 1.0],
                        [-48.6584016, -27.0469208, 1.0],
                        [-48.6583831, -27.0468933, 1.0],
                        [-48.6583615, -27.0468686, 1.0],
                        [-48.6583122, -27.0468193, 1.0],
                        [-48.6582599, -27.0467699, 1.0],
                        [-48.6581613, -27.0466793, 1.0],
                        [-48.6581304, -27.0466546, 1.0],
                        [-48.6580996, -27.0466381, 1.0],
                        [-48.6580688, -27.0466244, 1.0],
                        [-48.6580103, -27.0466052, 1.0],
                        [-48.6579764, -27.0465942, 1.0],
                        [-48.657924, -27.0465833, 1.0],
                        [-48.657887, -27.0465778, 1.0],
                        [-48.6578532, -27.046575, 1.0],
                        [-48.6578193, -27.046575, 1.0],
                        [-48.6577299, -27.046575, 1.0],
                        [-48.6576806, -27.046575, 1.0],
                        [-48.6570983, -27.0465805, 1.0],
                        [-48.656972, -27.0465778, 1.0],
                        [-48.6566146, -27.0465586, 1.0],
                        [-48.6565622, -27.0465531, 1.0],
                        [-48.6565098, -27.0465448, 1.0],
                        [-48.6564667, -27.0465366, 1.0],
                        [-48.6564266, -27.0465256, 1.0],
                        [-48.6563927, -27.0465119, 1.0],
                        [-48.6563496, -27.04649, 1.0],
                        [-48.6561863, -27.0463939, 1.0],
                        [-48.6561461, -27.0463787, 1.0],
                        [-48.6561113, -27.0463682, 1.0],
                        [-48.6560796, -27.0463609, 1.0],
                        [-48.656041, -27.0463613, 1.0],
                        [-48.6560128, -27.046364, 1.0],
                        [-48.6559738, -27.0463709, 1.0],
                        [-48.6559398, -27.0463831, 1.0],
                        [-48.6559074, -27.0464032, 1.0],
                        [-48.6558669, -27.0464278, 1.0],
                        [-48.6558376, -27.0464488, 1.0],
                        [-48.6557144, -27.046542, 1.0],
                        [-48.6556791, -27.0465712, 1.0],
                        [-48.6556556, -27.0465954, 1.0],
                        [-48.6556404, -27.0466213, 1.0],
                        [-48.65544, -27.0471657, 1.0],
                        [-48.655415, -27.0472405, 1.0],
                        [-48.6553966, -27.0472866, 1.0],
                        [-48.6553801, -27.0473161, 1.0],
                        [-48.6553505, -27.04735, 1.0],
                        [-48.6553099, -27.0473838, 1.0],
                        [-48.6552519, -27.0474025, 1.0],
                        [-48.6551281, -27.0474257, 1.0]
                    ],
                    [
                        [-48.65889, -27.0078819, 1.0],
                        [-48.6587233, -27.0077625, 1.0]
                    ],
                    [
                        [-48.6587233, -27.0077625, 1.0],
                        [-48.6582899, -27.0074519, 1.0]
                    ],
                    [
                        [-48.6586061, -27.0065842, 1.0],
                        [-48.6583214, -27.0069402, 1.0],
                        [-48.6582251, -27.0070796, 1.0],
                        [-48.6582033, -27.0070996, 1.0],
                        [-48.6581595, -27.0071105, 1.0],
                        [-48.6580862, -27.007129, 1.0],
                        [-48.6580262, -27.0071478, 1.0],
                        [-48.657956, -27.0071874, 1.0],
                        [-48.6579122, -27.0072221, 1.0],
                        [-48.6578055, -27.0073124, 1.0],
                        [-48.6577607, -27.0073422, 1.0],
                        [-48.6577168, -27.0073641, 1.0],
                        [-48.6576402, -27.0073863, 1.0],
                        [-48.6575767, -27.0073967, 1.0],
                        [-48.6573274, -27.007453, 1.0]
                    ],
                    [
                        [-48.6577958, -27.0078126, 1.0],
                        [-48.6584989, -27.0083396, 1.0]
                    ],
                    [
                        [-48.6582899, -27.0074519, 1.0],
                        [-48.658197, -27.0073854, 1.0],
                        [-48.6577958, -27.0078126, 1.0]
                    ],
                    [
                        [-48.6577958, -27.0078126, 1.0],
                        [-48.6574146, -27.0082184, 1.0],
                        [-48.6580071, -27.0086708, 1.0]
                    ],
                    [
                        [-48.6573274, -27.007453, 1.0],
                        [-48.6564789, -27.0069268, 1.0],
                        [-48.655961, -27.0065985, 1.0],
                        [-48.6550959, -27.0060163, 1.0]
                    ],
                    [
                        [-48.6573274, -27.007453, 1.0],
                        [-48.6569828, -27.0078251, 1.0]
                    ],
                    [
                        [-48.6569828, -27.0078251, 1.0],
                        [-48.6548024, -27.0063732, 1.0]
                    ],
                    [
                        [-48.6569828, -27.0078251, 1.0],
                        [-48.6568571, -27.0079321, 1.0],
                        [-48.6567672, -27.0080022, 1.0],
                        [-48.6565673, -27.0081839, 1.0],
                        [-48.6544668, -27.0067814, 1.0]
                    ],
                    [
                        [-48.6565025, -27.0125101, 1.0],
                        [-48.6547839, -27.01439, 1.0],
                        [-48.6538995, -27.0137739, 1.0],
                        [-48.6535228, -27.014188, 1.0]
                    ],
                    [
                        [-48.6559058, -27.0115899, 1.0],
                        [-48.6556807, -27.0114013, 1.0]
                    ],
                    [
                        [-48.6558871, -27.0111774, 1.0],
                        [-48.6557369, -27.011083, 1.0]
                    ],
                    [
                        [-48.6557369, -27.011083, 1.0],
                        [-48.6555746, -27.0109575, 1.0],
                        [-48.6554338, -27.0108392, 1.0],
                        [-48.6553721, -27.0107628, 1.0],
                        [-48.6553815, -27.0106839, 1.0],
                        [-48.6554526, -27.0106349, 1.0]
                    ],
                    [
                        [-48.6556807, -27.0114013, 1.0],
                        [-48.6555918, -27.0111241, 1.0],
                        [-48.6556216, -27.0111057, 1.0],
                        [-48.6557369, -27.011083, 1.0]
                    ],
                    [
                        [-48.6547784, -27.0111223, 1.0],
                        [-48.6547349, -27.011042, 1.0],
                        [-48.6546959, -27.0109043, 1.0],
                        [-48.6547034, -27.0108549, 1.0],
                        [-48.6547298, -27.010822, 1.0],
                        [-48.6547582, -27.0108026, 1.0],
                        [-48.654782, -27.0107929, 1.0],
                        [-48.6548028, -27.0107891, 1.0],
                        [-48.6548236, -27.0107861, 1.0],
                        [-48.6548608, -27.0107828, 1.0],
                        [-48.6549222, -27.0107891, 1.0],
                        [-48.6549637, -27.0108036, 1.0],
                        [-48.6550276, -27.0108406, 1.0],
                        [-48.655101, -27.0108912, 1.0],
                        [-48.6552508, -27.0110136, 1.0],
                        [-48.6556807, -27.0114013, 1.0]
                    ],
                    [
                        [-48.6537641, -27.0076359, 1.0],
                        [-48.6555171, -27.0087789, 1.0]
                    ],
                    [
                        [-48.655286, -27.0114682, 1.0],
                        [-48.655007, -27.0112742, 1.0],
                        [-48.6547784, -27.0111223, 1.0]
                    ],
                    [
                        [-48.6540943, -27.0109715, 1.0],
                        [-48.6547327, -27.0114518, 1.0],
                        [-48.6548799, -27.0115863, 1.0]
                    ],
                    [
                        [-48.6548799, -27.0115863, 1.0],
                        [-48.6548771, -27.0114915, 1.0],
                        [-48.6547784, -27.0111223, 1.0]
                    ],
                    [
                        [-48.6548477, -27.0121678, 1.0],
                        [-48.6548821, -27.011891, 1.0],
                        [-48.6548799, -27.0115863, 1.0]
                    ],
                    [
                        [-48.6548477, -27.0121678, 1.0],
                        [-48.6540285, -27.0115342, 1.0],
                        [-48.6536366, -27.0119836, 1.0],
                        [-48.654597, -27.0126685, 1.0]
                    ],
                    [
                        [-48.654597, -27.0126685, 1.0],
                        [-48.6546721, -27.0125813, 1.0],
                        [-48.6547324, -27.0124845, 1.0],
                        [-48.6547793, -27.0123817, 1.0],
                        [-48.6547968, -27.0123041, 1.0],
                        [-48.6548477, -27.0121678, 1.0]
                    ],
                    [
                        [-48.654267, -27.0128883, 1.0],
                        [-48.6543515, -27.0128382, 1.0],
                        [-48.6544575, -27.0127784, 1.0],
                        [-48.654597, -27.0126685, 1.0]
                    ],
                    [
                        [-48.654267, -27.0128883, 1.0],
                        [-48.6538617, -27.0125651, 1.0]
                    ],
                    [
                        [-48.6519443, -27.0143579, 1.0],
                        [-48.652004, -27.0142804, 1.0],
                        [-48.6522, -27.0140354, 1.0],
                        [-48.652472, -27.0136766, 1.0],
                        [-48.6527647, -27.0132992, 1.0],
                        [-48.6529989, -27.0129693, 1.0],
                        [-48.653117, -27.0127826, 1.0],
                        [-48.6532277, -27.0126171, 1.0],
                        [-48.6533685, -27.0127862, 1.0],
                        [-48.6534215, -27.0128441, 1.0],
                        [-48.6535113, -27.012914, 1.0],
                        [-48.6536314, -27.0129756, 1.0],
                        [-48.653791, -27.0129959, 1.0],
                        [-48.6539747, -27.012972, 1.0],
                        [-48.6541919, -27.0129194, 1.0],
                        [-48.654267, -27.0128883, 1.0]
                    ],
                    [
                        [-48.6515666, -27.0377498, 1.0],
                        [-48.6517977, -27.0378482, 1.0],
                        [-48.6518526, -27.0378767, 1.0],
                        [-48.6518903, -27.0379076, 1.0],
                        [-48.6519424, -27.0380225, 1.0],
                        [-48.6520065, -27.0382472, 1.0],
                        [-48.6520212, -27.0383092, 1.0],
                        [-48.6520252, -27.0383418, 1.0],
                        [-48.6520309, -27.0383742, 1.0],
                        [-48.6520371, -27.0384096, 1.0],
                        [-48.6520494, -27.0384518, 1.0],
                        [-48.6520674, -27.0385088, 1.0],
                        [-48.652338, -27.0389405, 1.0]
                    ],
                    [
                        [-48.6473315, -27.0062895, 1.0],
                        [-48.6478331, -27.0065755, 1.0],
                        [-48.6480014, -27.0066848, 1.0],
                        [-48.6480919, -27.0067194, 1.0],
                        [-48.6481684, -27.0067224, 1.0],
                        [-48.6482636, -27.0067248, 1.0],
                        [-48.6483615, -27.0067553, 1.0],
                        [-48.6490228, -27.0072153, 1.0]
                    ],
                    [
                        [-48.6454171, -27.051734, 1.0],
                        [-48.6452481, -27.0515166, 1.0],
                        [-48.6451744, -27.0514653, 1.0],
                        [-48.6451046, -27.051445, 1.0],
                        [-48.644882, -27.0514414, 1.0],
                        [-48.6447439, -27.0514008, 1.0],
                        [-48.6446004, -27.0513387, 1.0],
                        [-48.6444703, -27.0513028, 1.0],
                        [-48.6443415, -27.05131, 1.0],
                        [-48.64419, -27.051359, 1.0],
                        [-48.6441109, -27.0514223, 1.0],
                        [-48.644021, -27.0514581, 1.0],
                        [-48.6438856, -27.05147, 1.0],
                        [-48.6436743, -27.0514461, 1.0],
                        [-48.6435858, -27.051399, 1.0],
                        [-48.6434738, -27.0513321, 1.0],
                        [-48.6434121, -27.0512957, 1.0],
                        [-48.6432807, -27.0511983, 1.0],
                        [-48.6432452, -27.0511601, 1.0],
                        [-48.643215, -27.0511272, 1.0],
                        [-48.6431915, -27.0511034, 1.0],
                        [-48.643154, -27.0510777, 1.0],
                        [-48.6431044, -27.051055, 1.0],
                        [-48.6430192, -27.0510054, 1.0],
                        [-48.6428449, -27.0509075, 1.0],
                        [-48.6427818, -27.0508824, 1.0],
                        [-48.6426236, -27.0508215, 1.0],
                        [-48.6423178, -27.0507438, 1.0],
                        [-48.6421803, -27.0506943, 1.0],
                        [-48.6421398, -27.0506799, 1.0],
                        [-48.6421015, -27.050659, 1.0],
                        [-48.6420644, -27.0506404, 1.0]
                    ],
                    [
                        [-48.6420644, -27.0506404, 1.0],
                        [-48.6421354, -27.0507606, 1.0],
                        [-48.6422219, -27.0508734, 1.0],
                        [-48.6422635, -27.050929, 1.0],
                        [-48.6423017, -27.0509791, 1.0],
                        [-48.6423419, -27.0510448, 1.0],
                        [-48.6423875, -27.0511404, 1.0],
                        [-48.6424211, -27.0512455, 1.0],
                        [-48.6424398, -27.0513554, 1.0],
                        [-48.6424492, -27.0514318, 1.0]
                    ],
                    [
                        [-48.6412476, -27.0488794, 1.0],
                        [-48.6414649, -27.0490251, 1.0],
                        [-48.641552, -27.0490968, 1.0],
                        [-48.6416714, -27.049172, 1.0],
                        [-48.6418886, -27.0492926, 1.0],
                        [-48.6420979, -27.0493655, 1.0]
                    ],
                    [
                        [-48.6420644, -27.0506404, 1.0],
                        [-48.6419678, -27.0504882, 1.0],
                        [-48.6419222, -27.0504237, 1.0],
                        [-48.6418498, -27.0503437, 1.0],
                        [-48.6418109, -27.0502959, 1.0],
                        [-48.64178, -27.0502488, 1.0],
                        [-48.6417452, -27.0501932, 1.0],
                        [-48.6416493, -27.0499735, 1.0],
                        [-48.641605, -27.0499072, 1.0],
                        [-48.6415755, -27.049863, 1.0],
                        [-48.6415453, -27.0498134, 1.0],
                        [-48.6414782, -27.0496833, 1.0],
                        [-48.6414524, -27.0496413, 1.0],
                        [-48.6414396, -27.049606, 1.0],
                        [-48.6414328, -27.0495593, 1.0],
                        [-48.6414361, -27.0494973, 1.0],
                        [-48.6414266, -27.0492843, 1.0],
                        [-48.6414206, -27.0492061, 1.0],
                        [-48.6414079, -27.0491493, 1.0],
                        [-48.6413763, -27.049083, 1.0],
                        [-48.6413285, -27.0490039, 1.0],
                        [-48.6412476, -27.0488794, 1.0]
                    ],
                    [
                        [-48.6414058, -27.0465422, 1.0],
                        [-48.641546, -27.0474661, 1.0]
                    ],
                    [
                        [-48.6413404, -27.0461097, 1.0],
                        [-48.6414058, -27.0465422, 1.0]
                    ],
                    [
                        [-48.6408657, -27.0466854, 1.0],
                        [-48.6414058, -27.0465422, 1.0]
                    ],
                    [
                        [-48.6412476, -27.0488794, 1.0],
                        [-48.6411926, -27.0488041, 1.0],
                        [-48.6411215, -27.0487038, 1.0],
                        [-48.6410116, -27.0486047, 1.0],
                        [-48.6408037, -27.0484028, 1.0],
                        [-48.6407366, -27.0483276, 1.0],
                        [-48.6406763, -27.0482416, 1.0],
                        [-48.6406334, -27.048146, 1.0],
                        [-48.6405945, -27.0480696, 1.0],
                        [-48.6405543, -27.0479728, 1.0],
                        [-48.6404912, -27.0478175, 1.0]
                    ],
                    [
                        [-48.6409722, -27.0470765, 1.0],
                        [-48.6410555, -27.0472368, 1.0]
                    ],
                    [
                        [-48.6407114, -27.0460487, 1.0],
                        [-48.6410288, -27.0460048, 1.0]
                    ],
                    [
                        [-48.6409722, -27.0470765, 1.0],
                        [-48.6409727, -27.0470197, 1.0],
                        [-48.6409539, -27.0469599, 1.0],
                        [-48.6408657, -27.0466854, 1.0]
                    ],
                    [
                        [-48.6403361, -27.0473583, 1.0],
                        [-48.6404526, -27.0473349, 1.0],
                        [-48.6404899, -27.0473141, 1.0],
                        [-48.6405413, -27.0472683, 1.0],
                        [-48.640574, -27.0472434, 1.0],
                        [-48.6406113, -27.0472226, 1.0],
                        [-48.6408868, -27.0471427, 1.0],
                        [-48.6409378, -27.0471164, 1.0],
                        [-48.6409722, -27.0470765, 1.0]
                    ],
                    [
                        [-48.6408657, -27.0466854, 1.0],
                        [-48.6407114, -27.0460487, 1.0]
                    ],
                    [
                        [-48.6400481, -27.0462486, 1.0],
                        [-48.6402586, -27.0461695, 1.0],
                        [-48.6403387, -27.046142, 1.0],
                        [-48.6404188, -27.0461146, 1.0],
                        [-48.6404927, -27.0460926, 1.0],
                        [-48.6405605, -27.0460762, 1.0],
                        [-48.6406468, -27.0460597, 1.0],
                        [-48.6407114, -27.0460487, 1.0]
                    ],
                    [
                        [-48.6404228, -27.0580175, 1.0],
                        [-48.6404805, -27.0578013, 1.0],
                        [-48.6405475, -27.0576747, 1.0],
                        [-48.6407527, -27.05748, 1.0],
                        [-48.6408265, -27.057394, 1.0],
                        [-48.6408533, -27.0573176, 1.0],
                        [-48.6408319, -27.0572304, 1.0],
                        [-48.6408037, -27.057179, 1.0],
                        [-48.640455, -27.0567228, 1.0],
                        [-48.6402833, -27.0565317, 1.0],
                        [-48.6400835, -27.056398, 1.0],
                        [-48.639991, -27.0562929, 1.0],
                        [-48.6398917, -27.0560946, 1.0],
                        [-48.6397657, -27.0559346, 1.0],
                        [-48.6395699, -27.0558103, 1.0],
                        [-48.6392051, -27.0557076, 1.0],
                        [-48.6389905, -27.0556169, 1.0],
                        [-48.6388806, -27.0554855, 1.0],
                        [-48.6386311, -27.055163, 1.0],
                        [-48.6382931, -27.0548334, 1.0],
                        [-48.6382355, -27.0547092, 1.0],
                        [-48.6382355, -27.0545873, 1.0],
                        [-48.6382636, -27.0544655, 1.0],
                        [-48.6382797, -27.0543174, 1.0],
                        [-48.6382797, -27.0539472, 1.0],
                        [-48.6382931, -27.0537083, 1.0],
                        [-48.6382154, -27.0534957, 1.0],
                        [-48.6380035, -27.0531469, 1.0],
                        [-48.6379458, -27.0530048, 1.0],
                        [-48.6379311, -27.052785, 1.0],
                        [-48.6379565, -27.0526776, 1.0],
                        [-48.6379901, -27.0526047, 1.0],
                        [-48.6381812, -27.0524912, 1.0],
                        [-48.6381979, -27.0524596, 1.0],
                        [-48.638206, -27.0524082, 1.0],
                        [-48.6381859, -27.0523652, 1.0],
                        [-48.6381, -27.0523025, 1.0],
                        [-48.6380008, -27.0521747, 1.0],
                        [-48.6379734, -27.0520697, 1.0],
                        [-48.6379659, -27.0519131, 1.0],
                        [-48.6379552, -27.0518116, 1.0],
                        [-48.6379243, -27.0517053, 1.0],
                        [-48.6378613, -27.0516241, 1.0],
                        [-48.6377835, -27.0515656, 1.0],
                        [-48.6376266, -27.0514688, 1.0],
                        [-48.6375301, -27.0513721, 1.0],
                        [-48.6374348, -27.0512407, 1.0],
                        [-48.6373463, -27.0511882, 1.0],
                        [-48.63729, -27.0511774, 1.0],
                        [-48.6371411, -27.051212, 1.0],
                        [-48.6369225, -27.0512837, 1.0],
                        [-48.6368434, -27.0512825, 1.0],
                        [-48.6367723, -27.0512288, 1.0],
                        [-48.6364156, -27.0509254, 1.0],
                        [-48.6360696, -27.0506578, 1.0],
                        [-48.6356632, -27.0502016, 1.0],
                        [-48.6355372, -27.0500427, 1.0],
                        [-48.6354011, -27.0499143, 1.0]
                    ],
                    [
                        [-48.6398651, -27.0452566, 1.0],
                        [-48.6397563, -27.0452184, 1.0],
                        [-48.6396892, -27.0451898, 1.0],
                        [-48.6396141, -27.0451599, 1.0],
                        [-48.6395498, -27.045136, 1.0],
                        [-48.6395001, -27.0451145, 1.0],
                        [-48.6394639, -27.045093, 1.0]
                    ],
                    [
                        [-48.63937, -27.0182533, 1.0],
                        [-48.639529, -27.0200203, 1.0]
                    ],
                    [
                        [-48.6394639, -27.045093, 1.0],
                        [-48.639413, -27.0450608, 1.0],
                        [-48.639358, -27.0450357, 1.0],
                        [-48.6392936, -27.0450023, 1.0],
                        [-48.6391836, -27.0449664, 1.0],
                        [-48.6390951, -27.0449354, 1.0],
                        [-48.6390227, -27.0449162, 1.0],
                        [-48.6389449, -27.044884, 1.0],
                        [-48.6388698, -27.044847, 1.0],
                        [-48.6387907, -27.0448087, 1.0],
                        [-48.638733, -27.0447526, 1.0],
                        [-48.6386834, -27.0446941, 1.0],
                        [-48.6386244, -27.04462, 1.0],
                        [-48.6385708, -27.0445507, 1.0],
                        [-48.6385292, -27.0445077, 1.0],
                        [-48.6384796, -27.0444647, 1.0],
                        [-48.6382677, -27.0442951, 1.0],
                        [-48.6381993, -27.0442497, 1.0],
                        [-48.638151, -27.0442127, 1.0],
                        [-48.6381121, -27.0441864, 1.0],
                        [-48.638045, -27.0441566, 1.0],
                        [-48.6379203, -27.04411, 1.0]
                    ],
                    [
                        [-48.6394639, -27.045093, 1.0],
                        [-48.6392321, -27.0452086, 1.0]
                    ],
                    [
                        [-48.6368998, -27.0403614, 1.0],
                        [-48.6362105, -27.0404379, 1.0],
                        [-48.6348219, -27.0405829, 1.0]
                    ],
                    [
                        [-48.6359142, -27.0235058, 1.0],
                        [-48.635811, -27.0238177, 1.0],
                        [-48.6357751, -27.0240135, 1.0],
                        [-48.6357702, -27.0242081, 1.0],
                        [-48.6358031, -27.0244378, 1.0],
                        [-48.6358625, -27.0247474, 1.0],
                        [-48.6358626, -27.0248653, 1.0],
                        [-48.6357351, -27.0259201, 1.0],
                        [-48.6357216, -27.0259744, 1.0],
                        [-48.6356547, -27.0260059, 1.0],
                        [-48.6355461, -27.0259887, 1.0],
                        [-48.6354228, -27.0259299, 1.0],
                        [-48.6352852, -27.0258162, 1.0],
                        [-48.635162, -27.0256143, 1.0],
                        [-48.6351167, -27.0253906, 1.0],
                        [-48.6350875, -27.0247701, 1.0],
                        [-48.6349771, -27.0245095, 1.0]
                    ],
                    [
                        [-48.6354011, -27.0499143, 1.0],
                        [-48.6353977, -27.0499675, 1.0],
                        [-48.6353949, -27.0500044, 1.0],
                        [-48.635393, -27.0500374, 1.0],
                        [-48.6353836, -27.0500905, 1.0],
                        [-48.6353561, -27.050278, 1.0],
                        [-48.6353497, -27.0503335, 1.0],
                        [-48.6353497, -27.0503669, 1.0],
                        [-48.6353497, -27.0503956, 1.0],
                        [-48.6353551, -27.0504195, 1.0],
                        [-48.6353658, -27.0504457, 1.0],
                        [-48.6355804, -27.0506691, 1.0]
                    ],
                    [
                        [-48.6351616, -27.0465895, 1.0],
                        [-48.6350021, -27.0466554, 1.0],
                        [-48.6349551, -27.0466733, 1.0],
                        [-48.6349283, -27.0466864, 1.0],
                        [-48.6349042, -27.0467013, 1.0],
                        [-48.6348747, -27.0467223, 1.0],
                        [-48.6348452, -27.0467497, 1.0],
                        [-48.634823, -27.0467766, 1.0],
                        [-48.6348083, -27.0467957, 1.0],
                        [-48.6347989, -27.0468208, 1.0],
                        [-48.6347915, -27.0468513, 1.0],
                        [-48.6347909, -27.0468889, 1.0],
                        [-48.6347962, -27.0469378, 1.0],
                        [-48.6348049, -27.0469946, 1.0],
                        [-48.6349015, -27.0478856, 1.0],
                        [-48.6350209, -27.0486668, 1.0],
                        [-48.6350302, -27.0487958, 1.0],
                        [-48.6350705, -27.0491398, 1.0],
                        [-48.6350705, -27.0492986, 1.0],
                        [-48.6350839, -27.0493978, 1.0],
                        [-48.635104, -27.0494838, 1.0],
                        [-48.6351174, -27.049553, 1.0],
                        [-48.6351399, -27.0496053, 1.0],
                        [-48.6351644, -27.0496629, 1.0],
                        [-48.6352113, -27.0497262, 1.0],
                        [-48.6353313, -27.049854, 1.0],
                        [-48.6354011, -27.0499143, 1.0]
                    ]
                ]
            }
        },
        {
            "type": "Feature",
            "properties": {
                "SETOR": "R01",
                "FREQUENCIA": "SEG - QUI",
                "TURNO": "MANHÃ",
                "HORARIO": "06:00 ÀS 14:20",
                "OPERACAO": "DOMICILIAR",
                "FILIAL": "CAMBORIÚ"
            },
            "geometry": {
                "type": "MultiLineString",
                "coordinates": [
                    [
                        [-48.7215275, -27.0294875, 1.0],
                        [-48.7216348, -27.029478, 1.0],
                        [-48.7217421, -27.0294302, 1.0],
                        [-48.7218494, -27.0293537, 1.0],
                        [-48.7221391, -27.0291243, 1.0],
                        [-48.7222249, -27.0290479, 1.0],
                        [-48.7223215, -27.0290097, 1.0],
                        [-48.7224288, -27.0290097, 1.0],
                        [-48.7225253, -27.0290383, 1.0],
                        [-48.7226111, -27.0291052, 1.0],
                        [-48.7227184, -27.0292581, 1.0],
                        [-48.7228365, -27.0293537, 1.0],
                        [-48.7229652, -27.0294302, 1.0],
                        [-48.7236733, -27.0296022, 1.0],
                        [-48.7239093, -27.0296882, 1.0],
                        [-48.7241561, -27.0298124, 1.0],
                        [-48.7243707, -27.0299367, 1.0],
                        [-48.7244887, -27.0300323, 1.0],
                        [-48.7247033, -27.0302712, 1.0],
                        [-48.7248106, -27.030405, 1.0],
                        [-48.7249071, -27.0304528, 1.0],
                        [-48.7254865, -27.0306152, 1.0],
                        [-48.7256152, -27.0306343, 1.0],
                        [-48.7257118, -27.030663, 1.0],
                        [-48.7258191, -27.0307012, 1.0],
                        [-48.7261946, -27.0309593, 1.0],
                        [-48.7263126, -27.0310071, 1.0],
                        [-48.7264628, -27.0309975, 1.0],
                        [-48.7265915, -27.0309879, 1.0],
                        [-48.7269778, -27.03116, 1.0]
                    ],
                    [
                        [-48.71007, -27.0119973, 1.0],
                        [-48.7104554, -27.0124462, 1.0],
                        [-48.7108416, -27.012905, 1.0],
                        [-48.7116677, -27.0140233, 1.0],
                        [-48.7118179, -27.0142527, 1.0],
                        [-48.7121076, -27.014549, 1.0],
                        [-48.7127192, -27.0151225, 1.0],
                        [-48.7129418, -27.0152975, 1.0],
                        [-48.7130839, -27.0154092, 1.0],
                        [-48.7131698, -27.0155048, 1.0],
                        [-48.7132663, -27.0156577, 1.0],
                        [-48.7134487, -27.0159063, 1.0],
                        [-48.7140173, -27.0165467, 1.0],
                        [-48.7145456, -27.0172017, 1.0],
                        [-48.715058, -27.017837, 1.0],
                        [-48.7151546, -27.0179708, 1.0],
                        [-48.7152297, -27.018095, 1.0],
                        [-48.7153477, -27.0183913, 1.0],
                        [-48.7160558, -27.0204845, 1.0],
                        [-48.7160987, -27.0206374, 1.0],
                        [-48.7161095, -27.0209528, 1.0],
                        [-48.7160666, -27.0211727, 1.0],
                        [-48.71597, -27.0216123, 1.0],
                        [-48.7159593, -27.0218035, 1.0],
                        [-48.7159807, -27.0219181, 1.0],
                        [-48.7165708, -27.0226636, 1.0],
                        [-48.7166888, -27.0227879, 1.0],
                        [-48.7168283, -27.0228835, 1.0],
                        [-48.716957, -27.0229504, 1.0],
                        [-48.7172038, -27.0230459, 1.0],
                        [-48.7173433, -27.0231511, 1.0],
                        [-48.7178261, -27.0236863, 1.0],
                        [-48.7179226, -27.0238297, 1.0],
                        [-48.7179656, -27.0239443, 1.0],
                        [-48.7179977, -27.0240781, 1.0],
                        [-48.7179656, -27.0253493, 1.0],
                        [-48.7179977, -27.0254831, 1.0],
                        [-48.7180514, -27.0256073, 1.0],
                        [-48.7181158, -27.0256742, 1.0],
                        [-48.7182231, -27.0257698, 1.0],
                        [-48.7182982, -27.0258558, 1.0],
                        [-48.7183947, -27.0260087, 1.0],
                        [-48.7184698, -27.0261234, 1.0],
                        [-48.7185878, -27.0264101, 1.0],
                        [-48.7186522, -27.0266204, 1.0],
                        [-48.7186951, -27.026802, 1.0],
                        [-48.7187166, -27.0269167, 1.0],
                        [-48.7187058, -27.02706, 1.0],
                        [-48.7187273, -27.0271747, 1.0],
                        [-48.7188561, -27.0274996, 1.0],
                        [-48.7191457, -27.0279297, 1.0],
                        [-48.7193281, -27.0281973, 1.0],
                        [-48.7194461, -27.0282929, 1.0],
                        [-48.7196071, -27.0284171, 1.0],
                        [-48.7197465, -27.0284649, 1.0],
                        [-48.7200255, -27.0285127, 1.0],
                        [-48.7201435, -27.0285509, 1.0],
                        [-48.7202401, -27.0285987, 1.0],
                        [-48.7203795, -27.0287325, 1.0],
                        [-48.7207121, -27.0290001, 1.0],
                        [-48.7212486, -27.0294015, 1.0],
                        [-48.7214095, -27.029478, 1.0],
                        [-48.7215275, -27.0294875, 1.0]
                    ],
                    [
                        [-48.7215275, -27.0294875, 1.0],
                        [-48.7214824, -27.029729, 1.0],
                        [-48.7213983, -27.0299952, 1.0],
                        [-48.7212862, -27.0303363, 1.0],
                        [-48.7212862, -27.0305527, 1.0],
                        [-48.721417, -27.0307773, 1.0],
                        [-48.7215571, -27.0310102, 1.0],
                        [-48.7217532, -27.031551, 1.0],
                        [-48.721828, -27.0317757, 1.0],
                        [-48.7217439, -27.0320918, 1.0],
                        [-48.7212769, -27.0329654, 1.0],
                        [-48.7212582, -27.03319, 1.0],
                        [-48.7210808, -27.0336975, 1.0],
                        [-48.7210434, -27.0338389, 1.0],
                        [-48.7211088, -27.0341301, 1.0],
                        [-48.721006, -27.0348123, 1.0]
                    ],
                    [
                        [-48.714498467320226, -27.007216000183348, 1.0],
                        [-48.7144713, -27.0072459, 1.0],
                        [-48.713978, -27.0078948, 1.0],
                        [-48.7134569, -27.008306, 1.0],
                        [-48.713045, -27.0087968, 1.0],
                        [-48.7129232, -27.0089484, 1.0],
                        [-48.7127075, -27.0092168, 1.0],
                        [-48.7124495, -27.0097562, 1.0],
                        [-48.7123651, -27.0100215, 1.0],
                        [-48.7121666, -27.0101144, 1.0],
                        [-48.7118093, -27.010163, 1.0],
                        [-48.7113328, -27.0104504, 1.0],
                        [-48.71105, -27.0107068, 1.0],
                        [-48.7107825, -27.0111089, 1.0],
                        [-48.7106381, -27.0113258, 1.0],
                        [-48.7102013, -27.0119095, 1.0],
                        [-48.71007, -27.0119973, 1.0]
                    ],
                    [
                        [-48.71007, -27.0119973, 1.0],
                        [-48.7099879, -27.0120289, 1.0],
                        [-48.7097944, -27.0120463, 1.0],
                        [-48.7096157, -27.0120244, 1.0],
                        [-48.7093229, -27.0118741, 1.0],
                        [-48.7089954, -27.0117724, 1.0],
                        [-48.7086976, -27.0118122, 1.0],
                        [-48.708375, -27.0120465, 1.0],
                        [-48.708112, -27.0124356, 1.0],
                        [-48.7077795, -27.012838, 1.0],
                        [-48.7072981, -27.0132492, 1.0],
                        [-48.7068365, -27.0135498, 1.0],
                        [-48.7066281, -27.0136161, 1.0],
                        [-48.7060723, -27.0137134, 1.0],
                        [-48.7054569, -27.013541, 1.0],
                        [-48.7051045, -27.0134128, 1.0],
                        [-48.704504, -27.0131607, 1.0],
                        [-48.7039821, -27.0129758, 1.0],
                        [-48.7034718, -27.0128468, 1.0],
                        [-48.7029804, -27.0127761, 1.0],
                        [-48.7027025, -27.0127849, 1.0],
                        [-48.7024883, -27.0128506, 1.0],
                        [-48.702241, -27.0129264, 1.0],
                        [-48.7016157, -27.0132447, 1.0],
                        [-48.70104, -27.0135808, 1.0],
                        [-48.7006132, -27.0139256, 1.0],
                        [-48.7001566, -27.0141334, 1.0],
                        [-48.6995958, -27.0143147, 1.0],
                        [-48.6990102, -27.0145314, 1.0],
                        [-48.6986281, -27.0147215, 1.0],
                        [-48.6983799, -27.0148585, 1.0],
                        [-48.6982263, -27.0149087, 1.0],
                        [-48.6979865, -27.0149369, 1.0]
                    ],
                    [
                        [-48.6914384, -27.0398098, 1.0],
                        [-48.6916517, -27.0398051, 1.0],
                        [-48.6918274, -27.0398505, 1.0],
                        [-48.6920406, -27.0399269, 1.0],
                        [-48.6924335, -27.040167, 1.0],
                        [-48.6932674, -27.0406912, 1.0],
                        [-48.6936446, -27.0409387, 1.0],
                        [-48.6941012, -27.0413587, 1.0],
                        [-48.6942233, -27.0415897, 1.0],
                        [-48.69426, -27.0416592, 1.0],
                        [-48.6945032, -27.0420394, 1.0],
                        [-48.6949449, -27.0425212, 1.0],
                        [-48.6953766, -27.0428748, 1.0],
                        [-48.6955007, -27.0430958, 1.0],
                        [-48.6955354, -27.0434848, 1.0],
                        [-48.6956545, -27.0439003, 1.0],
                        [-48.6960317, -27.0443069, 1.0],
                        [-48.6962451, -27.0444882, 1.0],
                        [-48.6966322, -27.044634, 1.0],
                        [-48.6973468, -27.0447755, 1.0],
                        [-48.6977836, -27.0447224, 1.0],
                        [-48.698131, -27.044581, 1.0],
                        [-48.6984486, -27.0446473, 1.0],
                        [-48.6988307, -27.0449655, 1.0],
                        [-48.6990789, -27.0452794, 1.0],
                        [-48.6992426, -27.0456374, 1.0],
                        [-48.6993965, -27.0459822, 1.0],
                        [-48.6996595, -27.0462208, 1.0],
                        [-48.7003047, -27.0465965, 1.0],
                        [-48.7011732, -27.0471535, 1.0],
                        [-48.7016297, -27.0473435, 1.0],
                        [-48.701992, -27.0476043, 1.0],
                        [-48.7023791, -27.04798, 1.0],
                        [-48.7026968, -27.0482054, 1.0],
                        [-48.703064, -27.0483513, 1.0],
                        [-48.7034263, -27.048674, 1.0],
                        [-48.7037141, -27.0489038, 1.0],
                        [-48.7039077, -27.049001, 1.0],
                        [-48.7041707, -27.0491204, 1.0],
                        [-48.7043097, -27.0492928, 1.0],
                        [-48.704662, -27.0498099, 1.0],
                        [-48.7049648, -27.050137, 1.0],
                        [-48.7052625, -27.0503447, 1.0],
                        [-48.705461, -27.0506099, 1.0],
                        [-48.705471, -27.0509016, 1.0],
                        [-48.7054561, -27.0513524, 1.0],
                        [-48.7054015, -27.0518563, 1.0],
                        [-48.7053221, -27.0523336, 1.0],
                        [-48.7052278, -27.0528375, 1.0],
                        [-48.7052327, -27.0533281, 1.0],
                        [-48.7050987, -27.053748, 1.0],
                        [-48.7049424, -27.0541214, 1.0],
                        [-48.7048828, -27.0547402, 1.0],
                        [-48.7047439, -27.0554031, 1.0],
                        [-48.7046148, -27.0556683, 1.0],
                        [-48.7043965, -27.0559777, 1.0],
                        [-48.7042476, -27.0561545, 1.0],
                        [-48.7042207, -27.0563205, 1.0],
                        [-48.7042441, -27.0564911, 1.0],
                        [-48.7042658, -27.0565644, 1.0],
                        [-48.7044178, -27.0570777, 1.0],
                        [-48.7044165, -27.057227, 1.0],
                        [-48.7044066, -27.0572924, 1.0],
                        [-48.7043802, -27.0574671, 1.0],
                        [-48.7043609, -27.0575995, 1.0],
                        [-48.7043132, -27.0579376, 1.0],
                        [-48.7042969, -27.058502, 1.0]
                    ],
                    [
                        [-48.6979865, -27.0149369, 1.0],
                        [-48.6979777, -27.0150365, 1.0],
                        [-48.6979563, -27.0151225, 1.0],
                        [-48.6977417, -27.0154953, 1.0],
                        [-48.6976773, -27.0155813, 1.0],
                        [-48.6975379, -27.0157055, 1.0],
                        [-48.6974413, -27.0158011, 1.0],
                        [-48.6973662, -27.0158967, 1.0],
                        [-48.6973233, -27.0159827, 1.0],
                        [-48.6972589, -27.0162217, 1.0],
                        [-48.6971945, -27.0164224, 1.0],
                        [-48.6970765, -27.0166327, 1.0],
                        [-48.6970443, -27.016776, 1.0],
                        [-48.6970336, -27.0169003, 1.0],
                        [-48.696937, -27.0170723, 1.0],
                        [-48.6968941, -27.0172157, 1.0],
                        [-48.6968941, -27.0173208, 1.0],
                        [-48.6968941, -27.0174355, 1.0],
                        [-48.6969585, -27.0178083, 1.0],
                        [-48.6969692, -27.017923, 1.0],
                        [-48.69698, -27.0180855, 1.0],
                        [-48.6969049, -27.0185538, 1.0],
                        [-48.6968727, -27.0187354, 1.0],
                        [-48.6968619, -27.0188883, 1.0],
                        [-48.6968619, -27.0190986, 1.0],
                        [-48.6969049, -27.0193854, 1.0],
                        [-48.6969263, -27.0195287, 1.0],
                        [-48.6969049, -27.0196721, 1.0],
                        [-48.6968727, -27.0198059, 1.0],
                        [-48.6967547, -27.0200544, 1.0],
                        [-48.696701, -27.0202169, 1.0],
                        [-48.6966581, -27.0203698, 1.0],
                        [-48.6966581, -27.0204749, 1.0],
                        [-48.696701, -27.020561, 1.0],
                        [-48.6967761, -27.0206948, 1.0],
                        [-48.6969156, -27.0209719, 1.0],
                        [-48.6970336, -27.0212396, 1.0],
                        [-48.6971087, -27.0214212, 1.0],
                        [-48.6971838, -27.0216314, 1.0],
                        [-48.6973233, -27.0221858, 1.0],
                        [-48.6973769, -27.0223291, 1.0],
                        [-48.6974413, -27.0224247, 1.0],
                        [-48.6975486, -27.0225298, 1.0],
                        [-48.6976022, -27.0225776, 1.0],
                        [-48.6977739, -27.0227974, 1.0],
                        [-48.6982567, -27.0234187, 1.0],
                        [-48.6984605, -27.0236385, 1.0],
                        [-48.6985035, -27.0237341, 1.0],
                        [-48.6985464, -27.0238583, 1.0],
                        [-48.6985544, -27.0240136, 1.0],
                        [-48.6986429, -27.0241737, 1.0],
                        [-48.6989219, -27.0243171, 1.0],
                        [-48.6991472, -27.0244031, 1.0],
                        [-48.6993725, -27.0244318, 1.0],
                        [-48.6995227, -27.0244604, 1.0],
                        [-48.6997158, -27.024556, 1.0]
                    ],
                    [
                        [-48.6979865, -27.0149369, 1.0],
                        [-48.6977287, -27.0149367, 1.0],
                        [-48.6974645, -27.014893, 1.0],
                        [-48.6971442, -27.0147852, 1.0],
                        [-48.6963948, -27.0144783, 1.0],
                        [-48.6960982, -27.0143789, 1.0],
                        [-48.6958423, -27.0143322, 1.0],
                        [-48.6949854, -27.0143014, 1.0],
                        [-48.6944503, -27.0143281, 1.0],
                        [-48.6939216, -27.0144419, 1.0],
                        [-48.6929159, -27.0148011, 1.0],
                        [-48.6919642, -27.0151931, 1.0]
                    ],
                    [
                        [-48.6914384, -27.0398098, 1.0],
                        [-48.6915827, -27.0396111, 1.0],
                        [-48.6916818, -27.0395513, 1.0],
                        [-48.6918092, -27.0395135, 1.0],
                        [-48.6919932, -27.0394757, 1.0],
                        [-48.6920923, -27.0394378, 1.0],
                        [-48.6922339, -27.0393622, 1.0],
                        [-48.6922905, -27.0392865, 1.0],
                        [-48.6924321, -27.03911, 1.0],
                        [-48.692602, -27.0389839, 1.0],
                        [-48.6928002, -27.038883, 1.0],
                        [-48.6931966, -27.0386182, 1.0],
                        [-48.6934797, -27.0383912, 1.0],
                        [-48.6936496, -27.0381895, 1.0],
                        [-48.693961, -27.0377986, 1.0],
                        [-48.6945273, -27.037269, 1.0],
                        [-48.6948104, -27.0369664, 1.0],
                        [-48.6949662, -27.0366889, 1.0],
                        [-48.6950511, -27.0363989, 1.0],
                        [-48.6950794, -27.0360963, 1.0],
                        [-48.6950936, -27.0358693, 1.0],
                        [-48.6950794, -27.0356297, 1.0],
                        [-48.6950511, -27.0353271, 1.0],
                        [-48.6950086, -27.0350875, 1.0],
                        [-48.694952, -27.0348227, 1.0],
                        [-48.6948387, -27.0345957, 1.0],
                        [-48.6947113, -27.0344066, 1.0],
                        [-48.6945415, -27.0341418, 1.0],
                        [-48.6944565, -27.0339904, 1.0],
                        [-48.6943574, -27.0337635, 1.0],
                        [-48.6943291, -27.0335995, 1.0],
                        [-48.6943291, -27.0334356, 1.0],
                        [-48.6943716, -27.0332843, 1.0],
                        [-48.6944424, -27.0330951, 1.0],
                        [-48.6944707, -27.0329816, 1.0],
                        [-48.6944565, -27.0328177, 1.0],
                        [-48.6943999, -27.0325403, 1.0],
                        [-48.6943716, -27.0322881, 1.0],
                        [-48.6943716, -27.0321494, 1.0],
                        [-48.6943433, -27.0320233, 1.0],
                        [-48.6942725, -27.0318846, 1.0],
                        [-48.6936213, -27.0308001, 1.0],
                        [-48.6935011, -27.0305592, 1.0],
                        [-48.6933911, -27.0303895, 1.0],
                        [-48.6932945, -27.0301482, 1.0],
                        [-48.6932194, -27.0298615, 1.0],
                        [-48.6932033, -27.0296345, 1.0],
                        [-48.693257, -27.0294458, 1.0],
                        [-48.6934581, -27.0290611, 1.0],
                        [-48.6935627, -27.0286788, 1.0]
                    ],
                    [
                        [-48.6919642, -27.0151931, 1.0],
                        [-48.6918314, -27.0149326, 1.0],
                        [-48.6917603, -27.0147642, 1.0],
                        [-48.6917415, -27.0146495, 1.0],
                        [-48.6916919, -27.0143723, 1.0],
                        [-48.691653, -27.0142277, 1.0],
                        [-48.6916007, -27.0141118, 1.0],
                        [-48.6915015, -27.0140162, 1.0],
                        [-48.6914103, -27.0139565, 1.0],
                        [-48.6912185, -27.0138597, 1.0],
                        [-48.6910281, -27.0137498, 1.0],
                        [-48.6907518, -27.0134881, 1.0],
                        [-48.690674, -27.013389, 1.0],
                        [-48.690387, -27.0130042, 1.0]
                    ],
                    [
                        [-48.6919642, -27.0151931, 1.0],
                        [-48.6911327, -27.0155133, 1.0],
                        [-48.6907174, -27.0157472, 1.0],
                        [-48.6904494, -27.0160567, 1.0],
                        [-48.6900871, -27.0162733, 1.0],
                        [-48.6896896, -27.0163544, 1.0],
                        [-48.6893731, -27.0164643, 1.0],
                        [-48.6889976, -27.0167104, 1.0],
                        [-48.6886704, -27.0168657, 1.0],
                        [-48.6882661, -27.0169434, 1.0],
                        [-48.6879274, -27.0169924, 1.0],
                        [-48.6876243, -27.0172027, 1.0],
                        [-48.6866952, -27.0180106, 1.0]
                    ],
                    [
                        [-48.6798902, -27.0288772, 1.0],
                        [-48.6797883, -27.0291232, 1.0],
                        [-48.6797252, -27.0295342, 1.0],
                        [-48.6796206, -27.0298257, 1.0],
                        [-48.6794423, -27.030153, 1.0],
                        [-48.6794087, -27.030282, 1.0],
                        [-48.6794342, -27.0304242, 1.0],
                        [-48.6796126, -27.0306762, 1.0],
                        [-48.6799264, -27.030994, 1.0],
                        [-48.679972, -27.0311971, 1.0],
                        [-48.6799693, -27.0312855, 1.0],
                        [-48.6799324, -27.0319254, 1.0],
                        [-48.6799473, -27.0325841, 1.0],
                        [-48.6800366, -27.0331322, 1.0],
                        [-48.6801805, -27.0332958, 1.0],
                        [-48.6804535, -27.0334035, 1.0],
                        [-48.6810326, -27.0336378, 1.0],
                        [-48.6814023, -27.0337818, 1.0],
                        [-48.6814909, -27.0339253, 1.0],
                        [-48.6815006, -27.0343125, 1.0],
                        [-48.6814758, -27.0347811, 1.0],
                        [-48.6813319, -27.0352453, 1.0],
                        [-48.6811433, -27.0356873, 1.0],
                        [-48.6809051, -27.0362399, 1.0],
                        [-48.6808544, -27.0365626, 1.0],
                        [-48.6809249, -27.0368366, 1.0],
                        [-48.6812376, -27.0372875, 1.0],
                        [-48.6816991, -27.0377428, 1.0],
                        [-48.6824287, -27.0383926, 1.0],
                        [-48.6830093, -27.0389054, 1.0],
                        [-48.6832922, -27.0391706, 1.0],
                        [-48.6834609, -27.0394756, 1.0],
                        [-48.6836297, -27.0397143, 1.0],
                        [-48.6838865, -27.0399191, 1.0],
                        [-48.6842277, -27.0401152, 1.0],
                        [-48.6845319, -27.0403193, 1.0],
                        [-48.6849962, -27.0405622, 1.0],
                        [-48.6852854, -27.0407027, 1.0],
                        [-48.6855436, -27.0407828, 1.0],
                        [-48.6858183, -27.0407752, 1.0],
                        [-48.6860317, -27.0406956, 1.0],
                        [-48.6861607, -27.0406912, 1.0],
                        [-48.6863999, -27.040775, 1.0],
                        [-48.6866237, -27.0409478, 1.0],
                        [-48.6868619, -27.0411644, 1.0],
                        [-48.6870141, -27.0414069, 1.0],
                        [-48.6870772, -27.041647, 1.0],
                        [-48.6871335, -27.041819, 1.0],
                        [-48.6873588, -27.041997, 1.0],
                        [-48.6877692, -27.0421272, 1.0],
                        [-48.6881011, -27.0420968, 1.0],
                        [-48.688261, -27.0419897, 1.0],
                        [-48.6883642, -27.0418714, 1.0],
                        [-48.6886584, -27.0416822, 1.0],
                        [-48.6890245, -27.0415801, 1.0],
                        [-48.6896199, -27.0414248, 1.0],
                        [-48.6898989, -27.0414105, 1.0],
                        [-48.6901134, -27.0415168, 1.0],
                        [-48.6903495, -27.0416482, 1.0],
                        [-48.6905305, -27.0416553, 1.0],
                        [-48.6906767, -27.0415622, 1.0],
                        [-48.6908457, -27.0413531, 1.0],
                        [-48.6911533, -27.0410846, 1.0],
                        [-48.6912695, -27.0407439, 1.0],
                        [-48.6912802, -27.0405158, 1.0],
                        [-48.6912426, -27.0402793, 1.0],
                        [-48.6912668, -27.0400786, 1.0],
                        [-48.6913472, -27.0399114, 1.0],
                        [-48.6914384, -27.0398098, 1.0]
                    ],
                    [
                        [-48.6902663, -27.026863, 1.0],
                        [-48.6896226, -27.0265094, 1.0],
                        [-48.6894134, -27.0264759, 1.0],
                        [-48.6889493, -27.0265811, 1.0],
                        [-48.6886141, -27.0265596, 1.0],
                        [-48.6883163, -27.0264616, 1.0],
                        [-48.6877826, -27.0258332, 1.0],
                        [-48.6875117, -27.0256588, 1.0],
                        [-48.6860445, -27.0250662, 1.0],
                        [-48.6859426, -27.0250686, 1.0],
                        [-48.6858796, -27.0251009, 1.0],
                        [-48.6852828, -27.0256086, 1.0],
                        [-48.6835085, -27.026231, 1.0],
                        [-48.6833918, -27.0262442, 1.0],
                        [-48.6828741, -27.0262239, 1.0]
                    ],
                    [
                        [-48.6842482, -27.0289216, 1.0],
                        [-48.6845307, -27.0289535, 1.0],
                        [-48.6847025, -27.029022, 1.0],
                        [-48.6848865, -27.0291355, 1.0],
                        [-48.6849715, -27.0292112, 1.0],
                        [-48.6850816, -27.0293801, 1.0],
                        [-48.6851969, -27.0295593, 1.0],
                        [-48.6852841, -27.029668, 1.0],
                        [-48.6853962, -27.0297534, 1.0],
                        [-48.6857843, -27.0299428, 1.0],
                        [-48.685897, -27.0300168, 1.0],
                        [-48.686007, -27.0300933, 1.0],
                        [-48.6861397, -27.0301888, 1.0],
                        [-48.6868398, -27.0305855, 1.0],
                        [-48.6874674, -27.0309259, 1.0],
                        [-48.6875197, -27.0309964, 1.0],
                        [-48.6875224, -27.0311039, 1.0],
                        [-48.6874875, -27.0315053, 1.0],
                        [-48.6875425, -27.0317382, 1.0],
                        [-48.6876404, -27.0318577, 1.0],
                        [-48.6877383, -27.0319115, 1.0],
                        [-48.687855, -27.0319246, 1.0],
                        [-48.6879677, -27.0318804, 1.0],
                        [-48.6880495, -27.0317526, 1.0],
                        [-48.6881179, -27.0315865, 1.0],
                        [-48.6881956, -27.0313739, 1.0],
                        [-48.6882466, -27.0312425, 1.0],
                        [-48.6882895, -27.0311541, 1.0],
                        [-48.6884826, -27.0309916, 1.0],
                        [-48.6886497, -27.030922, 1.0],
                        [-48.6889628, -27.0308315, 1.0],
                        [-48.6895448, -27.0305687, 1.0]
                    ],
                    [
                        [-48.6873185, -27.0150784, 1.0],
                        [-48.687619, -27.0153054, 1.0]
                    ],
                    [
                        [-48.6865971, -27.0145407, 1.0],
                        [-48.6873185, -27.0150784, 1.0]
                    ],
                    [
                        [-48.6855887, -27.0168904, 1.0],
                        [-48.6873185, -27.0150784, 1.0]
                    ],
                    [
                        [-48.6866952, -27.0180106, 1.0],
                        [-48.6865447, -27.0179148, 1.0],
                        [-48.6863945, -27.0178108, 1.0],
                        [-48.6862936, -27.0176125, 1.0]
                    ],
                    [
                        [-48.6866952, -27.0180106, 1.0],
                        [-48.6866547, -27.0181788, 1.0]
                    ],
                    [
                        [-48.6866547, -27.0181788, 1.0],
                        [-48.6865059, -27.018806, 1.0],
                        [-48.6863047, -27.0191381, 1.0],
                        [-48.6856824, -27.0196686, 1.0],
                        [-48.6854839, -27.019769, 1.0],
                        [-48.6848295, -27.0200366, 1.0],
                        [-48.6840693, -27.0203929, 1.0],
                        [-48.6825469, -27.0215849, 1.0],
                        [-48.6812863, -27.0221679, 1.0],
                        [-48.6806774, -27.0226124, 1.0],
                        [-48.6802697, -27.0233005, 1.0],
                        [-48.6800782, -27.023566, 1.0],
                        [-48.679052, -27.0246624, 1.0]
                    ],
                    [
                        [-48.6866547, -27.0181788, 1.0],
                        [-48.6860372, -27.0183537, 1.0]
                    ],
                    [
                        [-48.6862778, -27.0175178, 1.0],
                        [-48.6862309, -27.0173771, 1.0],
                        [-48.6855887, -27.0168904, 1.0]
                    ],
                    [
                        [-48.6860372, -27.0183537, 1.0],
                        [-48.6847631, -27.0173393, 1.0],
                        [-48.684293, -27.0168132, 1.0]
                    ],
                    [
                        [-48.6860372, -27.0183537, 1.0],
                        [-48.6859078, -27.0184009, 1.0],
                        [-48.6857642, -27.0184249, 1.0],
                        [-48.6855872, -27.0184452, 1.0],
                        [-48.6854504, -27.0184595, 1.0],
                        [-48.6853015, -27.0185037, 1.0],
                        [-48.6851057, -27.0185969, 1.0],
                        [-48.6849421, -27.0186435, 1.0],
                        [-48.6844392, -27.018677, 1.0]
                    ],
                    [
                        [-48.6860096, -27.0154272, 1.0],
                        [-48.6850414, -27.0164643, 1.0]
                    ],
                    [
                        [-48.6855887, -27.0168904, 1.0],
                        [-48.6850414, -27.0164643, 1.0]
                    ],
                    [
                        [-48.6850414, -27.0164643, 1.0],
                        [-48.6846578, -27.0168681, 1.0]
                    ],
                    [
                        [-48.6842482, -27.0289216, 1.0],
                        [-48.6843386, -27.0289979, 1.0],
                        [-48.6844593, -27.029128, 1.0],
                        [-48.6845224, -27.0292881, 1.0]
                    ],
                    [
                        [-48.6798902, -27.0288772, 1.0],
                        [-48.6802289, -27.0288329, 1.0],
                        [-48.6804838, -27.028795, 1.0],
                        [-48.680682, -27.0287572, 1.0],
                        [-48.6808235, -27.0287572, 1.0],
                        [-48.6812341, -27.028795, 1.0],
                        [-48.6813756, -27.0288076, 1.0],
                        [-48.6814889, -27.028795, 1.0],
                        [-48.681588, -27.0287572, 1.0],
                        [-48.6819278, -27.0285806, 1.0],
                        [-48.682041, -27.0285428, 1.0],
                        [-48.6821826, -27.0285302, 1.0],
                        [-48.6822817, -27.0285428, 1.0],
                        [-48.6824799, -27.0286311, 1.0],
                        [-48.6830037, -27.0289463, 1.0],
                        [-48.6831311, -27.029022, 1.0],
                        [-48.6832727, -27.0290346, 1.0],
                        [-48.684048, -27.0289252, 1.0],
                        [-48.6842482, -27.0289216, 1.0]
                    ],
                    [
                        [-48.6828741, -27.0262239, 1.0],
                        [-48.6831048, -27.0259981, 1.0],
                        [-48.6834723, -27.0255704, 1.0]
                    ],
                    [
                        [-48.6810999, -27.0259848, 1.0],
                        [-48.68123, -27.0260183, 1.0],
                        [-48.6813695, -27.0260756, 1.0],
                        [-48.6817987, -27.026305, 1.0],
                        [-48.6819381, -27.0263719, 1.0],
                        [-48.6820561, -27.0264292, 1.0],
                        [-48.6821634, -27.0264388, 1.0],
                        [-48.6823217, -27.0263922, 1.0],
                        [-48.6826033, -27.0262752, 1.0],
                        [-48.6828741, -27.0262239, 1.0]
                    ],
                    [
                        [-48.6810999, -27.0259848, 1.0],
                        [-48.6814043, -27.0255345, 1.0],
                        [-48.6816216, -27.0252717, 1.0],
                        [-48.6817825, -27.0251976, 1.0],
                        [-48.6821204, -27.0250591, 1.0],
                        [-48.6823994, -27.0249133, 1.0],
                        [-48.6825791, -27.0247771, 1.0],
                        [-48.682614, -27.0246947, 1.0],
                        [-48.6826019, -27.0246015, 1.0],
                        [-48.6825053, -27.0242168, 1.0]
                    ],
                    [
                        [-48.6809604, -27.0259539, 1.0],
                        [-48.6810999, -27.0259848, 1.0]
                    ],
                    [
                        [-48.679052, -27.0246624, 1.0],
                        [-48.6792922, -27.0248433, 1.0],
                        [-48.6795791, -27.0251248, 1.0],
                        [-48.6798768, -27.0255071, 1.0],
                        [-48.6801329, -27.0256898, 1.0],
                        [-48.6806613, -27.0258535, 1.0],
                        [-48.6809604, -27.0259539, 1.0]
                    ],
                    [
                        [-48.6809604, -27.0259539, 1.0],
                        [-48.6809684, -27.026108, 1.0],
                        [-48.680947, -27.0262286, 1.0],
                        [-48.6808585, -27.0264246, 1.0],
                        [-48.6808008, -27.0266575, 1.0],
                        [-48.680715, -27.0278211, 1.0],
                        [-48.6806265, -27.0282058, 1.0],
                        [-48.6804843, -27.0283491, 1.0],
                        [-48.6801732, -27.0285713, 1.0],
                        [-48.6798902, -27.0288772, 1.0]
                    ],
                    [
                        [-48.6777393, -27.0245574, 1.0],
                        [-48.6785244, -27.0235966, 1.0],
                        [-48.678809, -27.0232199, 1.0],
                        [-48.6791123, -27.0228407, 1.0],
                        [-48.6793777, -27.0225196, 1.0],
                        [-48.6799357, -27.0218169, 1.0]
                    ],
                    [
                        [-48.679052, -27.0246624, 1.0],
                        [-48.6785919, -27.0246185, 1.0],
                        [-48.6777393, -27.0245574, 1.0]
                    ],
                    [
                        [-48.6777393, -27.0245574, 1.0],
                        [-48.6770242, -27.0245382, 1.0],
                        [-48.6766756, -27.0244593, 1.0],
                        [-48.6761659, -27.0242634, 1.0],
                        [-48.6756147, -27.024169, 1.0],
                        [-48.6751279, -27.0240866, 1.0],
                        [-48.6742508, -27.0239671, 1.0],
                        [-48.6734907, -27.0239674, 1.0],
                        [-48.6731474, -27.0238719, 1.0],
                        [-48.6724149, -27.0235191, 1.0],
                        [-48.6722016, -27.0234737, 1.0],
                        [-48.6717805, -27.0234534, 1.0],
                        [-48.6715941, -27.0234188, 1.0],
                        [-48.6714064, -27.0233351, 1.0],
                        [-48.6711733, -27.0231837, 1.0],
                        [-48.6707012, -27.0222662, 1.0],
                        [-48.6706168, -27.0219681, 1.0],
                        [-48.6705347, -27.0215029, 1.0],
                        [-48.6704836, -27.021296, 1.0],
                        [-48.6704287, -27.021211, 1.0]
                    ],
                    [
                        [-48.6375264, -27.0705268, 1.0],
                        [-48.6376333, -27.0707256, 1.0],
                        [-48.6380625, -27.0710408, 1.0],
                        [-48.6384809, -27.071165, 1.0],
                        [-48.6387277, -27.0714325, 1.0],
                        [-48.6391568, -27.0714803, 1.0],
                        [-48.6394787, -27.0716236, 1.0],
                        [-48.6397469, -27.0719484, 1.0],
                        [-48.640101, -27.0721586, 1.0],
                        [-48.6402726, -27.0721681, 1.0],
                        [-48.6402941, -27.0720535, 1.0],
                        [-48.6399615, -27.0716045, 1.0],
                        [-48.6404228, -27.071165, 1.0],
                        [-48.6408305, -27.0707829, 1.0],
                        [-48.6412597, -27.0700091, 1.0],
                        [-48.6414957, -27.069283, 1.0],
                        [-48.641603, -27.0689295, 1.0],
                        [-48.6421073, -27.0684709, 1.0],
                        [-48.6424935, -27.0682703, 1.0],
                        [-48.6430192, -27.0682703, 1.0],
                        [-48.643384, -27.068385, 1.0],
                        [-48.6439204, -27.0683754, 1.0],
                        [-48.644253, -27.0682894, 1.0],
                        [-48.6444998, -27.0685474, 1.0],
                        [-48.6448109, -27.0687575, 1.0],
                        [-48.6450255, -27.0689964, 1.0],
                        [-48.6452293, -27.0691875, 1.0],
                        [-48.6454439, -27.069455, 1.0],
                        [-48.6456478, -27.0696651, 1.0],
                        [-48.6458623, -27.0697511, 1.0],
                        [-48.6460447, -27.0700186, 1.0],
                        [-48.6459267, -27.0702766, 1.0],
                        [-48.6457336, -27.0704103, 1.0],
                        [-48.6458623, -27.0708211, 1.0],
                        [-48.6463559, -27.0712797, 1.0],
                        [-48.6469352, -27.0716809, 1.0],
                        [-48.6473644, -27.0719389, 1.0],
                        [-48.6475039, -27.072149, 1.0],
                        [-48.6478472, -27.0721872, 1.0],
                        [-48.6480832, -27.0723496, 1.0],
                        [-48.6480102, -27.0726142, 1.0]
                    ],
                    [
                        [-48.6468577, -27.0840475, 1.0],
                        [-48.6466306, -27.083646, 1.0],
                        [-48.6465339, -27.0835313, 1.0],
                        [-48.646275, -27.0833171, 1.0],
                        [-48.6460765, -27.0832466, 1.0],
                        [-48.6458792, -27.0830365, 1.0],
                        [-48.6456638, -27.0829036, 1.0],
                        [-48.6454855, -27.0828683, 1.0],
                        [-48.6453248, -27.082849, 1.0],
                        [-48.6450725, -27.0825956, 1.0],
                        [-48.6450194, -27.0824633, 1.0],
                        [-48.6450442, -27.0823151, 1.0],
                        [-48.6450123, -27.0821702, 1.0],
                        [-48.6449679, -27.0821089, 1.0],
                        [-48.6448109, -27.0819563, 1.0],
                        [-48.6446202, -27.0818331, 1.0],
                        [-48.6443469, -27.0816156, 1.0],
                        [-48.6442394, -27.0814469, 1.0],
                        [-48.6441614, -27.0812698, 1.0],
                        [-48.6441204, -27.0811618, 1.0],
                        [-48.6441582, -27.0809392, 1.0],
                        [-48.6441524, -27.080774, 1.0],
                        [-48.644085, -27.0806104, 1.0],
                        [-48.643993, -27.0805915, 1.0],
                        [-48.6438839, -27.080608, 1.0],
                        [-48.6437259, -27.0806045, 1.0],
                        [-48.6435577, -27.0804434, 1.0],
                        [-48.6436179, -27.0803677, 1.0],
                        [-48.6436866, -27.0802229, 1.0],
                        [-48.6437034, -27.0800673, 1.0],
                        [-48.6436922, -27.0799028, 1.0],
                        [-48.6436606, -27.0796492, 1.0],
                        [-48.6436285, -27.0795169, 1.0],
                        [-48.64354, -27.0792301, 1.0],
                        [-48.6434709, -27.0791027, 1.0],
                        [-48.6433341, -27.0789332, 1.0],
                        [-48.6431354, -27.0788113, 1.0],
                        [-48.6428739, -27.0786082, 1.0],
                        [-48.6427579, -27.0784613, 1.0],
                        [-48.642606, -27.0782976, 1.0],
                        [-48.6424578, -27.078199, 1.0],
                        [-48.6421888, -27.0780615, 1.0],
                        [-48.6420731, -27.077957, 1.0],
                        [-48.6419393, -27.0778035, 1.0],
                        [-48.6418964, -27.0777223, 1.0],
                        [-48.6418557, -27.0775513, 1.0],
                        [-48.6417604, -27.0774088, 1.0],
                        [-48.6415973, -27.0772978, 1.0],
                        [-48.6413621, -27.0771651, 1.0],
                        [-48.6412184, -27.0770205, 1.0],
                        [-48.6411611, -27.0769156, 1.0],
                        [-48.6410461, -27.076705, 1.0],
                        [-48.6408959, -27.0765593, 1.0],
                        [-48.6407233, -27.0763386, 1.0],
                        [-48.6406492, -27.0761883, 1.0],
                        [-48.6406143, -27.075917, 1.0],
                        [-48.6406143, -27.0756966, 1.0],
                        [-48.6406143, -27.0755276, 1.0],
                        [-48.6405526, -27.0753484, 1.0],
                        [-48.6400349, -27.0745221, 1.0],
                        [-48.6399625, -27.0743358, 1.0],
                        [-48.6398874, -27.0740253, 1.0],
                        [-48.6398819, -27.0738231, 1.0],
                        [-48.6398821, -27.073605, 1.0],
                        [-48.6398043, -27.0733303, 1.0],
                        [-48.6396889, -27.0731894, 1.0],
                        [-48.6394475, -27.0729697, 1.0],
                        [-48.6393142, -27.0727988, 1.0],
                        [-48.6392195, -27.0726425, 1.0],
                        [-48.6390787, -27.072534, 1.0],
                        [-48.6389996, -27.072492, 1.0],
                        [-48.6387007, -27.0723769, 1.0],
                        [-48.6384337, -27.0721816, 1.0],
                        [-48.6383371, -27.0720502, 1.0],
                        [-48.6382208, -27.0717394, 1.0],
                        [-48.6381628, -27.0715964, 1.0],
                        [-48.6380089, -27.0714112, 1.0],
                        [-48.6376952, -27.0710476, 1.0],
                        [-48.6375577, -27.0707998, 1.0],
                        [-48.6375264, -27.0705268, 1.0]
                    ],
                    [
                        [-48.6375264, -27.0705268, 1.0],
                        [-48.6373866, -27.070267, 1.0],
                        [-48.637054, -27.0700664, 1.0],
                        [-48.6366892, -27.0699231, 1.0],
                        [-48.6363673, -27.0697607, 1.0],
                        [-48.6360562, -27.0693021, 1.0],
                        [-48.6360025, -27.0689391, 1.0],
                        [-48.6360455, -27.068662, 1.0],
                        [-48.635906, -27.0683372, 1.0],
                        [-48.6357021, -27.067955, 1.0],
                        [-48.6353803, -27.0675729, 1.0],
                        [-48.6353876, -27.0676702, 1.0],
                        [-48.6354103, -27.0677315, 1.0],
                        [-48.635448, -27.0677894, 1.0],
                        [-48.635509, -27.0678691, 1.0],
                        [-48.6356056, -27.0680467, 1.0],
                        [-48.6357021, -27.0683372, 1.0],
                        [-48.6356985, -27.0685726, 1.0],
                        [-48.6356907, -27.0688252, 1.0],
                        [-48.6357343, -27.0690728, 1.0],
                        [-48.6359203, -27.0694889, 1.0],
                        [-48.6361313, -27.0698849, 1.0],
                        [-48.6361162, -27.0699963, 1.0],
                        [-48.6360575, -27.0700549, 1.0],
                        [-48.6359718, -27.0700423, 1.0],
                        [-48.6358352, -27.0699068, 1.0],
                        [-48.6357243, -27.0698517, 1.0],
                        [-48.6355832, -27.0698332, 1.0],
                        [-48.6354225, -27.0698838, 1.0],
                        [-48.63534, -27.0700423, 1.0],
                        [-48.6353374, -27.0703201, 1.0],
                        [-48.6352301, -27.0705441, 1.0],
                        [-48.6350899, -27.07066, 1.0],
                        [-48.6349618, -27.0710982, 1.0],
                        [-48.6348371, -27.0711835, 1.0],
                        [-48.6346231, -27.0712433, 1.0],
                        [-48.634361, -27.0714325, 1.0],
                        [-48.6341047, -27.071427, 1.0],
                        [-48.633846, -27.0713465, 1.0],
                        [-48.6335456, -27.071165, 1.0],
                        [-48.6332758, -27.0708692, 1.0],
                        [-48.6331042, -27.0708161, 1.0],
                        [-48.6329234, -27.0708498, 1.0],
                        [-48.6326766, -27.0710217, 1.0],
                        [-48.6323547, -27.0711364, 1.0],
                        [-48.6322005, -27.0711374, 1.0],
                        [-48.6319859, -27.0711112, 1.0],
                        [-48.6315273, -27.0710192, 1.0],
                        [-48.6309493, -27.0707829, 1.0],
                        [-48.6308286, -27.0707804, 1.0],
                        [-48.6307347, -27.0708498, 1.0],
                        [-48.6307132, -27.071165, 1.0],
                        [-48.630681, -27.0713657, 1.0],
                        [-48.630563, -27.0717573, 1.0],
                        [-48.6303699, -27.0721226, 1.0],
                        [-48.6302391, -27.0722651, 1.0],
                        [-48.630091, -27.0722637, 1.0],
                        [-48.6299515, -27.0721968, 1.0],
                        [-48.6298548, -27.0720125, 1.0],
                        [-48.6297798, -27.0717287, 1.0],
                        [-48.6296794, -27.0715073, 1.0],
                        [-48.6295438, -27.0713657, 1.0],
                        [-48.6294241, -27.0712731, 1.0],
                        [-48.6292863, -27.0712606, 1.0],
                        [-48.6289467, -27.071278, 1.0],
                        [-48.6280736, -27.0712048, 1.0],
                        [-48.627998, -27.0711744, 1.0],
                        [-48.6279387, -27.0711055, 1.0],
                        [-48.6279413, -27.070931, 1.0],
                        [-48.6280458, -27.0707135, 1.0],
                        [-48.6281852, -27.0703672, 1.0],
                        [-48.6281396, -27.0702084, 1.0],
                        [-48.6280632, -27.0700377, 1.0],
                        [-48.6280605, -27.0699588, 1.0],
                        [-48.6281705, -27.0697511, 1.0],
                        [-48.6281602, -27.0695548, 1.0],
                        [-48.6280702, -27.0694062, 1.0],
                        [-48.6279994, -27.0693542, 1.0],
                        [-48.6279508, -27.0693186, 1.0],
                        [-48.6277762, -27.0693211, 1.0],
                        [-48.6276099, -27.0693629, 1.0],
                        [-48.6274181, -27.0694453, 1.0],
                        [-48.627227, -27.0695509, 1.0],
                        [-48.6270822, -27.0696032, 1.0],
                        [-48.6269459, -27.0695509, 1.0],
                        [-48.626772, -27.069442, 1.0],
                        [-48.6266604, -27.0694501, 1.0],
                        [-48.6265491, -27.069505, 1.0],
                        [-48.6263702, -27.069699, 1.0],
                        [-48.6261226, -27.0697701, 1.0],
                        [-48.6257967, -27.0697486, 1.0],
                        [-48.6256385, -27.0696651, 1.0],
                        [-48.6251986, -27.0695409, 1.0],
                        [-48.6247386, -27.0696184, 1.0],
                        [-48.6245294, -27.0698621, 1.0],
                        [-48.6244623, -27.0699039, 1.0],
                        [-48.6241499, -27.0699146, 1.0],
                        [-48.6238146, -27.0700186, 1.0],
                        [-48.6236349, -27.0702764, 1.0],
                        [-48.6235115, -27.0705224, 1.0],
                        [-48.623258, -27.0707911, 1.0],
                        [-48.6230689, -27.0709141, 1.0],
                        [-48.6227645, -27.0709464, 1.0],
                        [-48.622315394539214, -27.071210251369628, 1.0]
                    ]
                ]
            }
        },
        {
            "type": "Feature",
            "properties": {
                "SETOR": "R02",
                "FREQUENCIA": "TER - SEX",
                "TURNO": "MANHÃ",
                "HORARIO": "06:00 ÀS 14:20",
                "OPERACAO": "DOMICILIAR",
                "FILIAL": "CAMBORIÚ"
            },
            "geometry": {
                "type": "MultiLineString",
                "coordinates": [
                    [
                        [-48.7245595, -27.1356711, 1.0],
                        [-48.7246349, -27.1357362, 1.0],
                        [-48.7247196, -27.1357991, 1.0],
                        [-48.7248376, -27.1358502, 1.0],
                        [-48.725389, -27.1359084, 1.0],
                        [-48.7255528, -27.1359043, 1.0],
                        [-48.7256826, -27.1358745, 1.0],
                        [-48.7258147, -27.1358228, 1.0],
                        [-48.7259062, -27.1357611, 1.0],
                        [-48.7261599, -27.1355687, 1.0],
                        [-48.7262442, -27.1355119, 1.0],
                        [-48.7263379, -27.1354612, 1.0],
                        [-48.7264388, -27.1354451, 1.0],
                        [-48.7271424, -27.1354614, 1.0],
                        [-48.7275228, -27.1354451, 1.0],
                        [-48.7278028, -27.1354101, 1.0],
                        [-48.7282783, -27.1353653, 1.0],
                        [-48.728413, -27.1353358, 1.0],
                        [-48.7285408, -27.1352804, 1.0],
                        [-48.728708, -27.1351756, 1.0],
                        [-48.7289278, -27.1350458, 1.0],
                        [-48.7290415, -27.1350046, 1.0],
                        [-48.7291412, -27.1350174, 1.0],
                        [-48.7293812, -27.1350818, 1.0],
                        [-48.7294683, -27.1350849, 1.0],
                        [-48.729549, -27.1350475, 1.0],
                        [-48.729589, -27.135006, 1.0],
                        [-48.7295357, -27.1340668, 1.0],
                        [-48.7295506, -27.1340297, 1.0],
                        [-48.7295886, -27.1340081, 1.0],
                        [-48.7296372, -27.1340052, 1.0],
                        [-48.7296823, -27.1340223, 1.0],
                        [-48.729714, -27.1340541, 1.0],
                        [-48.7297364, -27.1340973, 1.0],
                        [-48.7297956, -27.1342735, 1.0],
                        [-48.7298825, -27.1344987, 1.0],
                        [-48.72994, -27.1345772, 1.0],
                        [-48.7300586, -27.1346336, 1.0],
                        [-48.7301965, -27.1346636, 1.0],
                        [-48.7303549, -27.1346292, 1.0],
                        [-48.7305071, -27.1345208, 1.0],
                        [-48.7305835, -27.13443, 1.0],
                        [-48.7308544, -27.1339446, 1.0],
                        [-48.7308926, -27.1338121, 1.0],
                        [-48.7308568, -27.1333859, 1.0],
                        [-48.7310202, -27.1331514, 1.0],
                        [-48.7312754, -27.1329751, 1.0],
                        [-48.7314168, -27.1327644, 1.0],
                        [-48.7314655, -27.132572, 1.0],
                        [-48.7314736, -27.1319654, 1.0],
                        [-48.7315267, -27.1318667, 1.0],
                        [-48.7316244, -27.131796, 1.0],
                        [-48.7317255, -27.1317648, 1.0],
                        [-48.7318649, -27.131766, 1.0],
                        [-48.7320446, -27.1317254, 1.0],
                        [-48.7321973, -27.1316575, 1.0],
                        [-48.7323788, -27.1315671, 1.0],
                        [-48.7325256, -27.1315555, 1.0],
                        [-48.7327321, -27.1315769, 1.0],
                        [-48.7329807, -27.1316443, 1.0],
                        [-48.7330759, -27.1316983, 1.0],
                        [-48.7331363, -27.1317547, 1.0],
                        [-48.7331685, -27.1318364, 1.0],
                        [-48.7332033, -27.1319796, 1.0],
                        [-48.7332672, -27.1320148, 1.0],
                        [-48.7333391, -27.1320118, 1.0],
                        [-48.7334025, -27.131976, 1.0],
                        [-48.7334595, -27.1319092, 1.0],
                        [-48.7335925, -27.1317048, 1.0],
                        [-48.7336644, -27.1316188, 1.0],
                        [-48.733778, -27.1315548, 1.0],
                        [-48.7338957, -27.1315173, 1.0],
                        [-48.7344968, -27.1313567, 1.0]
                    ],
                    [
                        [-48.7042275, -27.0946175, 1.0],
                        [-48.7050378, -27.0948595, 1.0],
                        [-48.7055849, -27.0949305, 1.0],
                        [-48.7058494, -27.0949364, 1.0],
                        [-48.706452, -27.094885, 1.0],
                        [-48.7066868, -27.0949055, 1.0],
                        [-48.7069703, -27.0949351, 1.0],
                        [-48.7076503, -27.095162, 1.0],
                        [-48.7081157, -27.0952375, 1.0],
                        [-48.708316, -27.0952623, 1.0],
                        [-48.7084615, -27.0952943, 1.0],
                        [-48.708661, -27.095442, 1.0],
                        [-48.7087934, -27.0955011, 1.0],
                        [-48.7090442, -27.0955721, 1.0],
                        [-48.709393, -27.0956367, 1.0],
                        [-48.7096034, -27.0956805, 1.0],
                        [-48.7102047, -27.0958981, 1.0],
                        [-48.7105481, -27.0960064, 1.0],
                        [-48.7106706, -27.0960621, 1.0],
                        [-48.710779, -27.0961428, 1.0],
                        [-48.7108165, -27.0962405, 1.0],
                        [-48.7108918, -27.0965353, 1.0],
                        [-48.7110538, -27.0969719, 1.0],
                        [-48.7112495, -27.0973801, 1.0],
                        [-48.7114578, -27.0975284, 1.0],
                        [-48.7115813, -27.0976424, 1.0],
                        [-48.7116557, -27.0977668, 1.0],
                        [-48.7116685, -27.0979092, 1.0],
                        [-48.7116305, -27.0981703, 1.0],
                        [-48.7116206, -27.0985676, 1.0],
                        [-48.7116679, -27.0987287, 1.0],
                        [-48.7117735, -27.0989185, 1.0],
                        [-48.7119303, -27.0991109, 1.0],
                        [-48.7120484, -27.099234, 1.0],
                        [-48.7123154, -27.0992938, 1.0],
                        [-48.7124749, -27.099333, 1.0],
                        [-48.7126867, -27.0994978, 1.0],
                        [-48.7128798, -27.0998249, 1.0],
                        [-48.7129576, -27.1000016, 1.0],
                        [-48.7129201, -27.1001843, 1.0],
                        [-48.7128626, -27.1003456, 1.0],
                        [-48.7128691, -27.1004481, 1.0],
                        [-48.7129295, -27.100583, 1.0],
                        [-48.7130113, -27.1006307, 1.0],
                        [-48.7133586, -27.1006544, 1.0],
                        [-48.7136926, -27.1006783, 1.0],
                        [-48.7140707, -27.1006843, 1.0],
                        [-48.7144717, -27.1006296, 1.0],
                        [-48.7145524, -27.100656, 1.0],
                        [-48.7146219, -27.1007191, 1.0],
                        [-48.7146877, -27.1008564, 1.0],
                        [-48.7147066, -27.1010022, 1.0],
                        [-48.714685, -27.1013459, 1.0],
                        [-48.7148004, -27.1017518, 1.0],
                        [-48.714915, -27.1022052, 1.0],
                        [-48.7150163, -27.1023177, 1.0],
                        [-48.7151785, -27.1024991, 1.0],
                        [-48.7152858, -27.1026687, 1.0],
                        [-48.715373, -27.1027141, 1.0],
                        [-48.7157149, -27.1028001, 1.0],
                        [-48.7158679, -27.1028669, 1.0],
                        [-48.7159993, -27.1029574, 1.0],
                        [-48.7161923, -27.1032011, 1.0],
                        [-48.7164096, -27.1033014, 1.0],
                        [-48.716702, -27.1033778, 1.0],
                        [-48.7169381, -27.1034614, 1.0],
                        [-48.7171097, -27.1035998, 1.0],
                        [-48.717362, -27.1037051, 1.0],
                        [-48.7176703, -27.1037955, 1.0],
                        [-48.7181745, -27.1038673, 1.0],
                        [-48.7183408, -27.1039222, 1.0],
                        [-48.7185583, -27.1040226, 1.0],
                        [-48.7187781, -27.1041705, 1.0],
                        [-48.7188505, -27.1043401, 1.0],
                        [-48.7188934, -27.1046767, 1.0],
                        [-48.7189846, -27.1049632, 1.0],
                        [-48.7191052, -27.105264, 1.0],
                        [-48.7192957, -27.1054214, 1.0],
                        [-48.7196015, -27.1055386, 1.0],
                        [-48.720398, -27.1057774, 1.0],
                        [-48.720669, -27.1059111, 1.0],
                        [-48.7211947, -27.1061974, 1.0],
                        [-48.7217365, -27.1064722, 1.0],
                        [-48.7218975, -27.1065412, 1.0],
                        [-48.722112, -27.106625, 1.0],
                        [-48.7223856, -27.106859, 1.0],
                        [-48.722745, -27.107272, 1.0],
                        [-48.722965, -27.1076182, 1.0],
                        [-48.7231715, -27.1077949, 1.0],
                        [-48.7234022, -27.1079955, 1.0],
                        [-48.723614, -27.108325, 1.0],
                        [-48.7237052, -27.1085637, 1.0],
                        [-48.723775, -27.1088598, 1.0],
                        [-48.7239091, -27.1090603, 1.0],
                        [-48.7242256, -27.1092009, 1.0],
                        [-48.7243651, -27.1093659, 1.0],
                        [-48.7244724, -27.1096116, 1.0],
                        [-48.7245743, -27.1099077, 1.0],
                        [-48.7247781, -27.1100583, 1.0],
                        [-48.7256767, -27.1103066, 1.0]
                    ],
                    [
                        [-48.7201825, -27.125092, 1.0],
                        [-48.7204012, -27.1253757, 1.0],
                        [-48.7207713, -27.1257337, 1.0],
                        [-48.7208588, -27.125918, 1.0],
                        [-48.72092, -27.1260275, 1.0],
                        [-48.721021, -27.1261355, 1.0],
                        [-48.7212943, -27.126322, 1.0],
                        [-48.7214242, -27.1264396, 1.0],
                        [-48.7217635, -27.126827, 1.0],
                        [-48.7218828, -27.1268997, 1.0],
                        [-48.7219778, -27.126982, 1.0],
                        [-48.7220498, -27.1270601, 1.0],
                        [-48.7221021, -27.1271489, 1.0],
                        [-48.7221682, -27.127372, 1.0],
                        [-48.7222191, -27.1275894, 1.0],
                        [-48.7223178, -27.1278137, 1.0],
                        [-48.7224734, -27.1280751, 1.0],
                        [-48.7226189, -27.1282547, 1.0],
                        [-48.7226879, -27.1283818, 1.0],
                        [-48.7228539, -27.1288036, 1.0],
                        [-48.7229051, -27.1289794, 1.0],
                        [-48.7229063, -27.129081, 1.0],
                        [-48.7228463, -27.1294712, 1.0],
                        [-48.7228201, -27.129692, 1.0],
                        [-48.7228407, -27.1298902, 1.0],
                        [-48.7229618, -27.1301824, 1.0],
                        [-48.7231013, -27.1303821, 1.0],
                        [-48.7232747, -27.1305407, 1.0],
                        [-48.7236504, -27.1308275, 1.0],
                        [-48.7237953, -27.1309648, 1.0],
                        [-48.7238678, -27.1310664, 1.0],
                        [-48.7239003, -27.1311939, 1.0],
                        [-48.7239047, -27.1313505, 1.0],
                        [-48.7238667, -27.131909, 1.0],
                        [-48.72386, -27.1320295, 1.0],
                        [-48.7238621, -27.1321896, 1.0],
                        [-48.7238895, -27.1323151, 1.0],
                        [-48.7239428, -27.1324361, 1.0],
                        [-48.7240301, -27.1325744, 1.0],
                        [-48.7243532, -27.1329911, 1.0],
                        [-48.7244128, -27.1330875, 1.0],
                        [-48.7244494, -27.1331964, 1.0],
                        [-48.7244497, -27.1332983, 1.0],
                        [-48.7244031, -27.1337192, 1.0],
                        [-48.7243881, -27.1338622, 1.0],
                        [-48.7243967, -27.1340534, 1.0],
                        [-48.7244373, -27.1343528, 1.0],
                        [-48.7244553, -27.1345868, 1.0],
                        [-48.7244706, -27.1348985, 1.0],
                        [-48.7244727, -27.1350258, 1.0],
                        [-48.72453, -27.1354096, 1.0],
                        [-48.7245595, -27.1356711, 1.0]
                    ],
                    [
                        [-48.7137454, -27.1373167, 1.0],
                        [-48.7137987, -27.1372708, 1.0],
                        [-48.7145014, -27.1368459, 1.0],
                        [-48.714619, -27.1367511, 1.0],
                        [-48.7147954, -27.1366091, 1.0],
                        [-48.7151398, -27.1366167, 1.0],
                        [-48.7154767, -27.1366425, 1.0],
                        [-48.7157889, -27.1367218, 1.0],
                        [-48.7161161, -27.1368363, 1.0],
                        [-48.7161595, -27.1368426, 1.0],
                        [-48.7166096, -27.1369079, 1.0],
                        [-48.7171031, -27.1371323, 1.0],
                        [-48.7175484, -27.1371657, 1.0],
                        [-48.7179979, -27.1372297, 1.0],
                        [-48.7185344, -27.1371485, 1.0],
                        [-48.718765, -27.1371438, 1.0],
                        [-48.7190172, -27.1372727, 1.0],
                        [-48.7190636, -27.1372988, 1.0],
                        [-48.7193659, -27.1374684, 1.0],
                        [-48.7196405, -27.1374999, 1.0],
                        [-48.720118, -27.1376049, 1.0],
                        [-48.7202735, -27.1376192, 1.0],
                        [-48.7204173, -27.1377596, 1.0],
                        [-48.7204978, -27.1377882, 1.0],
                        [-48.720648, -27.13775, 1.0],
                        [-48.7208261, -27.1376765, 1.0],
                        [-48.7209333, -27.1376527, 1.0],
                        [-48.7211372, -27.137667, 1.0],
                        [-48.721399, -27.1377166, 1.0],
                        [-48.7214776, -27.1377185, 1.0],
                        [-48.7217906, -27.1377262, 1.0],
                        [-48.7221403, -27.1377386, 1.0],
                        [-48.7225105, -27.1377386, 1.0],
                        [-48.722783, -27.1376689, 1.0],
                        [-48.7229665, -27.1375047, 1.0],
                        [-48.7230737, -27.1372851, 1.0],
                        [-48.7231132, -27.1371901, 1.0],
                        [-48.72318, -27.1370292, 1.0],
                        [-48.7235082, -27.1367695, 1.0],
                        [-48.724318, -27.1358924, 1.0],
                        [-48.7244674, -27.1357594, 1.0],
                        [-48.7245595, -27.1356711, 1.0]
                    ],
                    [
                        [-48.6999521, -27.1066907, 1.0],
                        [-48.7000424, -27.1067709, 1.0],
                        [-48.7001988, -27.106894, 1.0],
                        [-48.7002909, -27.1069601, 1.0],
                        [-48.7004037, -27.1070317, 1.0],
                        [-48.7005431, -27.1071081, 1.0],
                        [-48.7006996, -27.1071747, 1.0],
                        [-48.7008498, -27.1072271, 1.0],
                        [-48.701035, -27.1072709, 1.0],
                        [-48.7013474, -27.1073351, 1.0],
                        [-48.7014758, -27.1073703, 1.0],
                        [-48.7016082, -27.1074118, 1.0],
                        [-48.7017114, -27.1074529, 1.0],
                        [-48.7018083, -27.1075128, 1.0],
                        [-48.7021995, -27.1077943, 1.0],
                        [-48.702308, -27.1078488, 1.0],
                        [-48.7024737, -27.1079104, 1.0],
                        [-48.7026446, -27.1079567, 1.0],
                        [-48.7031787, -27.1080865, 1.0],
                        [-48.703306, -27.1081459, 1.0],
                        [-48.7033917, -27.1082036, 1.0],
                        [-48.7034749, -27.108282, 1.0],
                        [-48.703539, -27.1083842, 1.0],
                        [-48.7035618, -27.1084791, 1.0],
                        [-48.7035685, -27.1086653, 1.0],
                        [-48.7035904, -27.1087901, 1.0],
                        [-48.703634, -27.1088794, 1.0],
                        [-48.7037053, -27.1089603, 1.0],
                        [-48.7037964, -27.1090112, 1.0],
                        [-48.7039567, -27.10909, 1.0],
                        [-48.704103, -27.1091627, 1.0],
                        [-48.704197, -27.1092363, 1.0],
                        [-48.7043088, -27.1093418, 1.0],
                        [-48.7043879, -27.1094116, 1.0],
                        [-48.7044787, -27.109472, 1.0],
                        [-48.7045715, -27.1095306, 1.0],
                        [-48.7046358, -27.109602, 1.0],
                        [-48.7047333, -27.109801, 1.0],
                        [-48.7048449, -27.1099121, 1.0],
                        [-48.7049659, -27.1099857, 1.0],
                        [-48.705077, -27.1100914, 1.0],
                        [-48.7052176, -27.1102869, 1.0],
                        [-48.7052968, -27.1103659, 1.0],
                        [-48.7054064, -27.110449, 1.0],
                        [-48.7055019, -27.1105279, 1.0],
                        [-48.7057792, -27.110868, 1.0],
                        [-48.7058966, -27.1109398, 1.0],
                        [-48.7060198, -27.1109648, 1.0],
                        [-48.7061471, -27.1109713, 1.0],
                        [-48.7064648, -27.1108859, 1.0],
                        [-48.706748, -27.1108226, 1.0],
                        [-48.7069618, -27.1108389, 1.0],
                        [-48.707086, -27.110881, 1.0],
                        [-48.7071696, -27.1109448, 1.0],
                        [-48.7072643, -27.1110339, 1.0],
                        [-48.7074437, -27.1111954, 1.0],
                        [-48.7079404, -27.11159, 1.0],
                        [-48.7081981, -27.1116913, 1.0],
                        [-48.7084381, -27.1117953, 1.0],
                        [-48.7090023, -27.1121269, 1.0],
                        [-48.7090768, -27.1122089, 1.0],
                        [-48.7091146, -27.1123374, 1.0],
                        [-48.70913, -27.1124433, 1.0],
                        [-48.7091159, -27.1126358, 1.0],
                        [-48.7091171, -27.11275, 1.0],
                        [-48.7091479, -27.1128602, 1.0],
                        [-48.7096025, -27.1133689, 1.0],
                        [-48.7100755, -27.1139067, 1.0],
                        [-48.7102263, -27.1141078, 1.0],
                        [-48.7102633, -27.1143123, 1.0],
                        [-48.7103, -27.1146149, 1.0],
                        [-48.7104489, -27.1148593, 1.0],
                        [-48.7105309, -27.1149731, 1.0],
                        [-48.7111472, -27.1157615, 1.0],
                        [-48.7112072, -27.1158378, 1.0],
                        [-48.7112495, -27.1159395, 1.0],
                        [-48.711414, -27.1163807, 1.0],
                        [-48.7115388, -27.1167803, 1.0],
                        [-48.7116443, -27.1170943, 1.0],
                        [-48.7117195, -27.117244, 1.0],
                        [-48.7118053, -27.1173999, 1.0],
                        [-48.7123067, -27.1178571, 1.0],
                        [-48.7133469, -27.1185653, 1.0],
                        [-48.7138437, -27.1188754, 1.0],
                        [-48.7144899, -27.1191606, 1.0],
                        [-48.7149976, -27.1193924, 1.0],
                        [-48.7151464, -27.1194089, 1.0],
                        [-48.7152965, -27.1193891, 1.0],
                        [-48.7157105, -27.1192065, 1.0],
                        [-48.716089, -27.1190526, 1.0],
                        [-48.71638, -27.1189809, 1.0],
                        [-48.7166552, -27.1189645, 1.0],
                        [-48.7169499, -27.118979, 1.0],
                        [-48.7172652, -27.1190431, 1.0],
                        [-48.7175435, -27.1191264, 1.0],
                        [-48.7178435, -27.119245, 1.0],
                        [-48.718115, -27.1194578, 1.0],
                        [-48.7183618, -27.1196924, 1.0],
                        [-48.7185324, -27.119925, 1.0],
                        [-48.7186375, -27.1202655, 1.0],
                        [-48.7186565, -27.1203864, 1.0],
                        [-48.7186263, -27.1205799, 1.0],
                        [-48.7186195, -27.1207318, 1.0],
                        [-48.718647, -27.1208827, 1.0],
                        [-48.7187656, -27.121046, 1.0],
                        [-48.7188843, -27.1211888, 1.0],
                        [-48.7189742, -27.121324, 1.0],
                        [-48.7190145, -27.1214436, 1.0],
                        [-48.7190595, -27.1219082, 1.0],
                        [-48.7191567, -27.122434, 1.0],
                        [-48.7191844, -27.1227364, 1.0],
                        [-48.7192121, -27.123072, 1.0],
                        [-48.7192439, -27.1232815, 1.0],
                        [-48.719683, -27.1241438, 1.0],
                        [-48.7201825, -27.125092, 1.0]
                    ],
                    [
                        [-48.7201825, -27.125092, 1.0],
                        [-48.7200934, -27.1251173, 1.0],
                        [-48.7199902, -27.1251269, 1.0],
                        [-48.7197079, -27.1251221, 1.0],
                        [-48.7196101, -27.1251269, 1.0],
                        [-48.7194635, -27.1251463, 1.0],
                        [-48.7192355, -27.1251849, 1.0],
                        [-48.7191052, -27.1251946, 1.0],
                        [-48.7189477, -27.1251704, 1.0],
                        [-48.7187305, -27.1250931, 1.0],
                        [-48.7186219, -27.1250593, 1.0],
                        [-48.718459, -27.1250448, 1.0],
                        [-48.718307, -27.12504, 1.0],
                        [-48.7182038, -27.1250206, 1.0],
                        [-48.7181061, -27.1249578, 1.0],
                        [-48.7180247, -27.1249288, 1.0],
                        [-48.7177858, -27.1248805, 1.0],
                        [-48.7175849, -27.124866, 1.0],
                        [-48.7172211, -27.1247742, 1.0],
                        [-48.7170636, -27.1247403, 1.0],
                        [-48.7168573, -27.1247113, 1.0],
                        [-48.7166618, -27.1246872, 1.0],
                        [-48.7164663, -27.1246534, 1.0],
                        [-48.716336, -27.1245809, 1.0],
                        [-48.716222, -27.1244697, 1.0],
                        [-48.7161677, -27.1244021, 1.0],
                        [-48.7160754, -27.1243586, 1.0],
                        [-48.7159939, -27.1243006, 1.0],
                        [-48.7159125, -27.1242474, 1.0],
                        [-48.7157713, -27.1241991, 1.0],
                        [-48.715451, -27.1241363, 1.0],
                        [-48.7152392, -27.1240879, 1.0],
                        [-48.7151035, -27.1240203, 1.0],
                        [-48.7149569, -27.1239285, 1.0],
                        [-48.7145008, -27.123827, 1.0],
                        [-48.714403, -27.1237787, 1.0],
                        [-48.7143487, -27.1237062, 1.0],
                        [-48.7143216, -27.1236192, 1.0],
                        [-48.7142999, -27.1235225, 1.0],
                        [-48.7142727, -27.1234597, 1.0],
                        [-48.7141587, -27.1233389, 1.0],
                        [-48.7140827, -27.1233099, 1.0],
                        [-48.7139904, -27.1233051, 1.0],
                        [-48.7139089, -27.1233292, 1.0],
                        [-48.7137352, -27.1233244, 1.0],
                        [-48.713632, -27.1233437, 1.0],
                        [-48.7135614, -27.1233824, 1.0],
                        [-48.7134148, -27.1234984, 1.0],
                        [-48.7133117, -27.1235515, 1.0],
                        [-48.7131433, -27.1235805, 1.0],
                        [-48.7130185, -27.1235805, 1.0],
                        [-48.7128393, -27.1235515, 1.0],
                        [-48.7126655, -27.123566, 1.0],
                        [-48.7123397, -27.123566, 1.0],
                        [-48.7122474, -27.1235854, 1.0],
                        [-48.7121877, -27.1236289, 1.0],
                        [-48.71209, -27.12374, 1.0]
                    ],
                    [
                        [-48.7042275, -27.0946175, 1.0],
                        [-48.70431, -27.0946802, 1.0],
                        [-48.704374, -27.0947484, 1.0],
                        [-48.7053617, -27.0959985, 1.0],
                        [-48.7056799, -27.0964546, 1.0],
                        [-48.7059335, -27.0967474, 1.0],
                        [-48.7059763, -27.0968522, 1.0],
                        [-48.7059669, -27.0969644, 1.0],
                        [-48.7058208, -27.0973827, 1.0],
                        [-48.705676, -27.0977038, 1.0],
                        [-48.7056653, -27.0978817, 1.0],
                        [-48.7058905, -27.0986458, 1.0],
                        [-48.7059494, -27.0987338, 1.0],
                        [-48.7060942, -27.0988171, 1.0],
                        [-48.7068611, -27.099146, 1.0],
                        [-48.7073336, -27.0994408, 1.0],
                        [-48.7075005, -27.0995029, 1.0],
                        [-48.7078177, -27.0994958, 1.0],
                        [-48.7079692, -27.0995435, 1.0],
                        [-48.7082844, -27.0997703, 1.0],
                        [-48.7084359, -27.0998491, 1.0],
                        [-48.7091856, -27.1001691, 1.0],
                        [-48.7094284, -27.1002933, 1.0],
                        [-48.7097261, -27.1005416, 1.0],
                        [-48.7099394, -27.1006025, 1.0],
                        [-48.7101419, -27.1006347, 1.0],
                        [-48.710299, -27.1006632, 1.0],
                        [-48.7104179, -27.1007039, 1.0],
                        [-48.7114476, -27.101376, 1.0],
                        [-48.7116396, -27.1014738, 1.0],
                        [-48.7123882, -27.1017183, 1.0],
                        [-48.7126107, -27.1018029, 1.0],
                        [-48.7129029, -27.1018561, 1.0],
                        [-48.7134287, -27.1018825, 1.0],
                        [-48.7134986, -27.1019294, 1.0],
                        [-48.7139264, -27.1026189, 1.0],
                        [-48.7144522, -27.1032015, 1.0],
                        [-48.714656, -27.1034594, 1.0],
                        [-48.7147097, -27.1037364, 1.0],
                        [-48.7145916, -27.1039847, 1.0],
                        [-48.7141882, -27.1040601, 1.0],
                        [-48.7134973, -27.1040802, 1.0]
                    ],
                    [
                        [-48.7040788, -27.0945431, 1.0],
                        [-48.7045462, -27.0943211, 1.0],
                        [-48.7046315, -27.0942532, 1.0],
                        [-48.7046954, -27.0941804, 1.0],
                        [-48.705389, -27.0933157, 1.0],
                        [-48.7058462, -27.0927748, 1.0],
                        [-48.7060209, -27.0925956, 1.0],
                        [-48.7061422, -27.0924809, 1.0],
                        [-48.706264, -27.0924121, 1.0],
                        [-48.7071109, -27.0920272, 1.0],
                        [-48.7072237, -27.0919996, 1.0],
                        [-48.7073355, -27.0919886, 1.0],
                        [-48.7076053, -27.0920107, 1.0],
                        [-48.7079482, -27.0920206, 1.0],
                        [-48.708025, -27.0920081, 1.0],
                        [-48.7080712, -27.0919635, 1.0],
                        [-48.7080968, -27.0919153, 1.0],
                        [-48.7081592, -27.0912977, 1.0],
                        [-48.708196, -27.091191, 1.0],
                        [-48.7082925, -27.0909966, 1.0],
                        [-48.7082901, -27.0909329, 1.0],
                        [-48.7082485, -27.0908582, 1.0],
                        [-48.7076563, -27.0902928, 1.0]
                    ],
                    [
                        [-48.7040788, -27.0945431, 1.0],
                        [-48.7041612, -27.0945755, 1.0],
                        [-48.7042275, -27.0946175, 1.0]
                    ],
                    [
                        [-48.6953624, -27.0904974, 1.0],
                        [-48.6962854, -27.0907641, 1.0],
                        [-48.6975704, -27.0909545, 1.0],
                        [-48.6981202, -27.0909855, 1.0],
                        [-48.6983773, -27.0910784, 1.0],
                        [-48.6985815, -27.091253, 1.0],
                        [-48.6991042, -27.0917685, 1.0],
                        [-48.7000755, -27.0929723, 1.0],
                        [-48.7003166, -27.0931392, 1.0],
                        [-48.7011431, -27.0935884, 1.0],
                        [-48.7021565, -27.0939606, 1.0],
                        [-48.7040788, -27.0945431, 1.0]
                    ],
                    [
                        [-48.7002901, -27.1226143, 1.0],
                        [-48.7003161, -27.1225798, 1.0],
                        [-48.7003055, -27.1225345, 1.0],
                        [-48.7003122, -27.1223847, 1.0],
                        [-48.7003792, -27.1222515, 1.0],
                        [-48.7004335, -27.1220055, 1.0],
                        [-48.7004181, -27.1216834, 1.0],
                        [-48.700459, -27.1215905, 1.0],
                        [-48.7004463, -27.1214879, 1.0],
                        [-48.7003898, -27.1214168, 1.0],
                        [-48.700281, -27.1213836, 1.0],
                        [-48.7002062, -27.1213706, 1.0],
                        [-48.7000829, -27.1213122, 1.0],
                        [-48.7000869, -27.1212131, 1.0],
                        [-48.7000838, -27.1210715, 1.0],
                        [-48.7000414, -27.120879, 1.0],
                        [-48.7000768, -27.1207485, 1.0],
                        [-48.7001795, -27.1205496, 1.0],
                        [-48.7001477, -27.1202482, 1.0],
                        [-48.700023, -27.120015, 1.0],
                        [-48.6998108, -27.1196412, 1.0],
                        [-48.6995549, -27.1192321, 1.0],
                        [-48.6994851, -27.1191294, 1.0],
                        [-48.6994072, -27.1190818, 1.0],
                        [-48.6993128, -27.1190628, 1.0],
                        [-48.6991777, -27.1189283, 1.0],
                        [-48.6988523, -27.1184507, 1.0],
                        [-48.6985106, -27.1179987, 1.0],
                        [-48.698385, -27.1178058, 1.0],
                        [-48.6982696, -27.1175088, 1.0],
                        [-48.6982815, -27.1173615, 1.0],
                        [-48.6983549, -27.1170938, 1.0],
                        [-48.6983455, -27.1169004, 1.0],
                        [-48.6981277, -27.1162983, 1.0],
                        [-48.6979179, -27.1154917, 1.0],
                        [-48.6980499, -27.115017, 1.0],
                        [-48.6982302, -27.1144516, 1.0],
                        [-48.6984521, -27.1139794, 1.0],
                        [-48.6984562, -27.113707, 1.0],
                        [-48.6984077, -27.1128762, 1.0],
                        [-48.6986076, -27.1124371, 1.0],
                        [-48.698555, -27.1119226, 1.0],
                        [-48.6979118, -27.1094394, 1.0],
                        [-48.6979555, -27.1084724, 1.0],
                        [-48.6979754, -27.1082277, 1.0],
                        [-48.6980024, -27.1080786, 1.0],
                        [-48.6980528, -27.1078712, 1.0],
                        [-48.6981562, -27.1075607, 1.0],
                        [-48.6982832, -27.1073032, 1.0],
                        [-48.698419, -27.1071118, 1.0],
                        [-48.6985778, -27.1069673, 1.0],
                        [-48.6988061, -27.1067851, 1.0],
                        [-48.6990692, -27.1066205, 1.0],
                        [-48.699157, -27.106588, 1.0],
                        [-48.6992611, -27.1065686, 1.0],
                        [-48.6993953, -27.1065634, 1.0],
                        [-48.6995027, -27.1065658, 1.0],
                        [-48.6996664, -27.1065726, 1.0]
                    ],
                    [
                        [-48.6999521, -27.1066907, 1.0],
                        [-48.699856, -27.1066226, 1.0]
                    ],
                    [
                        [-48.6999054, -27.1065658, 1.0],
                        [-48.6999521, -27.1066907, 1.0]
                    ],
                    [
                        [-48.6999013, -27.1065374, 1.0],
                        [-48.6999054, -27.1065658, 1.0]
                    ],
                    [
                        [-48.6999054, -27.1065658, 1.0],
                        [-48.6998972, -27.1065933, 1.0],
                        [-48.6998807, -27.1066116, 1.0],
                        [-48.699856, -27.1066226, 1.0]
                    ],
                    [
                        [-48.6998272, -27.1065017, 1.0],
                        [-48.699856, -27.1065017, 1.0],
                        [-48.6998848, -27.1065145, 1.0],
                        [-48.6999013, -27.1065374, 1.0]
                    ],
                    [
                        [-48.6998833, -27.1064041, 1.0],
                        [-48.6999013, -27.1065374, 1.0]
                    ],
                    [
                        [-48.6931151, -27.0900234, 1.0],
                        [-48.6933641, -27.0902695, 1.0],
                        [-48.693517, -27.0904892, 1.0],
                        [-48.6935761, -27.0907209, 1.0],
                        [-48.6935358, -27.0909715, 1.0],
                        [-48.6933051, -27.0918025, 1.0],
                        [-48.6932461, -27.0922467, 1.0],
                        [-48.6932139, -27.0931111, 1.0],
                        [-48.693289, -27.093369, 1.0],
                        [-48.6934821, -27.0937033, 1.0],
                        [-48.693804, -27.0941379, 1.0],
                        [-48.694283, -27.0946692, 1.0],
                        [-48.6953907, -27.0958977, 1.0],
                        [-48.6957916, -27.096411, 1.0],
                        [-48.6961735, -27.0970043, 1.0],
                        [-48.6962716, -27.0973137, 1.0],
                        [-48.6963038, -27.097648, 1.0],
                        [-48.6963092, -27.0983548, 1.0],
                        [-48.6963521, -27.0985888, 1.0],
                        [-48.696513, -27.0988514, 1.0],
                        [-48.6974977, -27.1001704, 1.0],
                        [-48.697978, -27.1008173, 1.0],
                        [-48.698235, -27.101158, 1.0],
                        [-48.6991523, -27.1022372, 1.0],
                        [-48.6993025, -27.1024378, 1.0],
                        [-48.6994045, -27.1026479, 1.0],
                        [-48.6994676, -27.1028509, 1.0],
                        [-48.6995928, -27.1033958, 1.0],
                        [-48.6996405, -27.1037749, 1.0],
                        [-48.6997318, -27.1048511, 1.0],
                        [-48.6998833, -27.1064041, 1.0]
                    ],
                    [
                        [-48.6998272, -27.1065017, 1.0],
                        [-48.6998833, -27.1064041, 1.0]
                    ],
                    [
                        [-48.699856, -27.1066226, 1.0],
                        [-48.6998272, -27.1066207, 1.0],
                        [-48.6997984, -27.1066097, 1.0],
                        [-48.6997799, -27.1065914, 1.0]
                    ],
                    [
                        [-48.699782, -27.1065346, 1.0],
                        [-48.6997989, -27.1065136, 1.0],
                        [-48.6998272, -27.1065017, 1.0]
                    ],
                    [
                        [-48.6997799, -27.1065914, 1.0],
                        [-48.6997758, -27.1065621, 1.0],
                        [-48.699782, -27.1065346, 1.0]
                    ],
                    [
                        [-48.6996664, -27.1065726, 1.0],
                        [-48.699782, -27.1065346, 1.0]
                    ],
                    [
                        [-48.6997799, -27.1065914, 1.0],
                        [-48.6996664, -27.1065726, 1.0]
                    ],
                    [
                        [-48.6931151, -27.0900234, 1.0],
                        [-48.6932605, -27.0899535, 1.0],
                        [-48.6933938, -27.0899415, 1.0],
                        [-48.6935456, -27.0899485, 1.0],
                        [-48.6939885, -27.0900309, 1.0],
                        [-48.6953624, -27.0904974, 1.0]
                    ],
                    [
                        [-48.6953624, -27.0904974, 1.0],
                        [-48.6954245, -27.0896626, 1.0],
                        [-48.6954943, -27.089419, 1.0],
                        [-48.6958205, -27.0890131, 1.0],
                        [-48.6960307, -27.0887695, 1.0],
                        [-48.696299, -27.0884543, 1.0],
                        [-48.696432, -27.0880522, 1.0],
                        [-48.6960887, -27.0871734, 1.0],
                        [-48.6960353, -27.0868962, 1.0],
                        [-48.6960741, -27.0867081, 1.0],
                        [-48.696188, -27.086548, 1.0],
                        [-48.6963204, -27.086477, 1.0],
                        [-48.6966637, -27.0865152, 1.0],
                        [-48.6970071, -27.0865726, 1.0],
                        [-48.6971508, -27.0865716, 1.0],
                        [-48.6972714, -27.0864879, 1.0],
                        [-48.6973592, -27.0862245, 1.0],
                        [-48.6973104, -27.0854215, 1.0],
                        [-48.6972968, -27.0851971, 1.0],
                        [-48.6972007, -27.0851133, 1.0],
                        [-48.697029, -27.0850831, 1.0],
                        [-48.6959664, -27.0851111, 1.0],
                        [-48.69509, -27.0850826, 1.0],
                        [-48.694872, -27.0849678, 1.0],
                        [-48.6942004, -27.0838588, 1.0],
                        [-48.6942326, -27.0834862, 1.0],
                        [-48.6943463, -27.0830382, 1.0],
                        [-48.6943141, -27.0824651, 1.0],
                        [-48.6945394, -27.0819684, 1.0],
                        [-48.6945008, -27.0816044, 1.0],
                        [-48.6946725, -27.0810217, 1.0],
                        [-48.6946188, -27.0800378, 1.0],
                        [-48.6945394, -27.0797139, 1.0],
                        [-48.6942986, -27.0794719, 1.0],
                        [-48.6942084, -27.0793812, 1.0],
                        [-48.6941317, -27.0791121, 1.0],
                        [-48.6943356, -27.0784339, 1.0],
                        [-48.6942927, -27.0782333, 1.0],
                        [-48.6941038, -27.0780222, 1.0],
                        [-48.6941094, -27.0763131, 1.0],
                        [-48.69407, -27.0761446, 1.0],
                        [-48.6939643, -27.0760327, 1.0],
                        [-48.693831, -27.0759431, 1.0],
                        [-48.6937977, -27.07582, 1.0],
                        [-48.6938012, -27.0756754, 1.0],
                        [-48.6939601, -27.0754247, 1.0],
                        [-48.6939466, -27.0753381, 1.0],
                        [-48.6938957, -27.0752432, 1.0],
                        [-48.6935953, -27.0748038, 1.0],
                        [-48.6934794, -27.0743687, 1.0],
                        [-48.6934389, -27.074206, 1.0],
                        [-48.6934306, -27.0740577, 1.0],
                        [-48.6934278, -27.0739421, 1.0],
                        [-48.6934601, -27.0735322, 1.0],
                        [-48.6935084, -27.0727847, 1.0],
                        [-48.6936532, -27.0721375, 1.0],
                        [-48.6936489, -27.0716608, 1.0],
                        [-48.6935185, -27.0713044, 1.0],
                        [-48.6934341, -27.0711592, 1.0],
                        [-48.6933469, -27.0710596, 1.0],
                        [-48.6932413, -27.0710098, 1.0],
                        [-48.6931323, -27.0709852, 1.0],
                        [-48.6928623, -27.0709342, 1.0],
                        [-48.6925494, -27.0709009, 1.0],
                        [-48.6924247, -27.0708701, 1.0],
                        [-48.6922682, -27.0707794, 1.0],
                        [-48.6916902, -27.0704325, 1.0],
                        [-48.6913154, -27.0701866, 1.0],
                        [-48.6911757, -27.0700793, 1.0],
                        [-48.6910998, -27.0699879, 1.0],
                        [-48.6908321, -27.0694204, 1.0],
                        [-48.6908128, -27.069305, 1.0],
                        [-48.6908104, -27.0688302, 1.0],
                        [-48.6907274, -27.0685325, 1.0],
                        [-48.6906696, -27.0684478, 1.0],
                        [-48.690565, -27.0683704, 1.0],
                        [-48.6900916, -27.0681648, 1.0],
                        [-48.6900238, -27.0680976, 1.0],
                        [-48.6895732, -27.06732, 1.0],
                        [-48.6895421, -27.0671823, 1.0],
                        [-48.6895002, -27.0669345, 1.0],
                        [-48.6892842, -27.0650646, 1.0],
                        [-48.6887875, -27.0621343, 1.0],
                        [-48.6886698, -27.0614841, 1.0],
                        [-48.6885073, -27.0588211, 1.0],
                        [-48.6886658, -27.0580994, 1.0],
                        [-48.6884259, -27.0570916, 1.0]
                    ],
                    [
                        [-48.6892067, -27.0830577, 1.0],
                        [-48.689888, -27.0845908, 1.0],
                        [-48.6900865, -27.0850398, 1.0],
                        [-48.6903922, -27.0855771, 1.0],
                        [-48.6910199, -27.0863293, 1.0],
                        [-48.691272, -27.0865633, 1.0],
                        [-48.6916314, -27.0868786, 1.0],
                        [-48.691846, -27.0871651, 1.0],
                        [-48.6920123, -27.0875806, 1.0],
                        [-48.6924468, -27.0892379, 1.0],
                        [-48.6925809, -27.0894815, 1.0],
                        [-48.6928384, -27.0897489, 1.0],
                        [-48.6931151, -27.0900234, 1.0]
                    ],
                    [
                        [-48.6869376, -27.0798337, 1.0],
                        [-48.6871253, -27.0799961, 1.0],
                        [-48.6877637, -27.0803065, 1.0],
                        [-48.6879192, -27.0804307, 1.0],
                        [-48.6881606, -27.0807842, 1.0],
                        [-48.6882787, -27.0810517, 1.0],
                        [-48.6886113, -27.0819066, 1.0],
                        [-48.6890511, -27.0827615, 1.0],
                        [-48.6892067, -27.0830577, 1.0]
                    ],
                    [
                        [-48.6892067, -27.0830577, 1.0],
                        [-48.6888957, -27.0831908, 1.0],
                        [-48.6881447, -27.0829854, 1.0],
                        [-48.6876512, -27.083081, 1.0],
                        [-48.6870611, -27.0830093, 1.0],
                        [-48.6866266, -27.0829616, 1.0],
                        [-48.6864978, -27.0829377, 1.0],
                        [-48.68653, -27.0827227, 1.0],
                        [-48.6864549, -27.0820732, 1.0],
                        [-48.6862276, -27.0813332, 1.0]
                    ],
                    [
                        [-48.686841, -27.0796537, 1.0],
                        [-48.6869376, -27.0798337, 1.0]
                    ],
                    [
                        [-48.6862276, -27.0813332, 1.0],
                        [-48.6863263, -27.0810798, 1.0],
                        [-48.6864636, -27.0807552, 1.0],
                        [-48.6865763, -27.0803445, 1.0],
                        [-48.686793, -27.0799956, 1.0],
                        [-48.6869376, -27.0798337, 1.0]
                    ],
                    [
                        [-48.6863675, -27.0787175, 1.0],
                        [-48.6864548, -27.0789787, 1.0],
                        [-48.6867984, -27.0795743, 1.0],
                        [-48.686841, -27.0796537, 1.0]
                    ],
                    [
                        [-48.686841, -27.0796537, 1.0],
                        [-48.68572, -27.0798379, 1.0],
                        [-48.684969, -27.080411, 1.0]
                    ],
                    [
                        [-48.6863134, -27.0784215, 1.0],
                        [-48.6863675, -27.0787175, 1.0]
                    ],
                    [
                        [-48.6863675, -27.0787175, 1.0],
                        [-48.6855694, -27.078768, 1.0]
                    ],
                    [
                        [-48.6863134, -27.0784215, 1.0],
                        [-48.6854568, -27.0784213, 1.0]
                    ],
                    [
                        [-48.6863134, -27.0784215, 1.0],
                        [-48.686267, -27.0781094, 1.0],
                        [-48.686149, -27.0775315, 1.0],
                        [-48.6861458, -27.0773687, 1.0],
                        [-48.6861436, -27.0772592, 1.0],
                        [-48.68609, -27.0770825, 1.0],
                        [-48.685972, -27.0768962, 1.0],
                        [-48.6858754, -27.0767577, 1.0],
                        [-48.6854838, -27.0764281, 1.0],
                        [-48.6853229, -27.0762753, 1.0],
                        [-48.6852611, -27.0761969, 1.0],
                        [-48.6847435, -27.0755397, 1.0],
                        [-48.6846416, -27.0753439, 1.0],
                        [-48.6846148, -27.0751432, 1.0],
                        [-48.6846108, -27.0750294, 1.0],
                        [-48.6846684, -27.0744506, 1.0],
                        [-48.6846791, -27.0735335, 1.0],
                        [-48.6846416, -27.0732565, 1.0],
                        [-48.6845879, -27.0730989, 1.0],
                        [-48.6844646, -27.0729651, 1.0],
                        [-48.6843036, -27.07286, 1.0],
                        [-48.6840408, -27.0727932, 1.0],
                        [-48.6835311, -27.072774, 1.0],
                        [-48.6831771, -27.0727549, 1.0],
                        [-48.6828375, -27.072652, 1.0],
                        [-48.6825911, -27.0725422, 1.0],
                        [-48.6823631, -27.0724215, 1.0],
                        [-48.6822213, -27.0722844, 1.0],
                        [-48.6821104, -27.0721472, 1.0],
                        [-48.6820365, -27.0719826, 1.0],
                        [-48.681981, -27.071807, 1.0],
                        [-48.6819071, -27.070759, 1.0],
                        [-48.6818886, -27.0706492, 1.0],
                        [-48.6818454, -27.0705285, 1.0],
                        [-48.6817284, -27.0702816, 1.0],
                        [-48.681716, -27.0701554, 1.0],
                        [-48.6817345, -27.0700402, 1.0],
                        [-48.681981, -27.0694092, 1.0],
                        [-48.6820796, -27.0692446, 1.0],
                        [-48.6822768, -27.0690251, 1.0],
                        [-48.6823692, -27.0688495, 1.0],
                        [-48.6824124, -27.06863, 1.0],
                        [-48.6824, -27.0684325, 1.0],
                        [-48.6821967, -27.0672363, 1.0],
                        [-48.6820241, -27.0657492, 1.0],
                        [-48.6819749, -27.0656066, 1.0],
                        [-48.6819194, -27.0655078, 1.0],
                        [-48.6813956, -27.0646463, 1.0],
                        [-48.6808164, -27.0638506, 1.0],
                        [-48.6799537, -27.0627477, 1.0],
                        [-48.6798428, -27.0626489, 1.0],
                        [-48.6792574, -27.0623032, 1.0],
                        [-48.6790972, -27.0621605, 1.0],
                        [-48.6788322, -27.0617764, 1.0],
                        [-48.6784809, -27.0614526, 1.0],
                        [-48.6784193, -27.0613209, 1.0],
                        [-48.6784008, -27.0612167, 1.0],
                        [-48.6783947, -27.06086, 1.0],
                        [-48.6783639, -27.0606789, 1.0],
                        [-48.6783022, -27.0605801, 1.0],
                        [-48.6782098, -27.0604813, 1.0],
                        [-48.6777107, -27.0601082, 1.0],
                        [-48.6770082, -27.0594607, 1.0],
                        [-48.6768726, -27.0593893, 1.0],
                        [-48.6766939, -27.0593674, 1.0],
                        [-48.6763365, -27.0593674, 1.0],
                        [-48.6760911, -27.059351, 1.0],
                        [-48.6756602, -27.0592206, 1.0],
                        [-48.6754651, -27.059112, 1.0],
                        [-48.6753024, -27.058931, 1.0],
                        [-48.6752211, -27.058721, 1.0],
                        [-48.6752049, -27.0584386, 1.0],
                        [-48.6751754, -27.0582063, 1.0],
                        [-48.6753268, -27.0578304, 1.0],
                        [-48.6754651, -27.0575987, 1.0],
                        [-48.6761237, -27.056918, 1.0],
                        [-48.6767254, -27.0564691, 1.0],
                        [-48.6768311, -27.0563242, 1.0],
                        [-48.6769042, -27.0561287, 1.0],
                        [-48.6769286, -27.0559332, 1.0],
                        [-48.6767823, -27.0554119, 1.0],
                        [-48.6767254, -27.0552815, 1.0],
                        [-48.6766034, -27.0551657, 1.0],
                        [-48.676205, -27.0549122, 1.0],
                        [-48.6758797, -27.0546298, 1.0],
                        [-48.675709, -27.0544343, 1.0],
                        [-48.6755952, -27.0541519, 1.0],
                        [-48.6754783, -27.0537715, 1.0],
                        [-48.6753463, -27.0533655, 1.0],
                        [-48.6753154, -27.0533508, 1.0],
                        [-48.6752919, -27.0533276, 1.0],
                        [-48.6752788, -27.0532987, 1.0],
                        [-48.6752775, -27.0532675, 1.0],
                        [-48.6751913, -27.0530668, 1.0],
                        [-48.6750975, -27.0529665, 1.0],
                        [-48.6749768, -27.0527348, 1.0],
                        [-48.6748695, -27.0525102, 1.0],
                        [-48.6748158, -27.0523287, 1.0],
                        [-48.6746764, -27.0516598, 1.0],
                        [-48.6744296, -27.0504845, 1.0],
                        [-48.6743491, -27.0500928, 1.0],
                        [-48.6742472, -27.049916, 1.0],
                        [-48.6741077, -27.0497583, 1.0],
                        [-48.67392, -27.0495625, 1.0],
                        [-48.6735659, -27.0490369, 1.0],
                        [-48.6732494, -27.0485496, 1.0],
                        [-48.6730456, -27.0481865, 1.0],
                        [-48.672949, -27.0479715, 1.0],
                        [-48.6727988, -27.0475176, 1.0],
                        [-48.672611, -27.0470446, 1.0],
                        [-48.6724823, -27.0468583, 1.0],
                        [-48.6723536, -27.0467102, 1.0],
                        [-48.6722143, -27.0466077, 1.0],
                        [-48.672027, -27.0465192, 1.0],
                        [-48.6717849, -27.046457, 1.0],
                        [-48.6709803, -27.0463566, 1.0],
                        [-48.6702132, -27.0462229, 1.0],
                        [-48.6694514, -27.0461273, 1.0],
                        [-48.669116, -27.0460627, 1.0],
                        [-48.6689093, -27.0460016, 1.0],
                        [-48.6685485, -27.0458746, 1.0],
                        [-48.6684459, -27.0458424, 1.0],
                        [-48.6680161, -27.0457175, 1.0],
                        [-48.6677309, -27.045646, 1.0],
                        [-48.6670649, -27.0454678, 1.0],
                        [-48.6668162, -27.0453919, 1.0],
                        [-48.6666972, -27.0453425, 1.0],
                        [-48.6665605, -27.0452669, 1.0],
                        [-48.6658303, -27.0448102, 1.0],
                        [-48.6656649, -27.0447135, 1.0],
                        [-48.6655674, -27.0446574, 1.0]
                    ],
                    [
                        [-48.6805757, -27.081801, 1.0],
                        [-48.6810102, -27.0817055, 1.0],
                        [-48.681493, -27.0816577, 1.0],
                        [-48.6831828, -27.0816386, 1.0],
                        [-48.6837729, -27.0815622, 1.0],
                        [-48.684629, -27.0815051, 1.0],
                        [-48.6855056, -27.0814476, 1.0],
                        [-48.6862276, -27.0813332, 1.0]
                    ],
                    [
                        [-48.6675741, -27.0512517, 1.0],
                        [-48.6676885, -27.0518354, 1.0],
                        [-48.6677334, -27.052241, 1.0],
                        [-48.6677604, -27.0525067, 1.0],
                        [-48.6677364, -27.052852, 1.0],
                        [-48.6677581, -27.0530646, 1.0],
                        [-48.6678157, -27.0534082, 1.0],
                        [-48.6678732, -27.0536918, 1.0],
                        [-48.6679595, -27.054156, 1.0],
                        [-48.6680231, -27.0544624, 1.0],
                        [-48.6681265, -27.054854, 1.0],
                        [-48.668177, -27.0549407, 1.0],
                        [-48.6682843, -27.0550173, 1.0],
                        [-48.6686276, -27.0551487, 1.0],
                        [-48.6687778, -27.0552036, 1.0],
                        [-48.6688945, -27.0552287, 1.0],
                        [-48.6690205, -27.0552395, 1.0],
                        [-48.6693826, -27.0552454, 1.0],
                        [-48.6695288, -27.0552669, 1.0],
                        [-48.6696502, -27.0553216, 1.0],
                        [-48.6697575, -27.0553694, 1.0],
                        [-48.6698326, -27.0554267, 1.0],
                        [-48.6699077, -27.0555127, 1.0],
                        [-48.6699828, -27.0556178, 1.0],
                        [-48.6700686, -27.0557803, 1.0],
                        [-48.6702939, -27.05643, 1.0],
                        [-48.6703795, -27.0566397, 1.0]
                    ],
                    [
                        [-48.6655674, -27.0446574, 1.0],
                        [-48.6655687, -27.0448217, 1.0],
                        [-48.6655508, -27.0451468, 1.0],
                        [-48.6655765, -27.0453622, 1.0],
                        [-48.665657, -27.0457163, 1.0],
                        [-48.6657948, -27.0462231, 1.0],
                        [-48.6659522, -27.0467928, 1.0],
                        [-48.6662073, -27.0474689, 1.0],
                        [-48.6663438, -27.0480279, 1.0],
                        [-48.6664404, -27.0483384, 1.0],
                        [-48.6666003, -27.0484971, 1.0],
                        [-48.6667437, -27.0486394, 1.0],
                        [-48.6669476, -27.0489165, 1.0],
                        [-48.6671119, -27.0490444, 1.0],
                        [-48.6672157, -27.049168, 1.0],
                        [-48.6673198, -27.0493744, 1.0],
                        [-48.6674051, -27.0496718, 1.0],
                        [-48.66743, -27.0498699, 1.0],
                        [-48.6674192, -27.0501229, 1.0],
                        [-48.6674381, -27.050406, 1.0],
                        [-48.6674741, -27.0507511, 1.0],
                        [-48.6675741, -27.0512517, 1.0]
                    ],
                    [
                        [-48.6675741, -27.0512517, 1.0],
                        [-48.6667326, -27.0517304, 1.0],
                        [-48.6660741, -27.0520672, 1.0],
                        [-48.665944, -27.0521484, 1.0],
                        [-48.665857, -27.0522842, 1.0],
                        [-48.6657525, -27.0524488, 1.0],
                        [-48.6652915, -27.0533231, 1.0],
                        [-48.6651823, -27.0535757, 1.0],
                        [-48.6651367, -27.0537608, 1.0],
                        [-48.6650994, -27.0539244, 1.0],
                        [-48.6650455, -27.0539555, 1.0],
                        [-48.6648698, -27.053989, 1.0],
                        [-48.6643454, -27.0541108, 1.0],
                        [-48.6641791, -27.0541156, 1.0],
                        [-48.6635193, -27.0540881, 1.0],
                        [-48.6631009, -27.0541191, 1.0],
                        [-48.6628756, -27.0542099, 1.0],
                        [-48.6627536, -27.0543306, 1.0],
                        [-48.6626758, -27.0545324, 1.0],
                        [-48.6625673, -27.0546639, 1.0],
                        [-48.6621299, -27.0547963, 1.0],
                        [-48.6618631, -27.0547796, 1.0],
                        [-48.6616626, -27.0547826, 1.0],
                        [-48.6614193, -27.0548167, 1.0],
                        [-48.6612476, -27.0547976, 1.0],
                        [-48.661033, -27.0546495, 1.0],
                        [-48.6608773, -27.0545802, 1.0],
                        [-48.6607674, -27.0545838, 1.0],
                        [-48.6606453, -27.0546387, 1.0],
                        [-48.6604683, -27.0548489, 1.0],
                        [-48.6604379, -27.0549299, 1.0],
                        [-48.660353, -27.0551558, 1.0],
                        [-48.6603035, -27.0554187, 1.0],
                        [-48.660294, -27.0557029, 1.0],
                        [-48.6602792, -27.0557877, 1.0],
                        [-48.660192, -27.0558295, 1.0],
                        [-48.6600888, -27.0558032, 1.0],
                        [-48.659767, -27.055605, 1.0],
                        [-48.6596466, -27.0555477, 1.0],
                        [-48.6594774, -27.0555477, 1.0],
                        [-48.6592036, -27.0556384, 1.0],
                        [-48.6590306, -27.0557327, 1.0],
                        [-48.6589931, -27.0558151, 1.0],
                        [-48.6589785, -27.0559729, 1.0],
                        [-48.6590053, -27.0561735, 1.0],
                        [-48.6591716, -27.0563933, 1.0],
                        [-48.6593056, -27.0565293, 1.0],
                        [-48.6594142, -27.0566965, 1.0],
                        [-48.6594826, -27.0567969, 1.0],
                        [-48.6594866, -27.056902, 1.0],
                        [-48.6594344, -27.0570382, 1.0],
                        [-48.6593838, -27.057172, 1.0],
                        [-48.6593512, -27.0573558, 1.0],
                        [-48.6593042, -27.0574788, 1.0],
                        [-48.6592177, -27.0575463, 1.0],
                        [-48.6591473, -27.0575445, 1.0],
                        [-48.659036, -27.0574657, 1.0],
                        [-48.6589354, -27.0574107, 1.0],
                        [-48.6588442, -27.0574107, 1.0],
                        [-48.6588013, -27.0574537, 1.0],
                        [-48.6587638, -27.0576018, 1.0],
                        [-48.6586954, -27.0577846, 1.0],
                        [-48.6585639, -27.0580079, 1.0],
                        [-48.6584406, -27.0581476, 1.0],
                        [-48.6582313, -27.0582563, 1.0],
                        [-48.6579457, -27.0583328, 1.0],
                        [-48.6578169, -27.058371, 1.0],
                        [-48.6577539, -27.0584199, 1.0],
                        [-48.6576694, -27.0586051, 1.0],
                        [-48.6575891, -27.0587533, 1.0],
                        [-48.6574818, -27.0588727, 1.0],
                        [-48.6573423, -27.0589252, 1.0],
                        [-48.6571223, -27.0589084, 1.0],
                        [-48.656909, -27.0588762, 1.0],
                        [-48.6567253, -27.0588881, 1.0],
                        [-48.6565375, -27.0589383, 1.0],
                        [-48.6563672, -27.0589574, 1.0],
                        [-48.6560963, -27.058961, 1.0]
                    ],
                    [
                        [-48.6655674, -27.0446574, 1.0],
                        [-48.6653959, -27.0445906, 1.0],
                        [-48.6651542, -27.0445009, 1.0],
                        [-48.6649765, -27.0444337, 1.0],
                        [-48.6649005, -27.0444013, 1.0],
                        [-48.6647977, -27.0443474, 1.0],
                        [-48.6646893, -27.0442849, 1.0],
                        [-48.6644852, -27.0441592, 1.0],
                        [-48.6643562, -27.0440738, 1.0],
                        [-48.6642563, -27.0440005, 1.0],
                        [-48.6640949, -27.0438742, 1.0],
                        [-48.6638284, -27.0436496, 1.0],
                        [-48.6637309, -27.0435819, 1.0],
                        [-48.6636381, -27.0435306, 1.0],
                        [-48.6635697, -27.0434982, 1.0],
                        [-48.6634791, -27.0434664, 1.0],
                        [-48.6633777, -27.0434379, 1.0],
                        [-48.6632306, -27.0434049, 1.0],
                        [-48.6629991, -27.043353, 1.0],
                        [-48.6628987, -27.0433245, 1.0],
                        [-48.6628617, -27.043315, 1.0],
                        [-48.6627382, -27.0432649, 1.0],
                        [-48.6626536, -27.0432264, 1.0],
                        [-48.6624864, -27.0431419, 1.0],
                        [-48.6623763, -27.0430787, 1.0],
                        [-48.6621871, -27.0429605, 1.0],
                        [-48.6620458, -27.0428619, 1.0],
                        [-48.661849, -27.0427132, 1.0],
                        [-48.6616087, -27.0425215, 1.0],
                        [-48.6613426, -27.0422991, 1.0],
                        [-48.661123, -27.0421168, 1.0]
                    ],
                    [
                        [-48.661123, -27.0421168, 1.0],
                        [-48.6614075, -27.0418302, 1.0],
                        [-48.6615356, -27.0417013, 1.0]
                    ],
                    [
                        [-48.661123, -27.0421168, 1.0],
                        [-48.6608949, -27.0419275, 1.0]
                    ],
                    [
                        [-48.6608949, -27.0419275, 1.0],
                        [-48.6606161, -27.0416981, 1.0]
                    ],
                    [
                        [-48.6608949, -27.0419275, 1.0],
                        [-48.6607915, -27.0420389, 1.0],
                        [-48.6604804, -27.0424402, 1.0]
                    ],
                    [
                        [-48.6606161, -27.0416981, 1.0],
                        [-48.6604922, -27.0415911, 1.0],
                        [-48.6603675, -27.0414744, 1.0],
                        [-48.6602678, -27.0413737, 1.0],
                        [-48.6601951, -27.0412745, 1.0],
                        [-48.6601342, -27.0411681, 1.0],
                        [-48.6600152, -27.040937, 1.0],
                        [-48.6599849, -27.040858, 1.0],
                        [-48.6599659, -27.0407772, 1.0],
                        [-48.659946, -27.0406656, 1.0],
                        [-48.6599021, -27.0403329, 1.0],
                        [-48.6598832, -27.0402296, 1.0],
                        [-48.6598573, -27.0401364, 1.0],
                        [-48.659815, -27.0399651, 1.0],
                        [-48.6597885, -27.0398514, 1.0],
                        [-48.6597702, -27.0397296, 1.0],
                        [-48.6597602, -27.0396443, 1.0],
                        [-48.6597598, -27.0395684, 1.0],
                        [-48.6597655, -27.0394778, 1.0],
                        [-48.6597767, -27.0394021, 1.0],
                        [-48.6597922, -27.039311, 1.0],
                        [-48.6598078, -27.0392061, 1.0],
                        [-48.6598109, -27.0391238, 1.0],
                        [-48.6598111, -27.0390014, 1.0]
                    ],
                    [
                        [-48.6606161, -27.0416981, 1.0],
                        [-48.6606037, -27.0418238, 1.0],
                        [-48.6605823, -27.0418716, 1.0],
                        [-48.6605447, -27.0419242, 1.0],
                        [-48.6604857, -27.041972, 1.0],
                        [-48.6603892, -27.0420436, 1.0],
                        [-48.6603248, -27.0420962, 1.0],
                        [-48.6602604, -27.0421631, 1.0],
                        [-48.660196, -27.0422348, 1.0],
                        [-48.6601585, -27.0422921, 1.0],
                        [-48.6600887, -27.0424354, 1.0],
                        [-48.6600029, -27.0426839, 1.0]
                    ]
                ]
            }
        },
        {
            "type": "Feature",
            "properties": {
                "SETOR": "R03",
                "FREQUENCIA": "QUA - SAB",
                "TURNO": "MANHÃ",
                "HORARIO": "06:00 ÀS 14:20",
                "OPERACAO": "DOMICILIAR",
                "FILIAL": "CAMBORIÚ"
            },
            "geometry": {
                "type": "MultiLineString",
                "coordinates": [
                    [
                        [-48.7555892, -27.0928559, 1.0],
                        [-48.7562567, -27.0930819, 1.0],
                        [-48.7568025, -27.0933567, 1.0],
                        [-48.7574262, -27.0935573, 1.0],
                        [-48.7581128, -27.0937567, 1.0],
                        [-48.7585811, -27.0937765, 1.0],
                        [-48.7591414, -27.0938761, 1.0],
                        [-48.7598053, -27.0941349, 1.0],
                        [-48.7599112, -27.0941913, 1.0],
                        [-48.7599723, -27.0942719, 1.0],
                        [-48.760189, -27.0945579, 1.0],
                        [-48.7602713, -27.0946667, 1.0],
                        [-48.760382, -27.094752, 1.0],
                        [-48.7606906, -27.0948961, 1.0],
                        [-48.7611718, -27.0951476, 1.0],
                        [-48.7612686, -27.095221, 1.0],
                        [-48.7613349, -27.0953323, 1.0],
                        [-48.7614618, -27.0956118, 1.0],
                        [-48.7616395, -27.0958822, 1.0],
                        [-48.7617343, -27.0959774, 1.0],
                        [-48.7618242, -27.0960219, 1.0],
                        [-48.7619438, -27.0960125, 1.0],
                        [-48.7620409, -27.0959595, 1.0],
                        [-48.7622125, -27.0957159, 1.0],
                        [-48.7623653, -27.095552, 1.0],
                        [-48.7624441, -27.0954874, 1.0],
                        [-48.7625476, -27.0954648, 1.0],
                        [-48.7626348, -27.0954766, 1.0],
                        [-48.7626822, -27.0955028, 1.0],
                        [-48.7627093, -27.0955651, 1.0],
                        [-48.7626906, -27.0956102, 1.0],
                        [-48.7625945, -27.095719, 1.0],
                        [-48.7625114, -27.0959433, 1.0],
                        [-48.7623806, -27.0962532, 1.0],
                        [-48.762373, -27.0965034, 1.0],
                        [-48.7623916, -27.0967685, 1.0],
                        [-48.7623723, -27.0970251, 1.0],
                        [-48.7623069, -27.0973439, 1.0],
                        [-48.7622832, -27.0975075, 1.0],
                        [-48.762284, -27.0976548, 1.0],
                        [-48.762352, -27.0979175, 1.0],
                        [-48.7625227, -27.0989164, 1.0],
                        [-48.7625755, -27.0990864, 1.0],
                        [-48.7626612, -27.0992202, 1.0],
                        [-48.7627571, -27.099345, 1.0],
                        [-48.7630357, -27.0995698, 1.0],
                        [-48.7631583, -27.0997337, 1.0],
                        [-48.7632118, -27.0999048, 1.0],
                        [-48.7632227, -27.1000521, 1.0],
                        [-48.7632408, -27.100202, 1.0],
                        [-48.7632711, -27.1003284, 1.0],
                        [-48.7633479, -27.100422, 1.0],
                        [-48.7636232, -27.1006159, 1.0],
                        [-48.7640008, -27.1009108, 1.0],
                        [-48.7642411, -27.1010939, 1.0],
                        [-48.7644428, -27.1012679, 1.0],
                        [-48.7647156, -27.1016824, 1.0],
                        [-48.7651169, -27.1022369, 1.0],
                        [-48.7653133, -27.1025231, 1.0],
                        [-48.7654539, -27.1027924, 1.0],
                        [-48.7655527, -27.1029508, 1.0],
                        [-48.7657603, -27.1030606, 1.0],
                        [-48.7659699, -27.1031197, 1.0],
                        [-48.7663384, -27.1031689, 1.0],
                        [-48.7665504, -27.1032327, 1.0],
                        [-48.7670058, -27.103406, 1.0],
                        [-48.7672178, -27.10344, 1.0],
                        [-48.7676161, -27.1034227, 1.0],
                        [-48.7681904, -27.103448, 1.0],
                        [-48.7686123, -27.1034917, 1.0],
                        [-48.7687719, -27.1035233, 1.0],
                        [-48.7688966, -27.1035907, 1.0],
                        [-48.7692168, -27.1039877, 1.0],
                        [-48.7694247, -27.1042147, 1.0],
                        [-48.7698217, -27.1045394, 1.0],
                        [-48.7699641, -27.1047356, 1.0],
                        [-48.7700808, -27.10488, 1.0],
                        [-48.7701868, -27.1049683, 1.0],
                        [-48.770699, -27.1051857, 1.0],
                        [-48.7714458, -27.1055147, 1.0],
                        [-48.772081, -27.1057525, 1.0],
                        [-48.7722118, -27.1058279, 1.0],
                        [-48.7724102, -27.1060062, 1.0],
                        [-48.7726353, -27.1062011, 1.0],
                        [-48.7728567, -27.1063289, 1.0],
                        [-48.773333, -27.106506, 1.0],
                        [-48.773577, -27.106592, 1.0]
                    ],
                    [
                        [-48.7555892, -27.0928559, 1.0],
                        [-48.7560784, -27.0921247, 1.0],
                        [-48.7561309, -27.0920482, 1.0],
                        [-48.7562236, -27.0919045, 1.0],
                        [-48.7563222, -27.0917728, 1.0],
                        [-48.7563962, -27.0915973, 1.0],
                        [-48.7565007, -27.091397, 1.0],
                        [-48.756569, -27.0912493, 1.0],
                        [-48.7569884, -27.0905595, 1.0],
                        [-48.7570866, -27.0904332, 1.0],
                        [-48.7571849, -27.0903136, 1.0],
                        [-48.7573081, -27.0902038, 1.0],
                        [-48.7574314, -27.09016, 1.0],
                        [-48.7576163, -27.090138, 1.0],
                        [-48.7577765, -27.090138, 1.0],
                        [-48.757912, -27.090138, 1.0],
                        [-48.7582325, -27.0901929, 1.0],
                        [-48.758442, -27.0902368, 1.0],
                        [-48.7589103, -27.0903904, 1.0],
                        [-48.7594156, -27.0905659, 1.0],
                        [-48.7597607, -27.0906756, 1.0],
                        [-48.7603399, -27.0908183, 1.0],
                        [-48.7607589, -27.090917, 1.0],
                        [-48.7609931, -27.0909938, 1.0],
                        [-48.7612642, -27.0911255, 1.0],
                        [-48.761486, -27.0912572, 1.0],
                        [-48.7617202, -27.0914217, 1.0],
                        [-48.7619297, -27.0916192, 1.0],
                        [-48.7624104, -27.0920471, 1.0],
                        [-48.7625952, -27.0921898, 1.0],
                        [-48.7627801, -27.0922885, 1.0],
                        [-48.7630084, -27.0923169, 1.0],
                        [-48.7632361, -27.0923105, 1.0]
                    ],
                    [
                        [-48.7464409, -27.0882088, 1.0],
                        [-48.7467338, -27.088473, 1.0],
                        [-48.7468305, -27.0885809, 1.0],
                        [-48.746999, -27.0887767, 1.0],
                        [-48.7472029, -27.0894931, 1.0],
                        [-48.7473547, -27.090006, 1.0],
                        [-48.7475999, -27.0904793, 1.0],
                        [-48.7478724, -27.0906985, 1.0],
                        [-48.7487414, -27.0911355, 1.0],
                        [-48.7490714, -27.0912406, 1.0],
                        [-48.7497081, -27.0913939, 1.0],
                        [-48.7500246, -27.0915849, 1.0],
                        [-48.7503411, -27.0917497, 1.0],
                        [-48.7508588, -27.091838, 1.0],
                        [-48.7514944, -27.0919073, 1.0],
                        [-48.7523849, -27.0920911, 1.0],
                        [-48.7533546, -27.0924959, 1.0],
                        [-48.753843, -27.0927139, 1.0],
                        [-48.7542196, -27.0928147, 1.0],
                        [-48.7547787, -27.0928409, 1.0],
                        [-48.7555892, -27.0928559, 1.0]
                    ],
                    [
                        [-48.7497628, -27.1132344, 1.0],
                        [-48.7499793, -27.1131755, 1.0],
                        [-48.7502504, -27.1132084, 1.0],
                        [-48.7507064, -27.1133181, 1.0],
                        [-48.7508543, -27.1133949, 1.0],
                        [-48.7511131, -27.1136143, 1.0],
                        [-48.7512856, -27.113713, 1.0],
                        [-48.7516923, -27.1138446, 1.0],
                        [-48.7519142, -27.1139763, 1.0],
                        [-48.7521114, -27.1140969, 1.0],
                        [-48.7523953, -27.1141808, 1.0],
                        [-48.7524811, -27.1142395, 1.0],
                        [-48.7526536, -27.1147222, 1.0],
                        [-48.7527892, -27.1149087, 1.0],
                        [-48.7529371, -27.1149635, 1.0],
                        [-48.7530791, -27.1149741, 1.0],
                        [-48.7531573, -27.1150233, 1.0],
                        [-48.7532822, -27.1152268, 1.0],
                        [-48.7536026, -27.1154791, 1.0],
                        [-48.7537751, -27.1156875, 1.0],
                        [-48.753895, -27.1158535, 1.0],
                        [-48.7540339, -27.1159728, 1.0],
                        [-48.7544776, -27.1162141, 1.0],
                        [-48.7547364, -27.1164115, 1.0],
                        [-48.7549582, -27.116609, 1.0],
                        [-48.7551061, -27.1166419, 1.0],
                        [-48.7552665, -27.1166197, 1.0]
                    ],
                    [
                        [-48.7497628, -27.1132344, 1.0],
                        [-48.7495192, -27.1130714, 1.0],
                        [-48.7493369, -27.1126416, 1.0],
                        [-48.7491974, -27.1124077, 1.0],
                        [-48.7491298, -27.1122174, 1.0],
                        [-48.7491652, -27.1118108, 1.0],
                        [-48.7489077, -27.1114813, 1.0],
                        [-48.7487811, -27.110952, 1.0],
                        [-48.7488272, -27.1105884, 1.0],
                        [-48.7484195, -27.1095283, 1.0],
                        [-48.7483981, -27.1091654, 1.0],
                        [-48.7483949, -27.1087746, 1.0],
                        [-48.7483283, -27.1085733, 1.0],
                        [-48.7482264, -27.1084062, 1.0],
                        [-48.7481245, -27.1082582, 1.0],
                        [-48.7480891, -27.1080726, 1.0],
                        [-48.7479979, -27.1079533, 1.0]
                    ],
                    [
                        [-48.7471643, -27.1194839, 1.0],
                        [-48.7472394, -27.1194362, 1.0],
                        [-48.7474078, -27.1193271, 1.0],
                        [-48.7475956, -27.1192411, 1.0],
                        [-48.7477436, -27.119312, 1.0],
                        [-48.7478616, -27.1193454, 1.0],
                        [-48.7479957, -27.1193216, 1.0],
                        [-48.7480676, -27.1191981, 1.0],
                        [-48.7481084, -27.1190494, 1.0],
                        [-48.748146, -27.1188966, 1.0],
                        [-48.7482532, -27.1187343, 1.0],
                        [-48.748323, -27.1186292, 1.0],
                        [-48.7485504, -27.1185201, 1.0],
                        [-48.7486127, -27.1184669, 1.0],
                        [-48.7486502, -27.1183428, 1.0],
                        [-48.7486905, -27.1182628, 1.0],
                        [-48.7487221, -27.1182002, 1.0],
                        [-48.748795, -27.1180658, 1.0],
                        [-48.7491115, -27.1176218, 1.0],
                        [-48.7492242, -27.1170106, 1.0],
                        [-48.7495701, -27.1167461, 1.0],
                        [-48.7496426, -27.1166907, 1.0],
                        [-48.7498518, -27.1164615, 1.0],
                        [-48.7501007, -27.116085, 1.0],
                        [-48.7502509, -27.1156792, 1.0],
                        [-48.750284, -27.1154177, 1.0],
                        [-48.7503078, -27.1152296, 1.0],
                        [-48.7504097, -27.11501, 1.0],
                        [-48.7502703, -27.114776, 1.0],
                        [-48.7501683, -27.1145516, 1.0],
                        [-48.7502134, -27.1142849, 1.0],
                        [-48.7502649, -27.1139786, 1.0],
                        [-48.7501115, -27.1135496, 1.0],
                        [-48.7497628, -27.1132344, 1.0]
                    ],
                    [
                        [-48.7479979, -27.1079533, 1.0],
                        [-48.7477275, -27.1078905, 1.0],
                        [-48.7475097, -27.1077718, 1.0],
                        [-48.7472898, -27.107576, 1.0],
                        [-48.7470967, -27.1074853, 1.0],
                        [-48.7468606, -27.1073802, 1.0],
                        [-48.7461718, -27.1060472, 1.0],
                        [-48.745867, -27.105009, 1.0],
                        [-48.7458304, -27.1048177, 1.0]
                    ],
                    [
                        [-48.7447661, -27.0969313, 1.0],
                        [-48.7480421, -27.0967126, 1.0],
                        [-48.7482886, -27.0967016, 1.0],
                        [-48.7484735, -27.0967126, 1.0],
                        [-48.7486337, -27.0967346, 1.0],
                        [-48.7495307, -27.0969845, 1.0],
                        [-48.7497049, -27.0970957, 1.0],
                        [-48.7498839, -27.0972536, 1.0],
                        [-48.7502637, -27.0975998, 1.0],
                        [-48.7504283, -27.0977134, 1.0],
                        [-48.7505547, -27.0977529, 1.0],
                        [-48.7507911, -27.097805, 1.0],
                        [-48.7512913, -27.0978936, 1.0],
                        [-48.7515769, -27.097928, 1.0],
                        [-48.7517945, -27.0979785, 1.0],
                        [-48.7520352, -27.0980182, 1.0],
                        [-48.75222, -27.0980292, 1.0],
                        [-48.7524859, -27.0980902, 1.0],
                        [-48.75275, -27.0981918, 1.0],
                        [-48.7529103, -27.098262, 1.0],
                        [-48.7529965, -27.0983142, 1.0],
                        [-48.7530704, -27.0984351, 1.0],
                        [-48.7531443, -27.0985009, 1.0],
                        [-48.7532429, -27.0985668, 1.0],
                        [-48.7533662, -27.0986436, 1.0],
                        [-48.753625, -27.0987752, 1.0],
                        [-48.7537236, -27.0988301, 1.0],
                        [-48.7538098, -27.0989179, 1.0],
                        [-48.7538611, -27.0990134, 1.0],
                        [-48.7538838, -27.0990934, 1.0],
                        [-48.7539331, -27.0994225, 1.0],
                        [-48.7539701, -27.0995981, 1.0],
                        [-48.754007, -27.0997407, 1.0],
                        [-48.754083, -27.0999332, 1.0],
                        [-48.7541303, -27.1000082, 1.0],
                        [-48.7541919, -27.1001137, 1.0],
                        [-48.7542289, -27.1002015, 1.0],
                        [-48.7542165, -27.1003112, 1.0],
                        [-48.7541188, -27.1007241, 1.0],
                        [-48.7541105, -27.1008097, 1.0],
                        [-48.7541266, -27.1008867, 1.0],
                        [-48.7541556, -27.1009616, 1.0],
                        [-48.7542283, -27.1011158, 1.0],
                        [-48.7543578, -27.1013224, 1.0],
                        [-48.7545425, -27.1015786, 1.0],
                        [-48.7547385, -27.1018065, 1.0],
                        [-48.7552103, -27.1022978, 1.0],
                        [-48.7553304, -27.1023937, 1.0],
                        [-48.755442, -27.1024508, 1.0],
                        [-48.7560046, -27.1025972, 1.0],
                        [-48.7561848, -27.1027517, 1.0],
                        [-48.7563551, -27.10318, 1.0],
                        [-48.7564229, -27.103349, 1.0],
                        [-48.7564425, -27.1034818, 1.0],
                        [-48.7564226, -27.1036903, 1.0],
                        [-48.7563979, -27.1038877, 1.0],
                        [-48.756361, -27.1040633, 1.0],
                        [-48.7563117, -27.1042498, 1.0],
                        [-48.7561884, -27.1044911, 1.0],
                        [-48.7556338, -27.1052591, 1.0],
                        [-48.7555969, -27.1053468, 1.0],
                        [-48.7556338, -27.1056869, 1.0],
                        [-48.7556215, -27.1058076, 1.0],
                        [-48.7555969, -27.1059502, 1.0],
                        [-48.7555722, -27.1060928, 1.0],
                        [-48.7555845, -27.1062245, 1.0],
                        [-48.7556784, -27.1064123, 1.0],
                        [-48.7557267, -27.1065345, 1.0],
                        [-48.7556585, -27.1066633, 1.0],
                        [-48.7555845, -27.1067291, 1.0],
                        [-48.7555229, -27.106784, 1.0],
                        [-48.7554366, -27.1067949, 1.0],
                        [-48.7553257, -27.106773, 1.0],
                        [-48.7552025, -27.1067291, 1.0],
                        [-48.7551039, -27.1067072, 1.0],
                        [-48.7547835, -27.1066743, 1.0],
                        [-48.7544261, -27.1066414, 1.0],
                        [-48.7541426, -27.1065975, 1.0],
                        [-48.7537606, -27.1064878, 1.0],
                        [-48.7534894, -27.1063781, 1.0],
                        [-48.7533415, -27.1063342, 1.0],
                        [-48.7531197, -27.1063342, 1.0],
                        [-48.7526514, -27.1063452, 1.0],
                        [-48.7524542, -27.1063342, 1.0],
                        [-48.7523433, -27.1063452, 1.0],
                        [-48.7522693, -27.1063781, 1.0],
                        [-48.7522077, -27.1064549, 1.0],
                        [-48.7521461, -27.1065865, 1.0],
                        [-48.7520968, -27.1066633, 1.0],
                        [-48.7520105, -27.1067291, 1.0],
                        [-48.7518996, -27.1067291, 1.0],
                        [-48.7515792, -27.1065975, 1.0],
                        [-48.751345, -27.1064878, 1.0],
                        [-48.7511725, -27.1064219, 1.0],
                        [-48.7509753, -27.1064219, 1.0],
                        [-48.7508151, -27.1064878, 1.0],
                        [-48.7506795, -27.1065755, 1.0],
                        [-48.7505686, -27.1066962, 1.0],
                        [-48.7504453, -27.1068279, 1.0],
                        [-48.7503221, -27.1070034, 1.0],
                        [-48.7500879, -27.1073544, 1.0],
                        [-48.7499893, -27.107508, 1.0],
                        [-48.7499031, -27.1075958, 1.0],
                        [-48.7498045, -27.1076726, 1.0],
                        [-48.7497059, -27.1076836, 1.0],
                        [-48.7495457, -27.1077165, 1.0],
                        [-48.7493731, -27.1077494, 1.0],
                        [-48.7492622, -27.1078042, 1.0],
                        [-48.749176, -27.107881, 1.0],
                        [-48.7489418, -27.1081553, 1.0],
                        [-48.7488802, -27.1082211, 1.0],
                        [-48.7487816, -27.108265, 1.0],
                        [-48.7486583, -27.1082869, 1.0],
                        [-48.7485474, -27.108276, 1.0],
                        [-48.7484488, -27.108243, 1.0],
                        [-48.7479979, -27.1079533, 1.0]
                    ],
                    [
                        [-48.7430354, -27.0858684, 1.0],
                        [-48.7437579, -27.0860851, 1.0],
                        [-48.7442417, -27.0863466, 1.0],
                        [-48.744748, -27.0866881, 1.0],
                        [-48.7451457, -27.087081, 1.0],
                        [-48.7452438, -27.0871836, 1.0],
                        [-48.7464409, -27.0882088, 1.0]
                    ],
                    [
                        [-48.7448456, -27.0963741, 1.0],
                        [-48.7449506, -27.0957694, 1.0],
                        [-48.7450314, -27.0953959, 1.0],
                        [-48.7451014, -27.0951856, 1.0],
                        [-48.7451481, -27.0950528, 1.0],
                        [-48.7453188, -27.0946899, 1.0],
                        [-48.745571, -27.0940895, 1.0],
                        [-48.7457373, -27.0938077, 1.0],
                        [-48.7458553, -27.09344, 1.0],
                        [-48.7458736, -27.0931255, 1.0],
                        [-48.745634, -27.0925696, 1.0],
                        [-48.7454262, -27.0919977, 1.0],
                        [-48.7453874, -27.09175, 1.0],
                        [-48.7453908, -27.0915528, 1.0],
                        [-48.745433, -27.0914082, 1.0],
                        [-48.7454626, -27.091318, 1.0],
                        [-48.7455206, -27.0912292, 1.0],
                        [-48.7457269, -27.0909561, 1.0],
                        [-48.745792, -27.0908337, 1.0],
                        [-48.7458474, -27.0906772, 1.0],
                        [-48.7458178, -27.0899297, 1.0],
                        [-48.7458446, -27.0895286, 1.0],
                        [-48.7460163, -27.0890414, 1.0],
                        [-48.7461879, -27.088645, 1.0],
                        [-48.7463523, -27.0883389, 1.0],
                        [-48.7464409, -27.0882088, 1.0]
                    ],
                    [
                        [-48.7458304, -27.1048177, 1.0],
                        [-48.7456669, -27.1047781, 1.0]
                    ],
                    [
                        [-48.7458304, -27.1048177, 1.0],
                        [-48.7458069, -27.1044479, 1.0]
                    ],
                    [
                        [-48.7458069, -27.1044479, 1.0],
                        [-48.7457802, -27.1040082, 1.0],
                        [-48.745673, -27.1036596, 1.0],
                        [-48.7452277, -27.1029194, 1.0],
                        [-48.7448773, -27.1022239, 1.0],
                        [-48.7446878, -27.1019245, 1.0],
                        [-48.7444052, -27.1015759, 1.0],
                        [-48.7443337, -27.1014391, 1.0],
                        [-48.7442872, -27.1012051, 1.0],
                        [-48.7442765, -27.1009121, 1.0],
                        [-48.7442905, -27.1006073, 1.0],
                        [-48.7444842, -27.0990133, 1.0],
                        [-48.744528, -27.0986532, 1.0],
                        [-48.7447661, -27.0969313, 1.0]
                    ],
                    [
                        [-48.7456669, -27.1047781, 1.0],
                        [-48.7458069, -27.1044479, 1.0]
                    ],
                    [
                        [-48.7399004, -27.1144847, 1.0],
                        [-48.7397448, -27.1143484, 1.0],
                        [-48.7397127, -27.1140311, 1.0],
                        [-48.7396644, -27.1136608, 1.0],
                        [-48.739718, -27.1132241, 1.0],
                        [-48.7396912, -27.1129376, 1.0],
                        [-48.7396483, -27.1123572, 1.0],
                        [-48.7396, -27.1120015, 1.0],
                        [-48.7395236, -27.1118024, 1.0],
                        [-48.7394887, -27.1116685, 1.0],
                        [-48.7395169, -27.1115887, 1.0],
                        [-48.7397127, -27.1115004, 1.0],
                        [-48.7399004, -27.1114049, 1.0],
                        [-48.7401096, -27.1111874, 1.0],
                        [-48.7401096, -27.1109295, 1.0],
                        [-48.7401096, -27.11066, 1.0],
                        [-48.740233, -27.110469, 1.0],
                        [-48.7404047, -27.11034, 1.0],
                        [-48.7407212, -27.1101777, 1.0],
                        [-48.7409518, -27.1101108, 1.0],
                        [-48.7410913, -27.1099819, 1.0],
                        [-48.7412147, -27.1096689, 1.0],
                        [-48.7412147, -27.1094301, 1.0],
                        [-48.7414883, -27.109237, 1.0],
                        [-48.741719, -27.1090126, 1.0],
                        [-48.7418316, -27.1087881, 1.0],
                        [-48.7420784, -27.108473, 1.0],
                        [-48.7421581, -27.1083432, 1.0],
                        [-48.7422178, -27.1082459, 1.0],
                        [-48.7426577, -27.1080406, 1.0],
                        [-48.7430976, -27.1076994, 1.0],
                        [-48.7437092, -27.1072649, 1.0],
                        [-48.7441115, -27.1068399, 1.0],
                        [-48.7444173, -27.1064361, 1.0],
                        [-48.7448354, -27.1058976, 1.0],
                        [-48.745085, -27.1057252, 1.0],
                        [-48.7451671, -27.1056611, 1.0],
                        [-48.7452304, -27.1055823, 1.0],
                        [-48.7453617, -27.1053675, 1.0],
                        [-48.7456669, -27.1047781, 1.0]
                    ],
                    [
                        [-48.7447661, -27.0969313, 1.0],
                        [-48.7448456, -27.0963741, 1.0]
                    ],
                    [
                        [-48.7448456, -27.0963741, 1.0],
                        [-48.7431124, -27.0965042, 1.0],
                        [-48.742792, -27.0965371, 1.0],
                        [-48.7424593, -27.0965371, 1.0],
                        [-48.7420772, -27.0964932, 1.0],
                        [-48.7419663, -27.0964712, 1.0],
                        [-48.74188, -27.0964712, 1.0],
                        [-48.7417405, -27.0965237, 1.0],
                        [-48.7416365, -27.0965556, 1.0],
                        [-48.741005, -27.0966797, 1.0],
                        [-48.7403021, -27.0968752, 1.0],
                        [-48.7399944, -27.096965, 1.0],
                        [-48.7398712, -27.0969979, 1.0],
                        [-48.7397603, -27.0969869, 1.0],
                        [-48.7396493, -27.096943, 1.0],
                        [-48.7395754, -27.0968772, 1.0],
                        [-48.739277, -27.0962208, 1.0],
                        [-48.7391563, -27.0959809, 1.0],
                        [-48.7391334, -27.0958564, 1.0],
                        [-48.7390873, -27.0956574, 1.0],
                        [-48.7390562, -27.0954671, 1.0],
                        [-48.7390311, -27.0952558, 1.0],
                        [-48.7390117, -27.0951246, 1.0],
                        [-48.7389345, -27.0949681, 1.0],
                        [-48.7388729, -27.0948913, 1.0],
                        [-48.7386634, -27.0947377, 1.0],
                        [-48.7385032, -27.094639, 1.0],
                        [-48.7382814, -27.0944854, 1.0],
                        [-48.7377026, -27.0940254, 1.0]
                    ],
                    [
                        [-48.7402197, -27.0849384, 1.0],
                        [-48.7409147, -27.085143, 1.0],
                        [-48.7428775, -27.0858207, 1.0]
                    ],
                    [
                        [-48.7402197, -27.0849384, 1.0],
                        [-48.7402783, -27.0876263, 1.0],
                        [-48.7403291, -27.0878521, 1.0],
                        [-48.7404839, -27.0880637, 1.0],
                        [-48.7409054, -27.088477, 1.0],
                        [-48.7412184, -27.088953, 1.0],
                        [-48.741434, -27.0892828, 1.0],
                        [-48.7415941, -27.0896559, 1.0],
                        [-48.741746, -27.0900309, 1.0]
                    ],
                    [
                        [-48.7375314, -27.0839973, 1.0],
                        [-48.7379932, -27.0841658, 1.0],
                        [-48.7385436, -27.0843609, 1.0],
                        [-48.7397238, -27.0847716, 1.0],
                        [-48.7402197, -27.0849384, 1.0]
                    ],
                    [
                        [-48.7246785, -27.071946, 1.0],
                        [-48.7252244, -27.072249, 1.0],
                        [-48.7253775, -27.0723504, 1.0],
                        [-48.725808, -27.0727407, 1.0],
                        [-48.7259765, -27.0728505, 1.0],
                        [-48.726603, -27.0731115, 1.0],
                        [-48.7267676, -27.0732054, 1.0],
                        [-48.7269111, -27.073321, 1.0],
                        [-48.7270776, -27.0734885, 1.0],
                        [-48.7273473, -27.0737705, 1.0],
                        [-48.7274984, -27.074002, 1.0],
                        [-48.7277078, -27.074391, 1.0],
                        [-48.7279074, -27.0747882, 1.0],
                        [-48.7280392, -27.075099, 1.0],
                        [-48.7281432, -27.0753725, 1.0],
                        [-48.7281548, -27.0756296, 1.0],
                        [-48.7280923, -27.0759605, 1.0],
                        [-48.7280821, -27.07636, 1.0],
                        [-48.7281024, -27.0767596, 1.0],
                        [-48.728151, -27.0771624, 1.0],
                        [-48.7282164, -27.0774134, 1.0],
                        [-48.7287687, -27.0785762, 1.0],
                        [-48.7288766, -27.078763, 1.0],
                        [-48.7291656, -27.0793405, 1.0],
                        [-48.7294268, -27.0803573, 1.0],
                        [-48.7298497, -27.0809739, 1.0],
                        [-48.7304103, -27.0816331, 1.0],
                        [-48.7310111, -27.0819866, 1.0],
                        [-48.7326358, -27.0823693, 1.0],
                        [-48.733525, -27.0823657, 1.0],
                        [-48.734734, -27.0826265, 1.0],
                        [-48.7355461, -27.0829211, 1.0],
                        [-48.7367939, -27.0836677, 1.0],
                        [-48.7375314, -27.0839973, 1.0]
                    ],
                    [
                        [-48.7229287, -27.0696155, 1.0],
                        [-48.7233433, -27.0694847, 1.0],
                        [-48.7235492, -27.0693825, 1.0],
                        [-48.7236384, -27.0692781, 1.0],
                        [-48.7236799, -27.0691611, 1.0],
                        [-48.7237382, -27.0688571, 1.0],
                        [-48.7238308, -27.0682863, 1.0],
                        [-48.7238194, -27.0680792, 1.0],
                        [-48.7238671, -27.0677943, 1.0],
                        [-48.7240045, -27.0676361, 1.0],
                        [-48.7241976, -27.0674498, 1.0],
                        [-48.7242894, -27.0673308, 1.0],
                        [-48.7244698, -27.066916, 1.0],
                        [-48.7245637, -27.0667381, 1.0],
                        [-48.7246072, -27.0665642, 1.0],
                        [-48.7245168, -27.0661206, 1.0],
                        [-48.7245449, -27.0660155, 1.0],
                        [-48.7246268, -27.0659582, 1.0],
                        [-48.7247836, -27.0658913, 1.0],
                        [-48.7260608, -27.0656133, 1.0],
                        [-48.7263259, -27.065668, 1.0],
                        [-48.7267497, -27.0658423, 1.0],
                        [-48.7269877, -27.0660232, 1.0],
                        [-48.7273268, -27.0662534, 1.0],
                        [-48.7274471, -27.0664263, 1.0],
                        [-48.7275051, -27.0666463, 1.0],
                        [-48.7275815, -27.0669723, 1.0],
                        [-48.7276402, -27.067082, 1.0],
                        [-48.7277264, -27.0671778, 1.0],
                        [-48.7279128, -27.0672446, 1.0],
                        [-48.7281046, -27.0672828, 1.0],
                        [-48.7282223, -27.0673387, 1.0],
                        [-48.7286883, -27.0677547, 1.0],
                        [-48.7289511, -27.0679315, 1.0],
                        [-48.729102, -27.0681687, 1.0],
                        [-48.7292019, -27.0683698, 1.0],
                        [-48.7292314, -27.0686409, 1.0],
                        [-48.7293105, -27.0690206, 1.0],
                        [-48.7293693, -27.069399, 1.0],
                        [-48.729451, -27.0695506, 1.0],
                        [-48.7295352, -27.0696005, 1.0],
                        [-48.7296371, -27.0696089, 1.0],
                        [-48.7297115, -27.069589, 1.0],
                        [-48.7299891, -27.0695079, 1.0],
                        [-48.7304086, -27.0693071, 1.0],
                        [-48.7306194, -27.0691544, 1.0],
                        [-48.7307945, -27.0689091, 1.0],
                        [-48.7308646, -27.068692, 1.0],
                        [-48.7309527, -27.0684696, 1.0],
                        [-48.7310469, -27.0683409, 1.0],
                        [-48.7311901, -27.0682463, 1.0],
                        [-48.731389, -27.0681976, 1.0],
                        [-48.7320233, -27.0682132, 1.0],
                        [-48.7326854, -27.068269, 1.0],
                        [-48.7328611, -27.0682881, 1.0],
                        [-48.7330031, -27.0683302, 1.0],
                        [-48.7331307, -27.0684015, 1.0],
                        [-48.7333748, -27.0685807, 1.0],
                        [-48.7335511, -27.0685907, 1.0],
                        [-48.7336698, -27.0685723, 1.0],
                        [-48.7338254, -27.0685222, 1.0],
                        [-48.7339555, -27.0685329, 1.0],
                        [-48.7340908, -27.0686048, 1.0],
                        [-48.734363, -27.0688963, 1.0],
                        [-48.7344443, -27.0689914, 1.0],
                        [-48.7349437, -27.0693966, 1.0],
                        [-48.7350532, -27.0697467, 1.0],
                        [-48.7349553, -27.0701312, 1.0],
                        [-48.7348364, -27.0707723, 1.0],
                        [-48.734732, -27.0710395, 1.0],
                        [-48.734764, -27.0711974, 1.0],
                        [-48.7350268, -27.0714506, 1.0],
                        [-48.7354265, -27.0717181, 1.0],
                        [-48.7356566, -27.0719368, 1.0],
                        [-48.7358605, -27.072147, 1.0],
                        [-48.7361561, -27.0724155, 1.0],
                        [-48.7364779, -27.0727403, 1.0],
                        [-48.7370291, -27.0730902, 1.0],
                        [-48.7374167, -27.0733612, 1.0],
                        [-48.7374959, -27.0734409, 1.0],
                        [-48.737899, -27.0740243, 1.0],
                        [-48.7381136, -27.0744542, 1.0],
                        [-48.7380814, -27.0747981, 1.0],
                        [-48.737862, -27.0751525, 1.0],
                        [-48.7380116, -27.0754906, 1.0],
                        [-48.7381196, -27.075754, 1.0],
                        [-48.7381945, -27.0760074, 1.0],
                        [-48.7381409, -27.076312, 1.0],
                        [-48.7380419, -27.0764741, 1.0],
                        [-48.7380282, -27.0765949, 1.0],
                        [-48.7381089, -27.0767452, 1.0],
                        [-48.7390941, -27.0779661, 1.0],
                        [-48.7394983, -27.0785244, 1.0],
                        [-48.7396886, -27.0787992, 1.0],
                        [-48.7397235, -27.0789423, 1.0],
                        [-48.7397303, -27.0791286, 1.0],
                        [-48.7397569, -27.0792996, 1.0],
                        [-48.7397877, -27.079554, 1.0],
                        [-48.7397953, -27.0799781, 1.0],
                        [-48.7396804, -27.0803397, 1.0],
                        [-48.7396807, -27.0805388, 1.0],
                        [-48.7397865, -27.080662, 1.0],
                        [-48.739973, -27.0808397, 1.0],
                        [-48.7400359, -27.0809713, 1.0],
                        [-48.7400267, -27.0812636, 1.0],
                        [-48.7399596, -27.0815335, 1.0],
                        [-48.7397362, -27.0820844, 1.0],
                        [-48.7396229, -27.0822296, 1.0],
                        [-48.7394685, -27.0823134, 1.0],
                        [-48.7390448, -27.0824866, 1.0],
                        [-48.7388894, -27.0825842, 1.0],
                        [-48.7388404, -27.0827508, 1.0],
                        [-48.7387318, -27.0829596, 1.0],
                        [-48.7386413, -27.0830189, 1.0],
                        [-48.7385126, -27.0830702, 1.0],
                        [-48.7382347, -27.0831577, 1.0],
                        [-48.7380954, -27.0832242, 1.0],
                        [-48.7379438, -27.0833355, 1.0],
                        [-48.737693, -27.0836997, 1.0],
                        [-48.7375314, -27.0839973, 1.0]
                    ],
                    [
                        [-48.7260577, -27.059785, 1.0],
                        [-48.7258458, -27.0595748, 1.0],
                        [-48.7257358, -27.0594936, 1.0],
                        [-48.7256125, -27.0594626, 1.0],
                        [-48.7251538, -27.0593885, 1.0],
                        [-48.7249929, -27.0593336, 1.0],
                        [-48.7249258, -27.0592619, 1.0],
                        [-48.7249084, -27.0591544, 1.0],
                        [-48.7248275, -27.0590153, 1.0],
                        [-48.7246818, -27.0589275, 1.0],
                        [-48.7243562, -27.0588519, 1.0],
                        [-48.7242501, -27.0588014, 1.0],
                        [-48.7241368, -27.0587132, 1.0],
                        [-48.7240236, -27.0586754, 1.0],
                        [-48.7237475, -27.0586375, 1.0],
                        [-48.7236484, -27.0585934, 1.0],
                        [-48.7235635, -27.0584863, 1.0],
                        [-48.723436, -27.0582971, 1.0],
                        [-48.7233157, -27.0581648, 1.0],
                        [-48.7231317, -27.0580576, 1.0],
                        [-48.7222964, -27.0577487, 1.0],
                        [-48.7221407, -27.0576794, 1.0],
                        [-48.7219779, -27.0575407, 1.0],
                        [-48.7218717, -27.0574777, 1.0],
                        [-48.7216098, -27.057402, 1.0],
                        [-48.7214116, -27.0573264, 1.0],
                        [-48.721187, -27.0572526, 1.0],
                        [-48.7210469, -27.0572235, 1.0],
                        [-48.720734, -27.0571736, 1.0],
                        [-48.7206079, -27.057132, 1.0],
                        [-48.7205332, -27.0570821, 1.0],
                        [-48.7204305, -27.0569781, 1.0],
                        [-48.7203511, -27.056949, 1.0],
                        [-48.7202577, -27.0569615, 1.0],
                        [-48.720197, -27.0569947, 1.0],
                        [-48.7201222, -27.0571112, 1.0],
                        [-48.7200428, -27.0572068, 1.0],
                        [-48.7199354, -27.0572858, 1.0],
                        [-48.719856, -27.0573857, 1.0],
                        [-48.7197533, -27.0576019, 1.0],
                        [-48.7196599, -27.0576809, 1.0],
                        [-48.7195525, -27.057735, 1.0],
                        [-48.7194124, -27.0577683, 1.0],
                        [-48.719263, -27.0577683, 1.0],
                        [-48.7190762, -27.0577059, 1.0],
                        [-48.7189547, -27.0576352, 1.0],
                        [-48.7187726, -27.0574813, 1.0],
                        [-48.7186792, -27.0574231, 1.0],
                        [-48.7186045, -27.0574023, 1.0],
                        [-48.7185158, -27.0574148, 1.0],
                        [-48.7184504, -27.0574564, 1.0],
                        [-48.7183383, -27.0576102, 1.0],
                        [-48.7181889, -27.0577932, 1.0],
                        [-48.7180628, -27.0578972, 1.0],
                        [-48.717918, -27.0579679, 1.0],
                        [-48.7178153, -27.0579929, 1.0],
                        [-48.7177032, -27.0579845, 1.0],
                        [-48.7174977, -27.0579471, 1.0],
                        [-48.7173623, -27.0579097, 1.0],
                        [-48.7172549, -27.0578722, 1.0],
                        [-48.7171755, -27.0578515, 1.0],
                        [-48.7171101, -27.0578556, 1.0],
                        [-48.7170073, -27.0578764, 1.0],
                        [-48.7169139, -27.0578847, 1.0],
                        [-48.7168065, -27.0578722, 1.0],
                        [-48.7165077, -27.0578099, 1.0],
                        [-48.7163956, -27.0577932, 1.0],
                        [-48.7163022, -27.0578015, 1.0],
                        [-48.7162041, -27.0578223, 1.0],
                        [-48.716092, -27.0578722, 1.0],
                        [-48.7158352, -27.0580012, 1.0],
                        [-48.7157527, -27.0580678, 1.0]
                    ],
                    [
                        [-48.7229287, -27.0696155, 1.0],
                        [-48.7235529, -27.0706479, 1.0],
                        [-48.7240625, -27.0713512, 1.0],
                        [-48.7243369, -27.0716407, 1.0],
                        [-48.7246785, -27.071946, 1.0]
                    ],
                    [
                        [-48.7207855, -27.0755244, 1.0],
                        [-48.7218931, -27.0747661, 1.0],
                        [-48.7219632, -27.0746695, 1.0],
                        [-48.7220596, -27.074379, 1.0],
                        [-48.7221685, -27.0742351, 1.0],
                        [-48.722546, -27.0739454, 1.0],
                        [-48.7226962, -27.0735418, 1.0],
                        [-48.7227854, -27.0733753, 1.0],
                        [-48.7229698, -27.0732743, 1.0],
                        [-48.7230905, -27.0732122, 1.0],
                        [-48.7232333, -27.0730553, 1.0],
                        [-48.7234295, -27.0728382, 1.0],
                        [-48.723695, -27.0726125, 1.0],
                        [-48.7238935, -27.0723749, 1.0],
                        [-48.7243484, -27.0721757, 1.0],
                        [-48.7246785, -27.071946, 1.0]
                    ],
                    [
                        [-48.723043, -27.0761186, 1.0],
                        [-48.722967, -27.0759204, 1.0],
                        [-48.7229344, -27.0758817, 1.0],
                        [-48.7228692, -27.0758672, 1.0],
                        [-48.7227932, -27.0758865, 1.0],
                        [-48.72269, -27.0759736, 1.0],
                        [-48.7224891, -27.0760896, 1.0],
                        [-48.7223751, -27.0761379, 1.0],
                        [-48.7222482, -27.0761214, 1.0],
                        [-48.7220906, -27.0760924, 1.0],
                        [-48.7219867, -27.0760411, 1.0],
                        [-48.721775, -27.0758652, 1.0],
                        [-48.7215855, -27.0757505, 1.0],
                        [-48.7213652, -27.0756641, 1.0],
                        [-48.7212132, -27.0756255, 1.0],
                        [-48.7209645, -27.0755617, 1.0],
                        [-48.7207855, -27.0755244, 1.0]
                    ],
                    [
                        [-48.7130768, -27.061711, 1.0],
                        [-48.7136084, -27.0619205, 1.0],
                        [-48.7139334, -27.062106, 1.0],
                        [-48.7147569, -27.0627366, 1.0],
                        [-48.7151471, -27.0630328, 1.0],
                        [-48.71543, -27.0631713, 1.0],
                        [-48.7156233, -27.0632612, 1.0],
                        [-48.7157442, -27.0633558, 1.0],
                        [-48.7160738, -27.0637708, 1.0],
                        [-48.7162261, -27.0639131, 1.0],
                        [-48.7164106, -27.0640124, 1.0],
                        [-48.7167339, -27.0641178, 1.0],
                        [-48.7173152, -27.0642398, 1.0],
                        [-48.7175761, -27.0642988, 1.0],
                        [-48.7178854, -27.0644845, 1.0],
                        [-48.7181257, -27.0647143, 1.0],
                        [-48.7188533, -27.0659355, 1.0],
                        [-48.7190845, -27.0663779, 1.0],
                        [-48.7193156, -27.066771, 1.0],
                        [-48.7196141, -27.0671357, 1.0],
                        [-48.7199173, -27.0674135, 1.0],
                        [-48.7202267, -27.0676784, 1.0],
                        [-48.7204405, -27.0678885, 1.0],
                        [-48.7207072, -27.0681577, 1.0],
                        [-48.7208938, -27.0682788, 1.0],
                        [-48.7213551, -27.0685047, 1.0],
                        [-48.7225889, -27.0692523, 1.0],
                        [-48.7229287, -27.0696155, 1.0]
                    ],
                    [
                        [-48.7004555, -27.061295, 1.0],
                        [-48.7004587, -27.0615009, 1.0],
                        [-48.7004273, -27.0618611, 1.0],
                        [-48.7003753, -27.0623106, 1.0],
                        [-48.7003977, -27.0625444, 1.0],
                        [-48.7004497, -27.0626456, 1.0],
                        [-48.7005345, -27.0627265, 1.0],
                        [-48.7009415, -27.0628938, 1.0],
                        [-48.7011192, -27.0629947, 1.0],
                        [-48.7012111, -27.0630908, 1.0],
                        [-48.7014954, -27.063627, 1.0],
                        [-48.7016094, -27.0639232, 1.0],
                        [-48.7017019, -27.0640319, 1.0],
                        [-48.7022075, -27.0644594, 1.0],
                        [-48.7030517, -27.0650391, 1.0],
                        [-48.7039724, -27.0660119, 1.0],
                        [-48.7042004, -27.0661505, 1.0],
                        [-48.7043935, -27.0662412, 1.0],
                        [-48.70471, -27.066246, 1.0],
                        [-48.7049786, -27.0663203, 1.0],
                        [-48.7051771, -27.0665161, 1.0],
                        [-48.7053316, -27.0668734, 1.0],
                        [-48.7055794, -27.0672327, 1.0],
                        [-48.705868, -27.0675231, 1.0],
                        [-48.706222, -27.0677142, 1.0],
                        [-48.7066094, -27.0678202, 1.0],
                        [-48.7071244, -27.0681451, 1.0],
                        [-48.7076715, -27.0684317, 1.0],
                        [-48.7084226, -27.0686323, 1.0],
                        [-48.7087981, -27.0687565, 1.0],
                        [-48.7092837, -27.0690249, 1.0],
                        [-48.7094355, -27.0691526, 1.0],
                        [-48.7095028, -27.0693549, 1.0],
                        [-48.7095598, -27.0696354, 1.0],
                        [-48.7096257, -27.0698828, 1.0],
                        [-48.7097519, -27.0701097, 1.0],
                        [-48.7099353, -27.0704475, 1.0],
                        [-48.7101059, -27.0707665, 1.0],
                        [-48.7105492, -27.0710754, 1.0],
                        [-48.7110404, -27.0713264, 1.0],
                        [-48.7112807, -27.0715834, 1.0],
                        [-48.7114631, -27.0718127, 1.0],
                        [-48.7116841, -27.0720142, 1.0],
                        [-48.7117592, -27.0721193, 1.0],
                        [-48.7118004, -27.0726899, 1.0],
                        [-48.7118762, -27.0729789, 1.0],
                        [-48.7119956, -27.0731144, 1.0],
                        [-48.7122685, -27.0733144, 1.0],
                        [-48.7126302, -27.0733986, 1.0],
                        [-48.7127593, -27.0734732, 1.0],
                        [-48.7129256, -27.073681, 1.0],
                        [-48.7132099, -27.0739724, 1.0],
                        [-48.7134218, -27.0741025, 1.0],
                        [-48.7140602, -27.0742255, 1.0],
                        [-48.7142234, -27.0742866, 1.0],
                        [-48.7145993, -27.0744118, 1.0],
                        [-48.7150553, -27.074505, 1.0],
                        [-48.7166458, -27.075188, 1.0],
                        [-48.7169214, -27.0752053, 1.0],
                        [-48.7173854, -27.0751372, 1.0],
                        [-48.7178317, -27.0749375, 1.0],
                        [-48.7192527, -27.0751622, 1.0],
                        [-48.7193276, -27.075175, 1.0],
                        [-48.719618, -27.0752247, 1.0],
                        [-48.7200066, -27.0753252, 1.0],
                        [-48.7204448, -27.0754636, 1.0],
                        [-48.7207855, -27.0755244, 1.0]
                    ],
                    [
                        [-48.7130768, -27.061711, 1.0],
                        [-48.7131364, -27.0610934, 1.0],
                        [-48.7132034, -27.0607447, 1.0],
                        [-48.7132356, -27.0606778, 1.0],
                        [-48.7132999, -27.0606252, 1.0],
                        [-48.7133858, -27.060587, 1.0],
                        [-48.714287, -27.0602669, 1.0],
                        [-48.7143996, -27.0602096, 1.0],
                        [-48.7144962, -27.0601141, 1.0],
                        [-48.7145337, -27.0600138, 1.0],
                        [-48.7145445, -27.059923, 1.0],
                        [-48.7145284, -27.0596268, 1.0],
                        [-48.7145445, -27.0595265, 1.0],
                        [-48.7145928, -27.0594166, 1.0],
                        [-48.7147751, -27.0590296, 1.0],
                        [-48.7148717, -27.0589054, 1.0],
                        [-48.7149844, -27.0587765, 1.0],
                        [-48.7151238, -27.0586522, 1.0],
                        [-48.7152794, -27.0585328, 1.0],
                        [-48.7153706, -27.0584755, 1.0],
                        [-48.7154832, -27.0583991, 1.0],
                        [-48.7155584, -27.0583226, 1.0],
                        [-48.7156656, -27.0581793, 1.0]
                    ],
                    [
                        [-48.7130768, -27.061711, 1.0],
                        [-48.7124961, -27.0615382, 1.0],
                        [-48.7114738, -27.0613035, 1.0],
                        [-48.7109913, -27.061199, 1.0],
                        [-48.7106351, -27.0610438, 1.0],
                        [-48.7104305, -27.0609165, 1.0],
                        [-48.7102924, -27.0607398, 1.0],
                        [-48.7101053, -27.0603003, 1.0],
                        [-48.7100278, -27.0600973, 1.0],
                        [-48.7099247, -27.0599767, 1.0],
                        [-48.7098055, -27.0598345, 1.0],
                        [-48.7095434, -27.0594888, 1.0],
                        [-48.7092858, -27.0592063, 1.0],
                        [-48.7091269, -27.0591112, 1.0],
                        [-48.7089582, -27.0591007, 1.0],
                        [-48.7087464, -27.059157, 1.0],
                        [-48.7085261, -27.0592804, 1.0],
                        [-48.7083582, -27.0593748, 1.0],
                        [-48.7081634, -27.0594644, 1.0],
                        [-48.7079207, -27.0595184, 1.0],
                        [-48.707351, -27.0595402, 1.0],
                        [-48.7066591, -27.0594894, 1.0],
                        [-48.7064237, -27.0594492, 1.0],
                        [-48.7061533, -27.0593564, 1.0],
                        [-48.7059833, -27.059235, 1.0],
                        [-48.7058306, -27.0590705, 1.0],
                        [-48.7057342, -27.0588559, 1.0],
                        [-48.705545, -27.0583484, 1.0],
                        [-48.7054631, -27.0582756, 1.0],
                        [-48.7053101, -27.0581887, 1.0],
                        [-48.7050798, -27.0581669, 1.0],
                        [-48.7048576, -27.0582095, 1.0],
                        [-48.704656, -27.058261, 1.0],
                        [-48.7044737, -27.0583576, 1.0],
                        [-48.7042969, -27.058502, 1.0],
                        [-48.7038614, -27.058913, 1.0],
                        [-48.7037141, -27.0591056, 1.0],
                        [-48.7035957, -27.0593648, 1.0],
                        [-48.7034555, -27.0596819, 1.0],
                        [-48.703251, -27.0600755, 1.0],
                        [-48.7031917, -27.0604319, 1.0],
                        [-48.7031601, -27.0608458, 1.0],
                        [-48.7030973, -27.0609498, 1.0],
                        [-48.7030061, -27.0610756, 1.0],
                        [-48.7028739, -27.0611696, 1.0]
                    ],
                    [
                        [-48.7027869, -27.0602317, 1.0],
                        [-48.7028739, -27.0611696, 1.0]
                    ],
                    [
                        [-48.7028739, -27.0611696, 1.0],
                        [-48.7027401, -27.0612091, 1.0],
                        [-48.7015618, -27.0613339, 1.0],
                        [-48.7013272, -27.0613587, 1.0],
                        [-48.7011201, -27.0613603, 1.0],
                        [-48.7007753, -27.0613327, 1.0]
                    ],
                    [
                        [-48.7016845, -27.0603702, 1.0],
                        [-48.7007647, -27.0604658, 1.0]
                    ],
                    [
                        [-48.7015075, -27.0599116, 1.0],
                        [-48.7007675, -27.0599123, 1.0]
                    ],
                    [
                        [-48.7007753, -27.0613327, 1.0],
                        [-48.7005862, -27.061316, 1.0],
                        [-48.7004555, -27.061295, 1.0]
                    ],
                    [
                        [-48.7007753, -27.0613327, 1.0],
                        [-48.7007647, -27.0604658, 1.0]
                    ],
                    [
                        [-48.7007675, -27.0599123, 1.0],
                        [-48.7007428, -27.0597508, 1.0],
                        [-48.7007008, -27.0596843, 1.0],
                        [-48.700612, -27.0596094, 1.0]
                    ],
                    [
                        [-48.7007647, -27.0604658, 1.0],
                        [-48.7007675, -27.0599123, 1.0]
                    ],
                    [
                        [-48.7004555, -27.061295, 1.0],
                        [-48.7002771, -27.0612597, 1.0],
                        [-48.6996596, -27.0610624, 1.0],
                        [-48.6995325, -27.0610014, 1.0],
                        [-48.6992968, -27.0608557, 1.0],
                        [-48.6985487, -27.0603509, 1.0],
                        [-48.6983338, -27.0602023, 1.0],
                        [-48.6980264, -27.0599176, 1.0],
                        [-48.6978756, -27.0598055, 1.0],
                        [-48.6977399, -27.0597065, 1.0],
                        [-48.6976203, -27.0595991, 1.0],
                        [-48.6972997, -27.0591775, 1.0],
                        [-48.6970267, -27.0588386, 1.0],
                        [-48.6969332, -27.0586853, 1.0],
                        [-48.6968517, -27.058532, 1.0],
                        [-48.6965018, -27.0578668, 1.0],
                        [-48.6964206, -27.0577193, 1.0],
                        [-48.6963033, -27.05756, 1.0],
                        [-48.6962277, -27.0574307, 1.0],
                        [-48.6961829, -27.0573005, 1.0],
                        [-48.6961207, -27.0571105, 1.0],
                        [-48.6960269, -27.0565278, 1.0],
                        [-48.6959748, -27.056369, 1.0],
                        [-48.6959286, -27.0562393, 1.0],
                        [-48.6958593, -27.0561048, 1.0],
                        [-48.6957519, -27.0559655, 1.0],
                        [-48.695609, -27.0558451, 1.0],
                        [-48.6954914, -27.0557829, 1.0],
                        [-48.6953247, -27.0557087, 1.0],
                        [-48.6949572, -27.0556, 1.0],
                        [-48.693474, -27.0552139, 1.0],
                        [-48.6930958, -27.0551613, 1.0],
                        [-48.6929161, -27.055142, 1.0],
                        [-48.6927703, -27.0551303, 1.0],
                        [-48.6925494, -27.0551311, 1.0],
                        [-48.6923607, -27.0551616, 1.0],
                        [-48.6922453, -27.0551961, 1.0],
                        [-48.6921141, -27.055254, 1.0],
                        [-48.6918197, -27.0555068, 1.0],
                        [-48.6917265, -27.0555746, 1.0],
                        [-48.6916307, -27.0556352, 1.0],
                        [-48.6915077, -27.0556873, 1.0],
                        [-48.6913679, -27.0556979, 1.0],
                        [-48.6912344, -27.0556745, 1.0],
                        [-48.690932, -27.0555831, 1.0],
                        [-48.6906963, -27.0555514, 1.0],
                        [-48.6903909, -27.0555472, 1.0],
                        [-48.6902136, -27.0555657, 1.0],
                        [-48.690043, -27.0556093, 1.0],
                        [-48.6899203, -27.0556602, 1.0],
                        [-48.6898162, -27.0557166, 1.0],
                        [-48.6897147, -27.0557916, 1.0],
                        [-48.6896308, -27.055909, 1.0],
                        [-48.6895685, -27.0560744, 1.0],
                        [-48.6895152, -27.0563093, 1.0],
                        [-48.6894579, -27.0564672, 1.0],
                        [-48.6893715, -27.0566105, 1.0],
                        [-48.6892653, -27.0567405, 1.0],
                        [-48.6890729, -27.0569017, 1.0],
                        [-48.6888658, -27.0570104, 1.0],
                        [-48.6884259, -27.0570916, 1.0],
                        [-48.6881389, -27.0570946, 1.0],
                        [-48.6875106, -27.0570998, 1.0],
                        [-48.6872369, -27.0570826, 1.0],
                        [-48.6869365, -27.057049, 1.0],
                        [-48.6863021, -27.0569489, 1.0],
                        [-48.6859316, -27.0568845, 1.0],
                        [-48.6855682, -27.056791, 1.0],
                        [-48.6850719, -27.0566539, 1.0],
                        [-48.6845744, -27.0565054, 1.0],
                        [-48.6839354, -27.0562827, 1.0],
                        [-48.683652, -27.0561505, 1.0],
                        [-48.6835213, -27.0560661, 1.0],
                        [-48.6832464, -27.0558543, 1.0]
                    ],
                    [
                        [-48.6832464, -27.0558543, 1.0],
                        [-48.6845195, -27.0511826, 1.0]
                    ],
                    [
                        [-48.6832464, -27.0558543, 1.0],
                        [-48.6827497, -27.0554432, 1.0],
                        [-48.6825553, -27.0553122, 1.0],
                        [-48.6823527, -27.0552278, 1.0],
                        [-48.6820858, -27.0551991, 1.0],
                        [-48.6818787, -27.0552643, 1.0],
                        [-48.6815526, -27.0554637, 1.0],
                        [-48.6813108, -27.0555735, 1.0],
                        [-48.6810015, -27.0556279, 1.0],
                        [-48.6805289, -27.0556555, 1.0],
                        [-48.6800069, -27.0556046, 1.0],
                        [-48.6795982, -27.0555285, 1.0],
                        [-48.6793641, -27.0554738, 1.0],
                        [-48.6792298, -27.0554109, 1.0],
                        [-48.6786166, -27.0547868, 1.0],
                        [-48.6782377, -27.0543909, 1.0],
                        [-48.6778978, -27.0539721, 1.0],
                        [-48.677797, -27.0539145, 1.0],
                        [-48.6776627, -27.0538809, 1.0],
                        [-48.6772968, -27.0538053, 1.0],
                        [-48.6770773, -27.0537526, 1.0],
                        [-48.6764171, -27.0534889, 1.0],
                        [-48.6758, -27.0533039, 1.0]
                    ],
                    [
                        [-48.6758, -27.0533039, 1.0],
                        [-48.6758711, -27.0532744, 1.0],
                        [-48.6759194, -27.0532458, 1.0],
                        [-48.6759945, -27.0531884, 1.0],
                        [-48.6760482, -27.0531311, 1.0],
                        [-48.6760857, -27.0530833, 1.0],
                        [-48.6761179, -27.0530356, 1.0],
                        [-48.6761447, -27.0529878, 1.0],
                        [-48.6761608, -27.0529352, 1.0],
                        [-48.6761823, -27.0527919, 1.0],
                        [-48.676193, -27.0526916, 1.0],
                        [-48.6762037, -27.0526342, 1.0],
                        [-48.6762145, -27.0525865, 1.0],
                        [-48.6762359, -27.0525435, 1.0],
                        [-48.6762681, -27.0524957, 1.0],
                        [-48.6763164, -27.0524527, 1.0],
                        [-48.6763647, -27.0524193, 1.0],
                        [-48.6766973, -27.0522329, 1.0],
                        [-48.6767992, -27.0521756, 1.0],
                        [-48.6768743, -27.0521231, 1.0],
                        [-48.6769333, -27.0520753, 1.0],
                        [-48.6769708, -27.0520323, 1.0],
                        [-48.6770191, -27.0519749, 1.0],
                        [-48.6771211, -27.0518412, 1.0],
                        [-48.6771586, -27.0517886, 1.0],
                        [-48.6772069, -27.0517408, 1.0],
                        [-48.6772605, -27.0516979, 1.0],
                        [-48.6772981, -27.0516692, 1.0],
                        [-48.6773678, -27.0516357, 1.0],
                        [-48.6774536, -27.0516071, 1.0],
                        [-48.6772981, -27.050599, 1.0],
                        [-48.6773839, -27.0505847, 1.0],
                        [-48.6775287, -27.051588, 1.0],
                        [-48.6775878, -27.0515784, 1.0],
                        [-48.6779633, -27.0515354, 1.0],
                        [-48.6780276, -27.0515306, 1.0],
                        [-48.678092, -27.0515306, 1.0],
                        [-48.6783924, -27.0515306, 1.0],
                        [-48.6784675, -27.0515306, 1.0],
                        [-48.6785158, -27.0515259, 1.0],
                        [-48.6785641, -27.051502, 1.0],
                        [-48.6786016, -27.0514685, 1.0],
                        [-48.6786231, -27.0514351, 1.0],
                        [-48.6786392, -27.0513969, 1.0],
                        [-48.6786553, -27.0513539, 1.0],
                        [-48.6786767, -27.0513061, 1.0],
                        [-48.6787089, -27.0511771, 1.0],
                        [-48.6787304, -27.0511054, 1.0],
                        [-48.6787679, -27.0510194, 1.0],
                        [-48.6788001, -27.0509621, 1.0],
                        [-48.6788377, -27.0509096, 1.0],
                        [-48.6788859, -27.050857, 1.0],
                        [-48.6790147, -27.0507423, 1.0],
                        [-48.6790737, -27.0506993, 1.0],
                        [-48.6791381, -27.0506563, 1.0],
                        [-48.67924, -27.0505942, 1.0],
                        [-48.6794868, -27.0504557, 1.0],
                        [-48.6795619, -27.0504175, 1.0],
                        [-48.6796531, -27.0503554, 1.0],
                        [-48.6797335, -27.050298, 1.0],
                        [-48.6798033, -27.0502311, 1.0],
                        [-48.6798408, -27.0501786, 1.0],
                        [-48.679873, -27.050126, 1.0],
                        [-48.6798945, -27.0500687, 1.0],
                        [-48.6799105, -27.049997, 1.0],
                        [-48.6799266, -27.0499301, 1.0],
                        [-48.6799374, -27.0498442, 1.0],
                        [-48.6799427, -27.0497247, 1.0]
                    ],
                    [
                        [-48.6754496, -27.0532159, 1.0],
                        [-48.6758, -27.0533039, 1.0]
                    ],
                    [
                        [-48.6751913, -27.0530668, 1.0],
                        [-48.675317, -27.0531435, 1.0],
                        [-48.6753942, -27.0531906, 1.0]
                    ]
                ]
            }
        },
        {
            "type": "Feature",
            "properties": {
                "SETOR": "T03",
                "FREQUENCIA": "TER - QUI - SAB",
                "TURNO": "TARDE",
                "HORARIO": "14:20 ÀS 22:35",
                "OPERACAO": "DOMICILIAR",
                "FILIAL": "CAMBORIÚ"
            },
            "geometry": {
                "type": "MultiLineString",
                "coordinates": [
                    [
                        [-48.6446399, -27.0249274, 1.0],
                        [-48.6444816, -27.0249525, 1.0],
                        [-48.6442717, -27.0249753, 1.0],
                        [-48.6440665, -27.0249897, 1.0],
                        [-48.6438631, -27.0249992, 1.0],
                        [-48.643666, -27.0250054, 1.0],
                        [-48.6435362, -27.0250036, 1.0]
                    ],
                    [
                        [-48.6435362, -27.0250036, 1.0],
                        [-48.6434118, -27.0249956, 1.0],
                        [-48.643323, -27.0249852, 1.0],
                        [-48.6432112, -27.0249645, 1.0]
                    ],
                    [
                        [-48.6435362, -27.0250036, 1.0],
                        [-48.643461, -27.0254139, 1.0]
                    ],
                    [
                        [-48.6432112, -27.0249645, 1.0],
                        [-48.6430453, -27.0249089, 1.0]
                    ],
                    [
                        [-48.6432112, -27.0249645, 1.0],
                        [-48.64319, -27.0250363, 1.0],
                        [-48.643182, -27.0250912, 1.0],
                        [-48.6431766, -27.0252441, 1.0],
                        [-48.6431712, -27.0253589, 1.0],
                        [-48.6431605, -27.0256002, 1.0]
                    ],
                    [
                        [-48.6430453, -27.0249089, 1.0],
                        [-48.6429092, -27.0248509, 1.0],
                        [-48.6427827, -27.0247969, 1.0]
                    ],
                    [
                        [-48.6430453, -27.0249089, 1.0],
                        [-48.6430077, -27.0249789, 1.0],
                        [-48.6429674, -27.0250841, 1.0],
                        [-48.6429486, -27.0251414, 1.0],
                        [-48.6429352, -27.0252011, 1.0],
                        [-48.6429245, -27.0252919, 1.0],
                        [-48.6429245, -27.0253564, 1.0]
                    ],
                    [
                        [-48.6427827, -27.0247969, 1.0],
                        [-48.6419808, -27.0244461, 1.0],
                        [-48.6418134, -27.024379, 1.0],
                        [-48.6416544, -27.0243198, 1.0]
                    ],
                    [
                        [-48.6427827, -27.0247969, 1.0],
                        [-48.6424565, -27.0251844, 1.0]
                    ],
                    [
                        [-48.6415635, -27.0242136, 1.0],
                        [-48.6415917, -27.0242176, 1.0],
                        [-48.6416174, -27.0242292, 1.0],
                        [-48.6416379, -27.024247, 1.0],
                        [-48.6416517, -27.0242694, 1.0],
                        [-48.6416574, -27.0242945, 1.0],
                        [-48.6416544, -27.0243198, 1.0]
                    ],
                    [
                        [-48.6416544, -27.0243198, 1.0],
                        [-48.6416412, -27.0243459, 1.0],
                        [-48.6416191, -27.0243666, 1.0],
                        [-48.6415906, -27.0243796, 1.0],
                        [-48.6415588, -27.0243833, 1.0],
                        [-48.6415274, -27.0243775, 1.0]
                    ],
                    [
                        [-48.6389302, -27.0182904, 1.0],
                        [-48.6390745, -27.0182782, 1.0],
                        [-48.63937, -27.0182533, 1.0],
                        [-48.6396142, -27.0182349, 1.0],
                        [-48.6397949, -27.0182271, 1.0],
                        [-48.6399362, -27.0182406, 1.0],
                        [-48.6406907, -27.0183475, 1.0],
                        [-48.6410506, -27.0183985, 1.0],
                        [-48.6412313, -27.0184659, 1.0],
                        [-48.6413565, -27.0185698, 1.0],
                        [-48.6414469, -27.0187229, 1.0],
                        [-48.6414952, -27.0191574, 1.0],
                        [-48.6416021, -27.0201727, 1.0],
                        [-48.6416907, -27.0210536, 1.0],
                        [-48.641734, -27.0214902, 1.0],
                        [-48.6417545, -27.0218758, 1.0],
                        [-48.641736, -27.0222888, 1.0],
                        [-48.6415635, -27.0242136, 1.0]
                    ],
                    [
                        [-48.6415274, -27.0243775, 1.0],
                        [-48.6414992, -27.0243622, 1.0],
                        [-48.6414785, -27.0243393, 1.0],
                        [-48.6414679, -27.0243115, 1.0],
                        [-48.6414686, -27.0242821, 1.0],
                        [-48.6414804, -27.0242546, 1.0],
                        [-48.641502, -27.0242325, 1.0],
                        [-48.6415309, -27.0242181, 1.0],
                        [-48.6415635, -27.0242136, 1.0]
                    ],
                    [
                        [-48.6415274, -27.0243775, 1.0],
                        [-48.6414838, -27.0244733, 1.0],
                        [-48.6414006, -27.0246295, 1.0]
                    ],
                    [
                        [-48.6414006, -27.0246295, 1.0],
                        [-48.6413891, -27.0246692, 1.0],
                        [-48.6413847, -27.0248159, 1.0],
                        [-48.6414207, -27.0249923, 1.0]
                    ],
                    [
                        [-48.6414207, -27.0249923, 1.0],
                        [-48.6414313, -27.0251209, 1.0],
                        [-48.6414163, -27.0252011, 1.0],
                        [-48.6413734, -27.0252901, 1.0],
                        [-48.6412931, -27.0253978, 1.0],
                        [-48.6411876, -27.025477, 1.0],
                        [-48.6409259, -27.0256534, 1.0],
                        [-48.6407894, -27.0257349, 1.0]
                    ],
                    [
                        [-48.6414207, -27.0249923, 1.0],
                        [-48.6406891, -27.0250363, 1.0]
                    ],
                    [
                        [-48.6414006, -27.0246295, 1.0],
                        [-48.6392891, -27.0247337, 1.0]
                    ],
                    [
                        [-48.6406891, -27.0250363, 1.0],
                        [-48.6407894, -27.0257349, 1.0]
                    ],
                    [
                        [-48.6407894, -27.0257349, 1.0],
                        [-48.6406741, -27.0257884, 1.0],
                        [-48.6405047, -27.0258443, 1.0],
                        [-48.6402411, -27.0259019, 1.0],
                        [-48.6401125, -27.0259262, 1.0]
                    ],
                    [
                        [-48.6406891, -27.0250363, 1.0],
                        [-48.6387259, -27.0251542, 1.0]
                    ],
                    [
                        [-48.6401125, -27.0259262, 1.0],
                        [-48.6401631, -27.0263337, 1.0],
                        [-48.640223, -27.0266341, 1.0]
                    ],
                    [
                        [-48.6401125, -27.0259262, 1.0],
                        [-48.6399704, -27.0259385, 1.0],
                        [-48.6398011, -27.0259455, 1.0],
                        [-48.6396956, -27.0259344, 1.0],
                        [-48.6396163, -27.0259186, 1.0],
                        [-48.6395075, -27.0258934, 1.0]
                    ],
                    [
                        [-48.6395075, -27.0258934, 1.0],
                        [-48.6395386, -27.0264271, 1.0]
                    ],
                    [
                        [-48.6395075, -27.0258934, 1.0],
                        [-48.6394722, -27.0258852, 1.0],
                        [-48.6391657, -27.0257757, 1.0],
                        [-48.6390827, -27.0257626, 1.0],
                        [-48.6389884, -27.0257567, 1.0]
                    ],
                    [
                        [-48.6389302, -27.0182904, 1.0],
                        [-48.6389387, -27.0183852, 1.0],
                        [-48.6390861, -27.0200156, 1.0]
                    ],
                    [
                        [-48.6389884, -27.0257567, 1.0],
                        [-48.639034, -27.0261879, 1.0]
                    ],
                    [
                        [-48.6389884, -27.0257567, 1.0],
                        [-48.6388627, -27.0257504, 1.0],
                        [-48.6387377, -27.0257498, 1.0],
                        [-48.6385858, -27.0257564, 1.0],
                        [-48.6384466, -27.0257574, 1.0]
                    ],
                    [
                        [-48.6389302, -27.0182904, 1.0],
                        [-48.6386149, -27.0183102, 1.0],
                        [-48.6381127, -27.018346, 1.0]
                    ],
                    [
                        [-48.6384466, -27.0257574, 1.0],
                        [-48.6383187, -27.025756, 1.0],
                        [-48.638162, -27.0257427, 1.0]
                    ],
                    [
                        [-48.6384466, -27.0257574, 1.0],
                        [-48.6384036, -27.0253326, 1.0],
                        [-48.6383688, -27.0250578, 1.0]
                    ],
                    [
                        [-48.6381127, -27.018346, 1.0],
                        [-48.638282, -27.0201557, 1.0]
                    ],
                    [
                        [-48.638162, -27.0257427, 1.0],
                        [-48.6381226, -27.0257198, 1.0],
                        [-48.6381014, -27.0256832, 1.0],
                        [-48.6380817, -27.0256339, 1.0]
                    ],
                    [
                        [-48.638162, -27.0257427, 1.0],
                        [-48.6380885, -27.0257563, 1.0],
                        [-48.6380456, -27.0257754, 1.0],
                        [-48.6380027, -27.0258041, 1.0],
                        [-48.6379651, -27.0258328, 1.0],
                        [-48.6379329, -27.0258662, 1.0],
                        [-48.6379008, -27.025914, 1.0],
                        [-48.637772, -27.0261099, 1.0],
                        [-48.6375896, -27.0264301, 1.0],
                        [-48.6375521, -27.026497, 1.0],
                        [-48.6375199, -27.0265304, 1.0],
                        [-48.6374823, -27.0265496, 1.0],
                        [-48.6374394, -27.0265639, 1.0],
                        [-48.6373926, -27.0265787, 1.0],
                        [-48.6373195, -27.0265936, 1.0],
                        [-48.6372196, -27.0265954, 1.0],
                        [-48.637068, -27.0265829, 1.0],
                        [-48.6369668, -27.0265631, 1.0],
                        [-48.6368575, -27.0265386, 1.0],
                        [-48.6367241, -27.0265124, 1.0],
                        [-48.6366215, -27.026501, 1.0],
                        [-48.6365511, -27.0264933, 1.0],
                        [-48.63648, -27.0264885, 1.0],
                        [-48.6364102, -27.0264962, 1.0],
                        [-48.6363512, -27.02651, 1.0],
                        [-48.6362996, -27.0265213, 1.0],
                        [-48.636189, -27.0265548, 1.0]
                    ],
                    [
                        [-48.6381127, -27.018346, 1.0],
                        [-48.6380246, -27.0183523, 1.0],
                        [-48.6378762, -27.0183629, 1.0]
                    ],
                    [
                        [-48.6380817, -27.0256339, 1.0],
                        [-48.6379978, -27.0255041, 1.0],
                        [-48.6376949, -27.0249237, 1.0],
                        [-48.6376483, -27.0247472, 1.0],
                        [-48.6376146, -27.0244347, 1.0]
                    ],
                    [
                        [-48.6380817, -27.0256339, 1.0],
                        [-48.6380818, -27.0253875, 1.0],
                        [-48.6380711, -27.0251772, 1.0],
                        [-48.6380415, -27.0248953, 1.0],
                        [-48.6380094, -27.0246874, 1.0],
                        [-48.6379021, -27.0238297, 1.0]
                    ],
                    [
                        [-48.6378762, -27.0183629, 1.0],
                        [-48.6373892, -27.0146738, 1.0]
                    ],
                    [
                        [-48.6378762, -27.0183629, 1.0],
                        [-48.6375922, -27.0183831, 1.0]
                    ],
                    [
                        [-48.6375922, -27.0183831, 1.0],
                        [-48.6376038, -27.0184607, 1.0],
                        [-48.6376092, -27.0185205, 1.0],
                        [-48.6376172, -27.0185766, 1.0],
                        [-48.6376199, -27.018628, 1.0],
                        [-48.637632, -27.0187021, 1.0],
                        [-48.6376461, -27.0188088, 1.0]
                    ],
                    [
                        [-48.6376146, -27.0244347, 1.0],
                        [-48.6371952, -27.0240101, 1.0]
                    ],
                    [
                        [-48.6376146, -27.0244347, 1.0],
                        [-48.637557, -27.0238093, 1.0],
                        [-48.6375621, -27.0237008, 1.0],
                        [-48.6376696, -27.0231502, 1.0],
                        [-48.6376882, -27.0229012, 1.0],
                        [-48.6376924, -27.0227674, 1.0],
                        [-48.6376852, -27.0225955, 1.0],
                        [-48.6375813, -27.021534, 1.0],
                        [-48.6374347, -27.0201532, 1.0],
                        [-48.6372666, -27.0184063, 1.0]
                    ],
                    [
                        [-48.6375922, -27.0183831, 1.0],
                        [-48.6373548, -27.0184, 1.0],
                        [-48.6372666, -27.0184063, 1.0]
                    ],
                    [
                        [-48.6372666, -27.0184063, 1.0],
                        [-48.6370657, -27.0184172, 1.0]
                    ],
                    [
                        [-48.6371952, -27.0240101, 1.0],
                        [-48.6371028, -27.0238535, 1.0]
                    ],
                    [
                        [-48.6371952, -27.0240101, 1.0],
                        [-48.6367527, -27.0241236, 1.0]
                    ],
                    [
                        [-48.6367217, -27.0184344, 1.0],
                        [-48.6369194, -27.0205563, 1.0],
                        [-48.6370826, -27.0222244, 1.0]
                    ],
                    [
                        [-48.6370657, -27.0184172, 1.0],
                        [-48.6367737, -27.0160764, 1.0]
                    ],
                    [
                        [-48.6370657, -27.0184172, 1.0],
                        [-48.6369444, -27.0184233, 1.0],
                        [-48.6367217, -27.0184344, 1.0]
                    ],
                    [
                        [-48.6367805, -27.0226886, 1.0],
                        [-48.6367444, -27.0223482, 1.0]
                    ],
                    [
                        [-48.635838, -27.0227798, 1.0],
                        [-48.6359142, -27.0235058, 1.0],
                        [-48.6368085, -27.0235739, 1.0],
                        [-48.6368502, -27.0235647, 1.0],
                        [-48.6368688, -27.0235372, 1.0],
                        [-48.6367805, -27.0226886, 1.0]
                    ],
                    [
                        [-48.6367805, -27.0226886, 1.0],
                        [-48.6363965, -27.0227258, 1.0]
                    ],
                    [
                        [-48.6367217, -27.0184344, 1.0],
                        [-48.6364297, -27.0184456, 1.0]
                    ],
                    [
                        [-48.6364062, -27.0281939, 1.0],
                        [-48.6365526, -27.0292984, 1.0]
                    ],
                    [
                        [-48.6362731, -27.018437, 1.0],
                        [-48.6363747, -27.0191983, 1.0],
                        [-48.6364981, -27.0203834, 1.0]
                    ],
                    [
                        [-48.6362053, -27.0208129, 1.0],
                        [-48.6364767, -27.0207944, 1.0]
                    ],
                    [
                        [-48.6364297, -27.0184456, 1.0],
                        [-48.6362731, -27.018437, 1.0]
                    ],
                    [
                        [-48.6364297, -27.0184456, 1.0],
                        [-48.6362784, -27.0171198, 1.0]
                    ],
                    [
                        [-48.636189, -27.0265548, 1.0],
                        [-48.6364062, -27.0281939, 1.0]
                    ],
                    [
                        [-48.6364062, -27.0281939, 1.0],
                        [-48.6358385, -27.0282591, 1.0]
                    ],
                    [
                        [-48.6363965, -27.0227258, 1.0],
                        [-48.6362053, -27.0208129, 1.0]
                    ],
                    [
                        [-48.6363965, -27.0227258, 1.0],
                        [-48.635838, -27.0227798, 1.0]
                    ],
                    [
                        [-48.6362731, -27.018437, 1.0],
                        [-48.6361627, -27.0184198, 1.0],
                        [-48.6359611, -27.0183707, 1.0]
                    ],
                    [
                        [-48.6362053, -27.0208129, 1.0],
                        [-48.6359611, -27.0183707, 1.0]
                    ],
                    [
                        [-48.6356427, -27.0208524, 1.0],
                        [-48.6362053, -27.0208129, 1.0]
                    ],
                    [
                        [-48.636189, -27.0265548, 1.0],
                        [-48.6356151, -27.0267099, 1.0]
                    ],
                    [
                        [-48.6358385, -27.0282591, 1.0],
                        [-48.6359968, -27.0293569, 1.0]
                    ],
                    [
                        [-48.6359611, -27.0183707, 1.0],
                        [-48.6355552, -27.0182359, 1.0],
                        [-48.6354512, -27.0182013, 1.0]
                    ],
                    [
                        [-48.6356151, -27.0267099, 1.0],
                        [-48.6358385, -27.0282591, 1.0]
                    ],
                    [
                        [-48.6358385, -27.0282591, 1.0],
                        [-48.6352479, -27.0283271, 1.0]
                    ],
                    [
                        [-48.6356782, -27.0212364, 1.0],
                        [-48.635838, -27.0227798, 1.0]
                    ],
                    [
                        [-48.635838, -27.0227798, 1.0],
                        [-48.6355647, -27.0228063, 1.0]
                    ],
                    [
                        [-48.6356427, -27.0208524, 1.0],
                        [-48.6356782, -27.0212364, 1.0]
                    ],
                    [
                        [-48.6356782, -27.0212364, 1.0],
                        [-48.6351606, -27.0212761, 1.0],
                        [-48.6350003, -27.0197099, 1.0]
                    ],
                    [
                        [-48.635552, -27.0196826, 1.0],
                        [-48.6355542, -27.0198978, 1.0],
                        [-48.6356427, -27.0208524, 1.0]
                    ],
                    [
                        [-48.6356151, -27.0267099, 1.0],
                        [-48.6354989, -27.0267454, 1.0],
                        [-48.6354103, -27.0267682, 1.0],
                        [-48.6353446, -27.0267837, 1.0],
                        [-48.6352534, -27.0267956, 1.0],
                        [-48.6351607, -27.0268064, 1.0],
                        [-48.6350291, -27.0268154, 1.0]
                    ],
                    [
                        [-48.6354512, -27.0182013, 1.0],
                        [-48.635552, -27.0196826, 1.0]
                    ],
                    [
                        [-48.635552, -27.0196826, 1.0],
                        [-48.6350003, -27.0197099, 1.0]
                    ],
                    [
                        [-48.6354512, -27.0182013, 1.0],
                        [-48.6352172, -27.0181374, 1.0],
                        [-48.6348883, -27.018058, 1.0],
                        [-48.6343129, -27.0179518, 1.0]
                    ],
                    [
                        [-48.6352479, -27.0283271, 1.0],
                        [-48.6354101, -27.0294481, 1.0]
                    ],
                    [
                        [-48.6350291, -27.0268154, 1.0],
                        [-48.6352479, -27.0283271, 1.0]
                    ],
                    [
                        [-48.6352479, -27.0283271, 1.0],
                        [-48.6346675, -27.028394, 1.0]
                    ],
                    [
                        [-48.6350291, -27.0268154, 1.0],
                        [-48.6344154, -27.0267014, 1.0]
                    ],
                    [
                        [-48.6350003, -27.0197099, 1.0],
                        [-48.6344852, -27.0197533, 1.0]
                    ],
                    [
                        [-48.6349599, -27.0217048, 1.0],
                        [-48.6346062, -27.021724, 1.0]
                    ],
                    [
                        [-48.6346675, -27.028394, 1.0],
                        [-48.6348341, -27.0295122, 1.0]
                    ],
                    [
                        [-48.6344154, -27.0267014, 1.0],
                        [-48.6346675, -27.028394, 1.0]
                    ],
                    [
                        [-48.6346675, -27.028394, 1.0],
                        [-48.6340887, -27.0284603, 1.0]
                    ],
                    [
                        [-48.6344852, -27.0197533, 1.0],
                        [-48.6344849, -27.0200913, 1.0],
                        [-48.6344703, -27.0204406, 1.0],
                        [-48.6346062, -27.021724, 1.0]
                    ],
                    [
                        [-48.6346062, -27.021724, 1.0],
                        [-48.634086, -27.0217563, 1.0],
                        [-48.6340223, -27.0217325, 1.0],
                        [-48.6339834, -27.0216846, 1.0],
                        [-48.6338538, -27.0204125, 1.0]
                    ],
                    [
                        [-48.6343129, -27.0179518, 1.0],
                        [-48.6343847, -27.0186816, 1.0],
                        [-48.6344323, -27.0191751, 1.0],
                        [-48.6344852, -27.0197533, 1.0]
                    ],
                    [
                        [-48.6344852, -27.0197533, 1.0],
                        [-48.6337927, -27.0198118, 1.0]
                    ],
                    [
                        [-48.6344154, -27.0267014, 1.0],
                        [-48.6338393, -27.0265978, 1.0]
                    ],
                    [
                        [-48.6343129, -27.0179518, 1.0],
                        [-48.6342408, -27.017938, 1.0],
                        [-48.633777, -27.0178495, 1.0],
                        [-48.6336888, -27.0178327, 1.0]
                    ],
                    [
                        [-48.6342685, -27.0377053, 1.0],
                        [-48.6341737, -27.0371084, 1.0],
                        [-48.6338144, -27.0348467, 1.0],
                        [-48.63354, -27.0331191, 1.0]
                    ],
                    [
                        [-48.6340887, -27.0284603, 1.0],
                        [-48.6342392, -27.0295846, 1.0]
                    ],
                    [
                        [-48.6338538, -27.0204125, 1.0],
                        [-48.6341002, -27.020393, 1.0]
                    ],
                    [
                        [-48.6338393, -27.0265978, 1.0],
                        [-48.6340887, -27.0284603, 1.0]
                    ],
                    [
                        [-48.6340887, -27.0284603, 1.0],
                        [-48.6336234, -27.0285141, 1.0]
                    ],
                    [
                        [-48.6337798, -27.0192338, 1.0],
                        [-48.6340836, -27.0192217, 1.0]
                    ],
                    [
                        [-48.6337822, -27.0187558, 1.0],
                        [-48.6340629, -27.0187342, 1.0]
                    ],
                    [
                        [-48.6338538, -27.0204125, 1.0],
                        [-48.6337927, -27.0198118, 1.0]
                    ],
                    [
                        [-48.6336228, -27.0204312, 1.0],
                        [-48.6338538, -27.0204125, 1.0]
                    ],
                    [
                        [-48.6338393, -27.0265978, 1.0],
                        [-48.6337535, -27.0265858, 1.0],
                        [-48.6336248, -27.0265834, 1.0],
                        [-48.6335228, -27.0265858, 1.0],
                        [-48.6334129, -27.0265942, 1.0],
                        [-48.6332372, -27.0266157, 1.0]
                    ],
                    [
                        [-48.6337927, -27.0198118, 1.0],
                        [-48.6337751, -27.0196145, 1.0],
                        [-48.6337739, -27.0194516, 1.0],
                        [-48.6337798, -27.0192338, 1.0]
                    ],
                    [
                        [-48.6337927, -27.0198118, 1.0],
                        [-48.6335779, -27.0198299, 1.0]
                    ],
                    [
                        [-48.6337904, -27.0190354, 1.0],
                        [-48.6337952, -27.0189451, 1.0],
                        [-48.6337822, -27.0187558, 1.0]
                    ],
                    [
                        [-48.6337798, -27.0192338, 1.0],
                        [-48.6337904, -27.0190354, 1.0]
                    ],
                    [
                        [-48.6337904, -27.0190354, 1.0],
                        [-48.6334887, -27.0190597, 1.0]
                    ],
                    [
                        [-48.6337822, -27.0187558, 1.0],
                        [-48.6336888, -27.0178327, 1.0]
                    ],
                    [
                        [-48.6336888, -27.0178327, 1.0],
                        [-48.6326939, -27.0176387, 1.0],
                        [-48.6325142, -27.0175945, 1.0],
                        [-48.6323725, -27.0175504, 1.0],
                        [-48.6322352, -27.0174956, 1.0],
                        [-48.6321705, -27.0174607, 1.0],
                        [-48.6320383, -27.0173879, 1.0],
                        [-48.6319401, -27.0173338, 1.0],
                        [-48.6319126, -27.0173186, 1.0],
                        [-48.6317371, -27.0172082, 1.0]
                    ],
                    [
                        [-48.6336234, -27.0285141, 1.0],
                        [-48.6336412, -27.0286647, 1.0]
                    ],
                    [
                        [-48.6336412, -27.0286647, 1.0],
                        [-48.6337414, -27.0295246, 1.0],
                        [-48.6337575, -27.0295485, 1.0],
                        [-48.6338487, -27.0295414, 1.0],
                        [-48.6338648, -27.0295151, 1.0],
                        [-48.6337669, -27.0286824, 1.0],
                        [-48.6337441, -27.0286657, 1.0],
                        [-48.6336412, -27.0286647, 1.0]
                    ],
                    [
                        [-48.6336234, -27.0285141, 1.0],
                        [-48.6335123, -27.0285269, 1.0]
                    ],
                    [
                        [-48.63354, -27.0331191, 1.0],
                        [-48.6332446, -27.0312593, 1.0],
                        [-48.6330347, -27.0299726, 1.0],
                        [-48.632905, -27.0285968, 1.0]
                    ],
                    [
                        [-48.63354, -27.0331191, 1.0],
                        [-48.6325264, -27.033302, 1.0],
                        [-48.6323923, -27.0333043, 1.0],
                        [-48.6323226, -27.0332805, 1.0],
                        [-48.6322743, -27.0331944, 1.0],
                        [-48.6320731, -27.0320476, 1.0]
                    ],
                    [
                        [-48.6332372, -27.0266157, 1.0],
                        [-48.6335123, -27.0285269, 1.0]
                    ],
                    [
                        [-48.6335123, -27.0285269, 1.0],
                        [-48.632905, -27.0285968, 1.0]
                    ],
                    [
                        [-48.6245103, -27.035803, 1.0],
                        [-48.6246156, -27.0359088, 1.0],
                        [-48.624677, -27.0359803, 1.0],
                        [-48.6247347, -27.0360541, 1.0],
                        [-48.6247958, -27.0361427, 1.0],
                        [-48.6249522, -27.0364087, 1.0],
                        [-48.6254254, -27.0371879, 1.0],
                        [-48.6255128, -27.0373164, 1.0],
                        [-48.6255703, -27.0373829, 1.0],
                        [-48.625621, -27.0374331, 1.0],
                        [-48.6256848, -27.0374856, 1.0],
                        [-48.6257517, -27.037531, 1.0],
                        [-48.6258401, -27.0375846, 1.0],
                        [-48.6259555, -27.0376468, 1.0],
                        [-48.6262901, -27.0378153, 1.0],
                        [-48.626321, -27.0378307, 1.0],
                        [-48.6265722, -27.037956, 1.0],
                        [-48.6268105, -27.0380748, 1.0],
                        [-48.6268926, -27.0381083, 1.0],
                        [-48.6269746, -27.0381419, 1.0],
                        [-48.6270464, -27.0381623, 1.0],
                        [-48.6271293, -27.0381812, 1.0],
                        [-48.6272126, -27.0381915, 1.0],
                        [-48.6273043, -27.0381973, 1.0],
                        [-48.6274167, -27.0382025, 1.0],
                        [-48.6279489, -27.038209, 1.0],
                        [-48.6280537, -27.0382053, 1.0],
                        [-48.6281505, -27.0381918, 1.0],
                        [-48.6282451, -27.0381676, 1.0],
                        [-48.628323, -27.0381371, 1.0],
                        [-48.628386, -27.0381038, 1.0],
                        [-48.6284586, -27.0380589, 1.0],
                        [-48.6285154, -27.0380166, 1.0],
                        [-48.6288217, -27.037796, 1.0],
                        [-48.6289011, -27.0377399, 1.0],
                        [-48.6289907, -27.0376848, 1.0],
                        [-48.6290568, -27.0376503, 1.0],
                        [-48.6295343, -27.0373989, 1.0],
                        [-48.6295914, -27.0373646, 1.0],
                        [-48.6296458, -27.0373247, 1.0],
                        [-48.6297535, -27.0372363, 1.0],
                        [-48.6298649, -27.0371385, 1.0],
                        [-48.6303193, -27.0367351, 1.0],
                        [-48.6303634, -27.0367031, 1.0],
                        [-48.6304025, -27.0366776, 1.0],
                        [-48.6304751, -27.0366455, 1.0],
                        [-48.6305274, -27.0366325, 1.0],
                        [-48.630608, -27.0366244, 1.0],
                        [-48.6308337, -27.0366213, 1.0],
                        [-48.6309336, -27.0366231, 1.0],
                        [-48.6310565, -27.0366293, 1.0],
                        [-48.6312154, -27.0366474, 1.0],
                        [-48.6314898, -27.0366912, 1.0],
                        [-48.6316796, -27.036719, 1.0],
                        [-48.6317704, -27.0367294, 1.0],
                        [-48.6318811, -27.0367335, 1.0],
                        [-48.6320094, -27.0367341, 1.0],
                        [-48.6322149, -27.0367175, 1.0],
                        [-48.6324405, -27.0366834, 1.0],
                        [-48.6325218, -27.0366758, 1.0],
                        [-48.632598, -27.0366752, 1.0],
                        [-48.6326813, -27.0366797, 1.0],
                        [-48.632777, -27.0366848, 1.0],
                        [-48.632899, -27.0367034, 1.0],
                        [-48.6330325, -27.0367342, 1.0],
                        [-48.6331562, -27.0367808, 1.0],
                        [-48.6332465, -27.0368246, 1.0],
                        [-48.6333304, -27.0368739, 1.0]
                    ],
                    [
                        [-48.6332372, -27.0266157, 1.0],
                        [-48.6331568, -27.0260395, 1.0]
                    ],
                    [
                        [-48.6332372, -27.0266157, 1.0],
                        [-48.6330709, -27.026636, 1.0],
                        [-48.6327812, -27.0266742, 1.0],
                        [-48.6326189, -27.0267005, 1.0]
                    ],
                    [
                        [-48.6331568, -27.0260395, 1.0],
                        [-48.6330897, -27.0255584, 1.0],
                        [-48.6330695, -27.0255166, 1.0],
                        [-48.633028, -27.0254879, 1.0],
                        [-48.632969, -27.0254796, 1.0],
                        [-48.6312403, -27.0256566, 1.0]
                    ],
                    [
                        [-48.6313254, -27.0262341, 1.0],
                        [-48.6331568, -27.0260395, 1.0]
                    ],
                    [
                        [-48.632905, -27.0285968, 1.0],
                        [-48.6327416, -27.0282839, 1.0],
                        [-48.6326565, -27.0281431, 1.0]
                    ],
                    [
                        [-48.632905, -27.0285968, 1.0],
                        [-48.632823, -27.0280535, 1.0]
                    ],
                    [
                        [-48.632905, -27.0285968, 1.0],
                        [-48.6323389, -27.0286596, 1.0],
                        [-48.6322814, -27.0285147, 1.0],
                        [-48.6321841, -27.0283753, 1.0],
                        [-48.6320838, -27.0282867, 1.0],
                        [-48.6319639, -27.0282054, 1.0],
                        [-48.6318106, -27.0281336, 1.0],
                        [-48.631594, -27.0280581, 1.0]
                    ],
                    [
                        [-48.632823, -27.0280535, 1.0],
                        [-48.6326189, -27.0267005, 1.0]
                    ],
                    [
                        [-48.6326565, -27.0281431, 1.0],
                        [-48.6327175, -27.0281347, 1.0],
                        [-48.6327665, -27.0281192, 1.0],
                        [-48.6327986, -27.0280983, 1.0],
                        [-48.632823, -27.0280535, 1.0]
                    ],
                    [
                        [-48.6326565, -27.0281431, 1.0],
                        [-48.6325526, -27.0280173, 1.0],
                        [-48.6324483, -27.0279251, 1.0],
                        [-48.6322813, -27.0278095, 1.0],
                        [-48.632139, -27.0277332, 1.0]
                    ],
                    [
                        [-48.6326189, -27.0267005, 1.0],
                        [-48.6323651, -27.0267591, 1.0],
                        [-48.6321713, -27.0268164, 1.0],
                        [-48.6320215, -27.0268712, 1.0]
                    ],
                    [
                        [-48.6323476, -27.0196721, 1.0],
                        [-48.6320355, -27.0196879, 1.0]
                    ],
                    [
                        [-48.6320355, -27.0196879, 1.0],
                        [-48.6322586, -27.0215524, 1.0]
                    ],
                    [
                        [-48.632139, -27.0277332, 1.0],
                        [-48.6319818, -27.027672, 1.0],
                        [-48.6318277, -27.0276248, 1.0],
                        [-48.6315206, -27.0275593, 1.0]
                    ],
                    [
                        [-48.632139, -27.0277332, 1.0],
                        [-48.6320215, -27.0268712, 1.0]
                    ],
                    [
                        [-48.6317371, -27.0172082, 1.0],
                        [-48.6320355, -27.0196879, 1.0]
                    ],
                    [
                        [-48.6320355, -27.0196879, 1.0],
                        [-48.6304877, -27.0199017, 1.0]
                    ],
                    [
                        [-48.6320215, -27.0268712, 1.0],
                        [-48.6318319, -27.0269606, 1.0],
                        [-48.6316989, -27.0270374, 1.0]
                    ],
                    [
                        [-48.6317371, -27.0172082, 1.0],
                        [-48.6315263, -27.0170642, 1.0],
                        [-48.6314141, -27.0169912, 1.0],
                        [-48.6312612, -27.016917, 1.0],
                        [-48.6310827, -27.0168568, 1.0],
                        [-48.6308259, -27.0167929, 1.0]
                    ],
                    [
                        [-48.6316989, -27.0270374, 1.0],
                        [-48.6313807, -27.0266099, 1.0],
                        [-48.6313254, -27.0262341, 1.0]
                    ],
                    [
                        [-48.6316989, -27.0270374, 1.0],
                        [-48.6315296, -27.0271419, 1.0]
                    ],
                    [
                        [-48.6315206, -27.0275593, 1.0],
                        [-48.631594, -27.0280581, 1.0]
                    ],
                    [
                        [-48.631594, -27.0280581, 1.0],
                        [-48.6316925, -27.0287269, 1.0],
                        [-48.6310466, -27.0287876, 1.0],
                        [-48.6308062, -27.0271183, 1.0]
                    ],
                    [
                        [-48.6315296, -27.0271419, 1.0],
                        [-48.6314646, -27.0272601, 1.0],
                        [-48.6314286, -27.0273485, 1.0]
                    ],
                    [
                        [-48.6313171, -27.0272674, 1.0],
                        [-48.6315296, -27.0271419, 1.0]
                    ],
                    [
                        [-48.6315206, -27.0275593, 1.0],
                        [-48.6314368, -27.0275312, 1.0],
                        [-48.6313686, -27.0275009, 1.0],
                        [-48.6312794, -27.027453, 1.0]
                    ],
                    [
                        [-48.6314289, -27.0273778, 1.0],
                        [-48.6314514, -27.0274492, 1.0],
                        [-48.6314801, -27.0275049, 1.0],
                        [-48.6315206, -27.0275593, 1.0]
                    ],
                    [
                        [-48.6314286, -27.0273485, 1.0],
                        [-48.6314289, -27.0273778, 1.0]
                    ],
                    [
                        [-48.6314289, -27.0273778, 1.0],
                        [-48.6314193, -27.0274058, 1.0],
                        [-48.6314007, -27.02743, 1.0],
                        [-48.6313748, -27.0274481, 1.0],
                        [-48.6313441, -27.0274585, 1.0],
                        [-48.6313113, -27.0274602, 1.0],
                        [-48.6312794, -27.027453, 1.0]
                    ],
                    [
                        [-48.6313171, -27.0272674, 1.0],
                        [-48.6313483, -27.0272703, 1.0],
                        [-48.6313773, -27.027281, 1.0],
                        [-48.6314016, -27.0272987, 1.0],
                        [-48.6314192, -27.0273218, 1.0],
                        [-48.6314286, -27.0273485, 1.0]
                    ],
                    [
                        [-48.6313254, -27.0262341, 1.0],
                        [-48.6312403, -27.0256566, 1.0]
                    ],
                    [
                        [-48.6306887, -27.0263018, 1.0],
                        [-48.6313254, -27.0262341, 1.0]
                    ],
                    [
                        [-48.6312862, -27.0272725, 1.0],
                        [-48.6313171, -27.0272674, 1.0]
                    ],
                    [
                        [-48.631239, -27.0274267, 1.0],
                        [-48.6312208, -27.0274, 1.0],
                        [-48.6312131, -27.0273695, 1.0],
                        [-48.6312168, -27.0273385, 1.0],
                        [-48.6312314, -27.0273101, 1.0],
                        [-48.6312553, -27.0272873, 1.0],
                        [-48.6312862, -27.0272725, 1.0]
                    ],
                    [
                        [-48.6309721, -27.0272614, 1.0],
                        [-48.6311001, -27.0272769, 1.0],
                        [-48.6311578, -27.0272787, 1.0],
                        [-48.6312862, -27.0272725, 1.0]
                    ],
                    [
                        [-48.6312794, -27.027453, 1.0],
                        [-48.6312575, -27.027442, 1.0],
                        [-48.631239, -27.0274267, 1.0]
                    ],
                    [
                        [-48.6312403, -27.0256566, 1.0],
                        [-48.631173, -27.0251994, 1.0]
                    ],
                    [
                        [-48.631239, -27.0274267, 1.0],
                        [-48.6310988, -27.0273426, 1.0],
                        [-48.6309721, -27.0272614, 1.0]
                    ],
                    [
                        [-48.6311612, -27.0186101, 1.0],
                        [-48.6310203, -27.0180091, 1.0],
                        [-48.6309486, -27.0176626, 1.0],
                        [-48.6308259, -27.0167929, 1.0]
                    ],
                    [
                        [-48.6308305, -27.0217597, 1.0],
                        [-48.631146, -27.0217111, 1.0]
                    ],
                    [
                        [-48.6309721, -27.0272614, 1.0],
                        [-48.6308062, -27.0271183, 1.0]
                    ],
                    [
                        [-48.6308305, -27.0217597, 1.0],
                        [-48.6309031, -27.0221501, 1.0]
                    ],
                    [
                        [-48.6304877, -27.0199017, 1.0],
                        [-48.6308305, -27.0217597, 1.0]
                    ],
                    [
                        [-48.6302145, -27.0218597, 1.0],
                        [-48.6308305, -27.0217597, 1.0]
                    ],
                    [
                        [-48.6308259, -27.0167929, 1.0],
                        [-48.630741, -27.0167717, 1.0],
                        [-48.6306119, -27.0167395, 1.0],
                        [-48.6304907, -27.0167093, 1.0],
                        [-48.6303694, -27.016679, 1.0],
                        [-48.6302988, -27.0166614, 1.0]
                    ],
                    [
                        [-48.6308062, -27.0271183, 1.0],
                        [-48.6305232, -27.0268103, 1.0]
                    ],
                    [
                        [-48.6308062, -27.0271183, 1.0],
                        [-48.6306887, -27.0263018, 1.0]
                    ],
                    [
                        [-48.6306887, -27.0263018, 1.0],
                        [-48.6305183, -27.0251187, 1.0]
                    ],
                    [
                        [-48.6303012, -27.0183711, 1.0],
                        [-48.6305562, -27.0183731, 1.0]
                    ],
                    [
                        [-48.6303012, -27.0183711, 1.0],
                        [-48.6304877, -27.0199017, 1.0]
                    ],
                    [
                        [-48.6304877, -27.0199017, 1.0],
                        [-48.6300509, -27.0199565, 1.0],
                        [-48.6298752, -27.0199864, 1.0]
                    ],
                    [
                        [-48.6298152, -27.0183898, 1.0],
                        [-48.6303012, -27.0183711, 1.0]
                    ],
                    [
                        [-48.6302988, -27.0166614, 1.0],
                        [-48.6300794, -27.0166032, 1.0],
                        [-48.6299504, -27.016569, 1.0],
                        [-48.6298238, -27.0165236, 1.0],
                        [-48.6297671, -27.0164988, 1.0],
                        [-48.6296681, -27.0164556, 1.0],
                        [-48.6294008, -27.016313, 1.0]
                    ],
                    [
                        [-48.6302988, -27.0166614, 1.0],
                        [-48.6302854, -27.0168203, 1.0],
                        [-48.6302841, -27.0169171, 1.0],
                        [-48.6303391, -27.0172349, 1.0],
                        [-48.6303297, -27.0173209, 1.0],
                        [-48.63028, -27.0173651, 1.0],
                        [-48.6301205, -27.0173878, 1.0],
                        [-48.6299542, -27.0173998, 1.0],
                        [-48.6298522, -27.0174344, 1.0],
                        [-48.6298013, -27.0175169, 1.0],
                        [-48.6297959, -27.0176794, 1.0],
                        [-48.6298496, -27.0179386, 1.0]
                    ],
                    [
                        [-48.6302804, -27.0222322, 1.0],
                        [-48.6302145, -27.0218597, 1.0]
                    ],
                    [
                        [-48.6302145, -27.0218597, 1.0],
                        [-48.6298752, -27.0199864, 1.0]
                    ],
                    [
                        [-48.6298752, -27.0199864, 1.0],
                        [-48.6298152, -27.0183898, 1.0]
                    ],
                    [
                        [-48.6293439, -27.0184152, 1.0],
                        [-48.6298152, -27.0183898, 1.0]
                    ],
                    [
                        [-48.6294008, -27.016313, 1.0],
                        [-48.6292122, -27.0162029, 1.0],
                        [-48.6291734, -27.0161786, 1.0],
                        [-48.6290235, -27.0160849, 1.0],
                        [-48.6288024, -27.0159113, 1.0],
                        [-48.6285799, -27.0157221, 1.0],
                        [-48.6283104, -27.015492, 1.0],
                        [-48.628162, -27.0153436, 1.0]
                    ],
                    [
                        [-48.6293439, -27.0184152, 1.0],
                        [-48.6294128, -27.0181201, 1.0],
                        [-48.6294233, -27.0179653, 1.0],
                        [-48.6293971, -27.0176781, 1.0],
                        [-48.6293171, -27.0168012, 1.0],
                        [-48.6293346, -27.0165706, 1.0],
                        [-48.6293737, -27.016419, 1.0],
                        [-48.6294008, -27.016313, 1.0]
                    ],
                    [
                        [-48.6293009, -27.0185575, 1.0],
                        [-48.6293439, -27.0184152, 1.0]
                    ],
                    [
                        [-48.6286747, -27.0186698, 1.0],
                        [-48.6287203, -27.0186101, 1.0],
                        [-48.6288464, -27.0185575, 1.0],
                        [-48.6290234, -27.0185933, 1.0],
                        [-48.6292005, -27.0185503, 1.0],
                        [-48.6293009, -27.0185575, 1.0]
                    ],
                    [
                        [-48.625822947035104, -27.020447318644173, 1.0],
                        [-48.6271434, -27.0202879, 1.0],
                        [-48.6279212, -27.0201206, 1.0],
                        [-48.6280169, -27.0200907, 1.0],
                        [-48.628227, -27.0200059, 1.0],
                        [-48.6283634, -27.0199276, 1.0],
                        [-48.6284375, -27.0198691, 1.0],
                        [-48.628522, -27.0197813, 1.0],
                        [-48.6288519, -27.0193106, 1.0],
                        [-48.6291389, -27.0189498, 1.0],
                        [-48.6291926, -27.0188494, 1.0],
                        [-48.6292516, -27.0187204, 1.0],
                        [-48.6293009, -27.0185575, 1.0]
                    ],
                    [
                        [-48.628275, -27.0472656, 1.0],
                        [-48.6281499, -27.0471088, 1.0],
                        [-48.6280853, -27.0470379, 1.0],
                        [-48.6280308, -27.0469767, 1.0],
                        [-48.6279841, -27.0469114, 1.0],
                        [-48.6279396, -27.0468373, 1.0],
                        [-48.6278951, -27.0467481, 1.0],
                        [-48.6278658, -27.0466519, 1.0],
                        [-48.6278399, -27.0464969, 1.0],
                        [-48.6278299, -27.0463924, 1.0],
                        [-48.627795, -27.0462994, 1.0],
                        [-48.6277427, -27.0462051, 1.0],
                        [-48.6276676, -27.0461274, 1.0],
                        [-48.6275952, -27.0460832, 1.0],
                        [-48.6273792, -27.0459865, 1.0],
                        [-48.626907, -27.0457871, 1.0],
                        [-48.6267596, -27.0457249, 1.0],
                        [-48.6264874, -27.0456126, 1.0],
                        [-48.6262782, -27.0455505, 1.0],
                        [-48.6261253, -27.0455135, 1.0],
                        [-48.6258195, -27.0454705, 1.0],
                        [-48.6256143, -27.0454072, 1.0],
                        [-48.6253729, -27.0452507, 1.0],
                        [-48.6250074, -27.0449865, 1.0],
                        [-48.6248924, -27.0448349, 1.0],
                        [-48.6245468, -27.0443751, 1.0],
                        [-48.6244449, -27.0442151, 1.0],
                        [-48.6243598, -27.044013, 1.0],
                        [-48.6242541, -27.043803, 1.0],
                        [-48.6241281, -27.0436183, 1.0],
                        [-48.6239492, -27.043459, 1.0],
                        [-48.6236931, -27.0433033, 1.0],
                        [-48.6236037, -27.04322, 1.0],
                        [-48.6233827, -27.0429944, 1.0],
                        [-48.6230931, -27.0427734, 1.0],
                        [-48.6227283, -27.0424545, 1.0],
                        [-48.6225875, -27.0423649, 1.0],
                        [-48.62222, -27.0421582, 1.0],
                        [-48.6219934, -27.0419886, 1.0],
                        [-48.6219224, -27.0419061, 1.0],
                        [-48.6217579, -27.0416557, 1.0],
                        [-48.6216929, -27.0415145, 1.0],
                        [-48.6216969, -27.0413588, 1.0],
                        [-48.6217498, -27.0411922, 1.0],
                        [-48.6220141, -27.0406889, 1.0],
                        [-48.6220913, -27.0404463, 1.0],
                        [-48.6221685, -27.0400951, 1.0],
                        [-48.6222499, -27.0399321, 1.0],
                        [-48.622323, -27.0397836, 1.0],
                        [-48.6223149, -27.0396243, 1.0],
                        [-48.6222539, -27.0394469, 1.0],
                        [-48.62201, -27.0388241, 1.0],
                        [-48.6219875, -27.0387301, 1.0],
                        [-48.6219856, -27.0386502, 1.0],
                        [-48.6219939, -27.0385822, 1.0],
                        [-48.6220552, -27.0384576, 1.0],
                        [-48.6220913, -27.0384076, 1.0],
                        [-48.6242257, -27.0361118, 1.0],
                        [-48.6245103, -27.035803, 1.0]
                    ],
                    [
                        [-48.625728188629303, -27.02045336609989, 1.0],
                        [-48.625785, -27.0204519, 1.0],
                        [-48.625788356862479, -27.020451494725084, 1.0]
                    ],
                    [
                        [-48.621575089384407, -27.03210469731636, 1.0],
                        [-48.621811, -27.0324466, 1.0],
                        [-48.6225808, -27.0334811, 1.0],
                        [-48.6234399, -27.0345957, 1.0],
                        [-48.6236816, -27.0349234, 1.0],
                        [-48.6239122, -27.0352078, 1.0],
                        [-48.6240203, -27.0353291, 1.0],
                        [-48.624152, -27.0354631, 1.0],
                        [-48.6245103, -27.035803, 1.0]
                    ]
                ]
            }
        },
        {
            "type": "Feature",
            "properties": {
                "SETOR": "T04",
                "FREQUENCIA": "TER - QUI - SAB",
                "TURNO": "TARDE",
                "HORARIO": "14:20 ÀS 22:35",
                "OPERACAO": "DOMICILIAR",
                "FILIAL": "CAMBORIÚ"
            },
            "geometry": {
                "type": "MultiLineString",
                "coordinates": [
                    [
                        [-48.6472346, -27.0329633, 1.0],
                        [-48.647233, -27.0329411, 1.0],
                        [-48.6472407, -27.0329199, 1.0],
                        [-48.6472568, -27.0329028, 1.0],
                        [-48.6472788, -27.0328922, 1.0],
                        [-48.6473074, -27.0328901, 1.0],
                        [-48.6473344, -27.0328989, 1.0],
                        [-48.6473546, -27.0329171, 1.0],
                        [-48.6473642, -27.0329413, 1.0],
                        [-48.6473615, -27.0329667, 1.0],
                        [-48.64735, -27.0329855, 1.0],
                        [-48.6473317, -27.0329994, 1.0],
                        [-48.6473091, -27.0330066, 1.0],
                        [-48.6472851, -27.0330061, 1.0],
                        [-48.6472629, -27.032998, 1.0],
                        [-48.6472453, -27.0329834, 1.0],
                        [-48.6472346, -27.0329633, 1.0]
                    ],
                    [
                        [-48.6472346, -27.0329633, 1.0],
                        [-48.6468377, -27.0329821, 1.0]
                    ],
                    [
                        [-48.6468377, -27.0329821, 1.0],
                        [-48.6469142, -27.0337258, 1.0]
                    ],
                    [
                        [-48.6468377, -27.0329821, 1.0],
                        [-48.6467315, -27.0329871, 1.0],
                        [-48.6463237, -27.0330064, 1.0],
                        [-48.6460039, -27.033022, 1.0],
                        [-48.6457274, -27.033037, 1.0],
                        [-48.6456083, -27.0330461, 1.0],
                        [-48.6454996, -27.0330604, 1.0],
                        [-48.6454013, -27.0330802, 1.0],
                        [-48.6452669, -27.0331179, 1.0]
                    ],
                    [
                        [-48.6454659, -27.0308561, 1.0],
                        [-48.6450115, -27.0308967, 1.0]
                    ],
                    [
                        [-48.6450115, -27.0308967, 1.0],
                        [-48.6451116, -27.0317664, 1.0],
                        [-48.6452669, -27.0331179, 1.0]
                    ],
                    [
                        [-48.6452669, -27.0331179, 1.0],
                        [-48.6451524, -27.0331675, 1.0]
                    ],
                    [
                        [-48.6451524, -27.0331675, 1.0],
                        [-48.6452644, -27.0341685, 1.0]
                    ],
                    [
                        [-48.6451524, -27.0331675, 1.0],
                        [-48.6447168, -27.0333581, 1.0]
                    ],
                    [
                        [-48.6451355, -27.0350484, 1.0],
                        [-48.6441304, -27.0351573, 1.0]
                    ],
                    [
                        [-48.6450115, -27.0308967, 1.0],
                        [-48.6443645, -27.0309545, 1.0]
                    ],
                    [
                        [-48.6444442, -27.0315613, 1.0],
                        [-48.6447168, -27.0333581, 1.0]
                    ],
                    [
                        [-48.6447168, -27.0333581, 1.0],
                        [-48.6446162, -27.0334007, 1.0],
                        [-48.6443166, -27.0335179, 1.0],
                        [-48.6441959, -27.0335662, 1.0],
                        [-48.644037, -27.0336277, 1.0],
                        [-48.6439131, -27.0336815, 1.0],
                        [-48.6437959, -27.0337382, 1.0],
                        [-48.6432069, -27.0340383, 1.0]
                    ],
                    [
                        [-48.6443645, -27.0309545, 1.0],
                        [-48.6444442, -27.0315613, 1.0]
                    ],
                    [
                        [-48.6444442, -27.0315613, 1.0],
                        [-48.6439766, -27.0316188, 1.0]
                    ],
                    [
                        [-48.6443645, -27.0309545, 1.0],
                        [-48.6441234, -27.0309761, 1.0]
                    ],
                    [
                        [-48.6443426, -27.0367546, 1.0],
                        [-48.6441633, -27.0353439, 1.0],
                        [-48.6441389, -27.0352065, 1.0],
                        [-48.6441304, -27.0351573, 1.0]
                    ],
                    [
                        [-48.6441304, -27.0351573, 1.0],
                        [-48.644122, -27.0351086, 1.0],
                        [-48.6440979, -27.0350166, 1.0],
                        [-48.6440645, -27.0349248, 1.0],
                        [-48.6440302, -27.0348683, 1.0],
                        [-48.6439642, -27.0347927, 1.0],
                        [-48.6439039, -27.0347259, 1.0],
                        [-48.643774, -27.0345999, 1.0],
                        [-48.6434147, -27.0342693, 1.0],
                        [-48.6433518, -27.0342067, 1.0],
                        [-48.6432069, -27.0340383, 1.0]
                    ],
                    [
                        [-48.6429082, -27.0359963, 1.0],
                        [-48.6436876, -27.0357188, 1.0]
                    ],
                    [
                        [-48.643047, -27.0363164, 1.0],
                        [-48.6435888, -27.0361175, 1.0]
                    ],
                    [
                        [-48.6432338, -27.0372158, 1.0],
                        [-48.6431254, -27.0366375, 1.0],
                        [-48.643092, -27.0364694, 1.0],
                        [-48.6430656, -27.0363736, 1.0],
                        [-48.643047, -27.0363164, 1.0]
                    ],
                    [
                        [-48.6426663, -27.0393456, 1.0],
                        [-48.6428628, -27.0392456, 1.0],
                        [-48.6429056, -27.0392176, 1.0],
                        [-48.6429426, -27.0391869, 1.0],
                        [-48.6429815, -27.0391506, 1.0],
                        [-48.6430348, -27.0390912, 1.0],
                        [-48.6431013, -27.0390121, 1.0],
                        [-48.6433238, -27.0387268, 1.0],
                        [-48.6433822, -27.0386474, 1.0],
                        [-48.6434127, -27.0386016, 1.0],
                        [-48.6434441, -27.0385423, 1.0],
                        [-48.6434618, -27.0384865, 1.0],
                        [-48.6434813, -27.0384147, 1.0],
                        [-48.6434959, -27.038349, 1.0],
                        [-48.6435013, -27.038296, 1.0],
                        [-48.6434986, -27.0382342, 1.0],
                        [-48.6434933, -27.0381666, 1.0],
                        [-48.6434813, -27.0380959, 1.0],
                        [-48.6434052, -27.0378129, 1.0],
                        [-48.6432608, -27.0373373, 1.0],
                        [-48.6432338, -27.0372158, 1.0]
                    ],
                    [
                        [-48.6432338, -27.0372158, 1.0],
                        [-48.6427283, -27.0373125, 1.0]
                    ],
                    [
                        [-48.6432069, -27.0340383, 1.0],
                        [-48.6429703, -27.0341588, 1.0],
                        [-48.6422886, -27.0345061, 1.0]
                    ],
                    [
                        [-48.6427283, -27.0373125, 1.0],
                        [-48.6430496, -27.0385858, 1.0]
                    ],
                    [
                        [-48.643047, -27.0363164, 1.0],
                        [-48.6429709, -27.0361264, 1.0],
                        [-48.6429082, -27.0359963, 1.0]
                    ],
                    [
                        [-48.6429082, -27.0359963, 1.0],
                        [-48.642888, -27.0359545, 1.0],
                        [-48.6427607, -27.0356916, 1.0]
                    ],
                    [
                        [-48.6427607, -27.0356916, 1.0],
                        [-48.6426271, -27.0354094, 1.0],
                        [-48.6424396, -27.035068, 1.0],
                        [-48.6424087, -27.0350007, 1.0],
                        [-48.6423872, -27.0349444, 1.0],
                        [-48.6423693, -27.0348833, 1.0],
                        [-48.6423368, -27.0347362, 1.0],
                        [-48.6422886, -27.0345061, 1.0]
                    ],
                    [
                        [-48.6427607, -27.0356916, 1.0],
                        [-48.6423455, -27.0358204, 1.0]
                    ],
                    [
                        [-48.6423455, -27.0358204, 1.0],
                        [-48.6427283, -27.0373125, 1.0]
                    ],
                    [
                        [-48.6427283, -27.0373125, 1.0],
                        [-48.642157, -27.0374219, 1.0]
                    ],
                    [
                        [-48.6426663, -27.0393456, 1.0],
                        [-48.6425816, -27.0390723, 1.0],
                        [-48.6425208, -27.0388658, 1.0],
                        [-48.642157, -27.0374219, 1.0]
                    ],
                    [
                        [-48.6402874, -27.0424341, 1.0],
                        [-48.640337, -27.0423601, 1.0],
                        [-48.6404067, -27.0422586, 1.0],
                        [-48.6404818, -27.0421511, 1.0],
                        [-48.6405234, -27.0420734, 1.0],
                        [-48.640561, -27.0420161, 1.0],
                        [-48.6406186, -27.0419098, 1.0],
                        [-48.640675, -27.0417987, 1.0],
                        [-48.6407219, -27.0416948, 1.0],
                        [-48.6407621, -27.0416205, 1.0],
                        [-48.6407912, -27.0415595, 1.0],
                        [-48.6408302, -27.0414921, 1.0],
                        [-48.6408999, -27.0413863, 1.0],
                        [-48.6409548, -27.0413058, 1.0],
                        [-48.6409986, -27.0412459, 1.0],
                        [-48.6410564, -27.0411705, 1.0],
                        [-48.6411323, -27.0410766, 1.0],
                        [-48.641211, -27.040984, 1.0],
                        [-48.6412521, -27.0409373, 1.0],
                        [-48.6412987, -27.0408878, 1.0],
                        [-48.641342, -27.0408452, 1.0],
                        [-48.6413932, -27.0407989, 1.0],
                        [-48.6414893, -27.0407123, 1.0],
                        [-48.6415757, -27.0406301, 1.0],
                        [-48.6416141, -27.0405883, 1.0],
                        [-48.6416408, -27.0405467, 1.0],
                        [-48.6416584, -27.0405032, 1.0],
                        [-48.6416663, -27.0404593, 1.0],
                        [-48.6416723, -27.0404032, 1.0],
                        [-48.6416736, -27.0403426, 1.0],
                        [-48.6416876, -27.0400968, 1.0],
                        [-48.6416914, -27.0400342, 1.0],
                        [-48.6417015, -27.0399862, 1.0],
                        [-48.6417201, -27.0399405, 1.0],
                        [-48.6417491, -27.0398975, 1.0],
                        [-48.6417884, -27.0398639, 1.0],
                        [-48.6419769, -27.0397414, 1.0],
                        [-48.6420935, -27.0396678, 1.0],
                        [-48.6421928, -27.0396085, 1.0],
                        [-48.6422935, -27.039549, 1.0],
                        [-48.6424139, -27.03948, 1.0],
                        [-48.642528, -27.0394188, 1.0],
                        [-48.6426663, -27.0393456, 1.0]
                    ],
                    [
                        [-48.6423455, -27.0358204, 1.0],
                        [-48.6422833, -27.0354524, 1.0]
                    ],
                    [
                        [-48.6423455, -27.0358204, 1.0],
                        [-48.6422513, -27.0358411, 1.0],
                        [-48.6421518, -27.0358562, 1.0],
                        [-48.642036, -27.0358644, 1.0],
                        [-48.6419388, -27.0358629, 1.0]
                    ],
                    [
                        [-48.642299, -27.033713, 1.0],
                        [-48.6420959, -27.0338155, 1.0]
                    ],
                    [
                        [-48.6422886, -27.0345061, 1.0],
                        [-48.641838, -27.034736, 1.0]
                    ],
                    [
                        [-48.642157, -27.0374219, 1.0],
                        [-48.6419539, -27.0366167, 1.0]
                    ],
                    [
                        [-48.642157, -27.0374219, 1.0],
                        [-48.6416519, -27.0375185, 1.0]
                    ],
                    [
                        [-48.6420959, -27.0338155, 1.0],
                        [-48.6419536, -27.0327322, 1.0]
                    ],
                    [
                        [-48.6420959, -27.0338155, 1.0],
                        [-48.641619, -27.0340563, 1.0]
                    ],
                    [
                        [-48.6419388, -27.0358629, 1.0],
                        [-48.6418553, -27.0358541, 1.0],
                        [-48.6417804, -27.0358424, 1.0],
                        [-48.6416644, -27.0358163, 1.0],
                        [-48.6415699, -27.0357902, 1.0],
                        [-48.6414833, -27.0357614, 1.0],
                        [-48.6413018, -27.0356943, 1.0]
                    ],
                    [
                        [-48.6419388, -27.0358629, 1.0],
                        [-48.6418406, -27.0355061, 1.0]
                    ],
                    [
                        [-48.6416519, -27.0375185, 1.0],
                        [-48.6418721, -27.0384508, 1.0]
                    ],
                    [
                        [-48.641838, -27.034736, 1.0],
                        [-48.641619, -27.0340563, 1.0]
                    ],
                    [
                        [-48.641838, -27.034736, 1.0],
                        [-48.6416678, -27.0348225, 1.0]
                    ],
                    [
                        [-48.6415832, -27.0304442, 1.0],
                        [-48.6418016, -27.0304189, 1.0]
                    ],
                    [
                        [-48.6416678, -27.0348225, 1.0],
                        [-48.6417914, -27.0351845, 1.0]
                    ],
                    [
                        [-48.6416678, -27.0348225, 1.0],
                        [-48.6411811, -27.0350734, 1.0]
                    ],
                    [
                        [-48.6413612, -27.0361631, 1.0],
                        [-48.6414068, -27.0364843, 1.0],
                        [-48.64142, -27.0365834, 1.0],
                        [-48.6414378, -27.0366714, 1.0],
                        [-48.6416519, -27.0375185, 1.0]
                    ],
                    [
                        [-48.6416519, -27.0375185, 1.0],
                        [-48.6411317, -27.0376181, 1.0]
                    ],
                    [
                        [-48.641619, -27.0340563, 1.0],
                        [-48.6413907, -27.0325852, 1.0],
                        [-48.641371, -27.0324565, 1.0],
                        [-48.6410745, -27.0305077, 1.0]
                    ],
                    [
                        [-48.641619, -27.0340563, 1.0],
                        [-48.6411131, -27.0343118, 1.0]
                    ],
                    [
                        [-48.6408204, -27.0292267, 1.0],
                        [-48.6413396, -27.0291721, 1.0],
                        [-48.6415832, -27.0304442, 1.0]
                    ],
                    [
                        [-48.6410745, -27.0305077, 1.0],
                        [-48.6415832, -27.0304442, 1.0]
                    ],
                    [
                        [-48.6413018, -27.0356943, 1.0],
                        [-48.6413612, -27.0361631, 1.0]
                    ],
                    [
                        [-48.6407044, -27.0362852, 1.0],
                        [-48.6413612, -27.0361631, 1.0]
                    ],
                    [
                        [-48.6413018, -27.0356943, 1.0],
                        [-48.6406473, -27.0353601, 1.0]
                    ],
                    [
                        [-48.6411317, -27.0376181, 1.0],
                        [-48.6412884, -27.038262, 1.0]
                    ],
                    [
                        [-48.6409001, -27.0344193, 1.0],
                        [-48.6411811, -27.0350734, 1.0]
                    ],
                    [
                        [-48.6411811, -27.0350734, 1.0],
                        [-48.6410155, -27.035158, 1.0],
                        [-48.6408225, -27.0352592, 1.0],
                        [-48.640728, -27.0353124, 1.0],
                        [-48.6407204, -27.0353169, 1.0]
                    ],
                    [
                        [-48.6407044, -27.0362852, 1.0],
                        [-48.640769, -27.0363212, 1.0],
                        [-48.6407994, -27.0363434, 1.0],
                        [-48.6408195, -27.0363667, 1.0],
                        [-48.6408322, -27.0363926, 1.0],
                        [-48.6411317, -27.0376181, 1.0]
                    ],
                    [
                        [-48.6411131, -27.0343118, 1.0],
                        [-48.6409415, -27.0330576, 1.0]
                    ],
                    [
                        [-48.6411131, -27.0343118, 1.0],
                        [-48.6409001, -27.0344193, 1.0]
                    ],
                    [
                        [-48.6410745, -27.0305077, 1.0],
                        [-48.6408204, -27.0292267, 1.0]
                    ],
                    [
                        [-48.640558, -27.0305716, 1.0],
                        [-48.6410745, -27.0305077, 1.0]
                    ],
                    [
                        [-48.6409001, -27.0344193, 1.0],
                        [-48.6405064, -27.0344213, 1.0]
                    ],
                    [
                        [-48.6405981, -27.0425451, 1.0],
                        [-48.6408677, -27.0426459, 1.0]
                    ],
                    [
                        [-48.6408204, -27.0292267, 1.0],
                        [-48.6407812, -27.0290563, 1.0]
                    ],
                    [
                        [-48.640558, -27.0305716, 1.0],
                        [-48.6408197, -27.0322256, 1.0]
                    ],
                    [
                        [-48.6407204, -27.0353169, 1.0],
                        [-48.6405874, -27.035148, 1.0],
                        [-48.6405264, -27.0350827, 1.0],
                        [-48.6404654, -27.0350285, 1.0],
                        [-48.6403841, -27.0349632, 1.0],
                        [-48.6402608, -27.0348764, 1.0],
                        [-48.6401646, -27.034822, 1.0],
                        [-48.640071, -27.0347823, 1.0]
                    ],
                    [
                        [-48.6407204, -27.0353169, 1.0],
                        [-48.6406473, -27.0353601, 1.0]
                    ],
                    [
                        [-48.6402094, -27.0356915, 1.0],
                        [-48.6406223, -27.0362308, 1.0],
                        [-48.6406468, -27.036254, 1.0],
                        [-48.6406764, -27.0362728, 1.0],
                        [-48.6407044, -27.0362852, 1.0]
                    ],
                    [
                        [-48.6406473, -27.0353601, 1.0],
                        [-48.640561, -27.0354179, 1.0],
                        [-48.6404985, -27.035461, 1.0],
                        [-48.6404373, -27.0355069, 1.0],
                        [-48.6403811, -27.0355502, 1.0],
                        [-48.6402094, -27.0356915, 1.0]
                    ],
                    [
                        [-48.6401855, -27.0376014, 1.0],
                        [-48.6406174, -27.0375719, 1.0]
                    ],
                    [
                        [-48.6402874, -27.0424341, 1.0],
                        [-48.6405981, -27.0425451, 1.0]
                    ],
                    [
                        [-48.6405981, -27.0425451, 1.0],
                        [-48.6404284, -27.0432202, 1.0]
                    ],
                    [
                        [-48.640249, -27.0290001, 1.0],
                        [-48.6403596, -27.0294895, 1.0],
                        [-48.640558, -27.0305716, 1.0]
                    ],
                    [
                        [-48.6403264, -27.0306041, 1.0],
                        [-48.640558, -27.0305716, 1.0]
                    ],
                    [
                        [-48.6405064, -27.0344213, 1.0],
                        [-48.6402891, -27.034083, 1.0],
                        [-48.640209, -27.0333394, 1.0],
                        [-48.6394554, -27.0333491, 1.0]
                    ],
                    [
                        [-48.6405064, -27.0344213, 1.0],
                        [-48.6401165, -27.0344232, 1.0],
                        [-48.6394886, -27.0336908, 1.0],
                        [-48.6394554, -27.0333491, 1.0]
                    ],
                    [
                        [-48.6402874, -27.0424341, 1.0],
                        [-48.6402454, -27.0424095, 1.0],
                        [-48.6401936, -27.0423761, 1.0],
                        [-48.640143, -27.0423195, 1.0],
                        [-48.6401217, -27.0422735, 1.0],
                        [-48.6401053, -27.0422235, 1.0],
                        [-48.6401003, -27.0421689, 1.0],
                        [-48.6401026, -27.0421238, 1.0],
                        [-48.6401113, -27.042044, 1.0],
                        [-48.6401261, -27.0419644, 1.0],
                        [-48.6401745, -27.0417108, 1.0],
                        [-48.6402114, -27.0415375, 1.0],
                        [-48.6402287, -27.0414346, 1.0],
                        [-48.6402413, -27.041352, 1.0],
                        [-48.6402461, -27.0412478, 1.0],
                        [-48.6402538, -27.0410969, 1.0],
                        [-48.640258, -27.0409146, 1.0],
                        [-48.6402627, -27.0408199, 1.0],
                        [-48.6403019, -27.0404789, 1.0],
                        [-48.6403175, -27.0403092, 1.0],
                        [-48.640326, -27.0401843, 1.0],
                        [-48.6403252, -27.0400828, 1.0],
                        [-48.6403164, -27.0399469, 1.0],
                        [-48.6402957, -27.0396266, 1.0],
                        [-48.6402873, -27.0395214, 1.0],
                        [-48.6402782, -27.0394333, 1.0],
                        [-48.6402609, -27.0393292, 1.0],
                        [-48.6402127, -27.0390553, 1.0],
                        [-48.6402036, -27.0389703, 1.0],
                        [-48.6402024, -27.0389056, 1.0],
                        [-48.6402073, -27.0388393, 1.0],
                        [-48.6402273, -27.0387032, 1.0],
                        [-48.6402404, -27.0386059, 1.0],
                        [-48.6402463, -27.0384538, 1.0],
                        [-48.6402447, -27.0383129, 1.0],
                        [-48.640242, -27.0381684, 1.0],
                        [-48.6402322, -27.0380022, 1.0],
                        [-48.6402081, -27.0377835, 1.0],
                        [-48.6401855, -27.0376014, 1.0]
                    ],
                    [
                        [-48.6401559, -27.0427758, 1.0],
                        [-48.6401881, -27.0426444, 1.0],
                        [-48.6402082, -27.0425775, 1.0],
                        [-48.6402377, -27.0425034, 1.0],
                        [-48.6402874, -27.0424341, 1.0]
                    ],
                    [
                        [-48.6402094, -27.0356915, 1.0],
                        [-48.6401152, -27.0357643, 1.0],
                        [-48.6400171, -27.0358384, 1.0],
                        [-48.6397983, -27.0359956, 1.0]
                    ],
                    [
                        [-48.6401855, -27.0376014, 1.0],
                        [-48.6400368, -27.0365455, 1.0],
                        [-48.6400276, -27.0364883, 1.0],
                        [-48.640014, -27.0364167, 1.0],
                        [-48.6399971, -27.036342, 1.0],
                        [-48.6399771, -27.0362694, 1.0],
                        [-48.639958, -27.0362115, 1.0],
                        [-48.6399325, -27.0361563, 1.0],
                        [-48.6399028, -27.0361091, 1.0],
                        [-48.6398744, -27.0360735, 1.0],
                        [-48.6397983, -27.0359956, 1.0]
                    ],
                    [
                        [-48.6401559, -27.0427758, 1.0],
                        [-48.6397653, -27.0427065, 1.0]
                    ],
                    [
                        [-48.6400655, -27.0465563, 1.0],
                        [-48.640083, -27.0464073, 1.0],
                        [-48.6400787, -27.0463638, 1.0],
                        [-48.6400657, -27.0463017, 1.0],
                        [-48.6400481, -27.0462486, 1.0],
                        [-48.639869, -27.0457429, 1.0],
                        [-48.6398451, -27.0456556, 1.0],
                        [-48.6398311, -27.0455907, 1.0],
                        [-48.6398226, -27.0455113, 1.0],
                        [-48.6398198, -27.0454249, 1.0],
                        [-48.6398294, -27.0453647, 1.0],
                        [-48.6398446, -27.0453088, 1.0],
                        [-48.6398651, -27.0452566, 1.0],
                        [-48.6398906, -27.0452088, 1.0],
                        [-48.6399171, -27.04517, 1.0],
                        [-48.6399522, -27.0451216, 1.0],
                        [-48.6401985, -27.0448391, 1.0],
                        [-48.6402458, -27.0447705, 1.0],
                        [-48.6402619, -27.0447383, 1.0],
                        [-48.640282, -27.0446941, 1.0],
                        [-48.6402914, -27.0446475, 1.0],
                        [-48.6402901, -27.0445997, 1.0],
                        [-48.6402699, -27.0445316, 1.0],
                        [-48.6402404, -27.0444731, 1.0],
                        [-48.6402082, -27.0444158, 1.0],
                        [-48.6399924, -27.0440844, 1.0],
                        [-48.6399605, -27.0440298, 1.0],
                        [-48.639936, -27.0439748, 1.0],
                        [-48.6399223, -27.0439225, 1.0],
                        [-48.6399177, -27.0438775, 1.0],
                        [-48.6399166, -27.043834, 1.0],
                        [-48.6399258, -27.0437776, 1.0],
                        [-48.6401559, -27.0427758, 1.0]
                    ],
                    [
                        [-48.639652, -27.0479872, 1.0],
                        [-48.6399432, -27.0479332, 1.0],
                        [-48.6401488, -27.0478908, 1.0],
                        [-48.6404912, -27.0478175, 1.0],
                        [-48.6404514, -27.0476512, 1.0],
                        [-48.6404183, -27.0475494, 1.0],
                        [-48.6403766, -27.0474479, 1.0],
                        [-48.6403361, -27.0473583, 1.0],
                        [-48.6401037, -27.0469426, 1.0],
                        [-48.6400793, -27.0468901, 1.0],
                        [-48.6400644, -27.0468294, 1.0],
                        [-48.6400576, -27.0467597, 1.0],
                        [-48.6400546, -27.0466671, 1.0],
                        [-48.6400655, -27.0465563, 1.0]
                    ],
                    [
                        [-48.6400655, -27.0465563, 1.0],
                        [-48.6394956, -27.0465919, 1.0],
                        [-48.6390728, -27.0466033, 1.0],
                        [-48.6389937, -27.0465954, 1.0],
                        [-48.6389406, -27.0465847, 1.0],
                        [-48.6388839, -27.0465625, 1.0],
                        [-48.6388296, -27.0465301, 1.0],
                        [-48.6387404, -27.0464595, 1.0],
                        [-48.6386517, -27.0463883, 1.0],
                        [-48.6385297, -27.0462961, 1.0],
                        [-48.6384479, -27.0462439, 1.0],
                        [-48.6383503, -27.0461991, 1.0],
                        [-48.638268, -27.0461701, 1.0],
                        [-48.638197, -27.046147, 1.0],
                        [-48.6380994, -27.0461189, 1.0],
                        [-48.6380142, -27.0461021, 1.0],
                        [-48.6379312, -27.046095, 1.0],
                        [-48.6378375, -27.0460998, 1.0],
                        [-48.6374086, -27.0461372, 1.0]
                    ],
                    [
                        [-48.6391565, -27.048633, 1.0],
                        [-48.6395055, -27.049184, 1.0],
                        [-48.6396021, -27.0493153, 1.0],
                        [-48.6396772, -27.0493846, 1.0],
                        [-48.6398284, -27.049536, 1.0],
                        [-48.6398609, -27.0495683, 1.0],
                        [-48.6398901, -27.049605, 1.0],
                        [-48.6399048, -27.0496328, 1.0],
                        [-48.6399159, -27.0496749, 1.0],
                        [-48.6400171, -27.0503745, 1.0]
                    ],
                    [
                        [-48.6397983, -27.0359956, 1.0],
                        [-48.639451, -27.0362313, 1.0]
                    ],
                    [
                        [-48.639652, -27.0479872, 1.0],
                        [-48.6396152, -27.0478688, 1.0],
                        [-48.6395975, -27.0478184, 1.0],
                        [-48.6395586, -27.0477238, 1.0],
                        [-48.6394257, -27.0475631, 1.0],
                        [-48.6393342, -27.0475071, 1.0],
                        [-48.6392256, -27.0475224, 1.0],
                        [-48.6390255, -27.0475733, 1.0],
                        [-48.6387739, -27.0475988, 1.0],
                        [-48.6386764, -27.0475841, 1.0]
                    ],
                    [
                        [-48.639652, -27.0479872, 1.0],
                        [-48.6396124, -27.0479985, 1.0],
                        [-48.6395629, -27.048015, 1.0],
                        [-48.6395208, -27.0480319, 1.0],
                        [-48.6394693, -27.0480561, 1.0],
                        [-48.6394397, -27.0480766, 1.0],
                        [-48.639406, -27.0481092, 1.0],
                        [-48.6393527, -27.0481854, 1.0],
                        [-48.6393101, -27.0482563, 1.0],
                        [-48.6392761, -27.0483188, 1.0],
                        [-48.6392454, -27.0483859, 1.0],
                        [-48.6391565, -27.048633, 1.0]
                    ],
                    [
                        [-48.6394554, -27.0333491, 1.0],
                        [-48.6394247, -27.032948, 1.0]
                    ],
                    [
                        [-48.639451, -27.0362313, 1.0],
                        [-48.6391936, -27.0359629, 1.0]
                    ],
                    [
                        [-48.639451, -27.0362313, 1.0],
                        [-48.6391515, -27.0364341, 1.0],
                        [-48.6389088, -27.0365951, 1.0],
                        [-48.6387908, -27.0366751, 1.0],
                        [-48.6386863, -27.0367497, 1.0],
                        [-48.6385823, -27.0368267, 1.0],
                        [-48.6384961, -27.0368941, 1.0],
                        [-48.6384291, -27.0369492, 1.0],
                        [-48.6383553, -27.0370123, 1.0],
                        [-48.6381148, -27.0372342, 1.0],
                        [-48.6378434, -27.0374981, 1.0],
                        [-48.6376253, -27.0377056, 1.0],
                        [-48.6374188, -27.037903, 1.0],
                        [-48.6373209, -27.0379881, 1.0],
                        [-48.6372163, -27.0380728, 1.0],
                        [-48.6371039, -27.0381582, 1.0],
                        [-48.6369937, -27.03824, 1.0],
                        [-48.6369116, -27.0382995, 1.0],
                        [-48.6368338, -27.0383471, 1.0],
                        [-48.6367709, -27.0383855, 1.0],
                        [-48.6366809, -27.0384331, 1.0],
                        [-48.6365632, -27.0384867, 1.0],
                        [-48.6364063, -27.038553, 1.0],
                        [-48.6358191, -27.0387653, 1.0],
                        [-48.635744, -27.0387957, 1.0],
                        [-48.6356898, -27.0388205, 1.0],
                        [-48.6356426, -27.038845, 1.0],
                        [-48.6355864, -27.0388774, 1.0],
                        [-48.6355202, -27.0389225, 1.0],
                        [-48.6354632, -27.0389663, 1.0],
                        [-48.6354192, -27.0390069, 1.0],
                        [-48.6353701, -27.0390598, 1.0],
                        [-48.6353124, -27.0391302, 1.0],
                        [-48.6352852, -27.0391643, 1.0],
                        [-48.6352373, -27.039231, 1.0],
                        [-48.6352028, -27.0392873, 1.0],
                        [-48.6351671, -27.0393533, 1.0],
                        [-48.6351434, -27.0394031, 1.0],
                        [-48.6351194, -27.0394706, 1.0],
                        [-48.6350973, -27.0395421, 1.0],
                        [-48.63505, -27.0397151, 1.0],
                        [-48.6350252, -27.0398033, 1.0],
                        [-48.6349939, -27.0399217, 1.0],
                        [-48.6348912, -27.0403095, 1.0],
                        [-48.6348774, -27.0403614, 1.0],
                        [-48.6348219, -27.0405829, 1.0],
                        [-48.6346745, -27.0410967, 1.0],
                        [-48.6346389, -27.0412165, 1.0],
                        [-48.6345985, -27.0413385, 1.0],
                        [-48.6345611, -27.0414302, 1.0],
                        [-48.6345126, -27.0415344, 1.0],
                        [-48.6344672, -27.0416154, 1.0],
                        [-48.6344062, -27.0417094, 1.0],
                        [-48.6343504, -27.0417854, 1.0],
                        [-48.634298, -27.0418493, 1.0],
                        [-48.634223, -27.0419301, 1.0],
                        [-48.6340968, -27.04206, 1.0],
                        [-48.6340242, -27.0421377, 1.0],
                        [-48.6339592, -27.0422168, 1.0],
                        [-48.6339069, -27.0422894, 1.0],
                        [-48.6338455, -27.0423915, 1.0],
                        [-48.6338314, -27.0424255, 1.0],
                        [-48.6338098, -27.0424863, 1.0],
                        [-48.6337942, -27.0425425, 1.0],
                        [-48.6337826, -27.0425996, 1.0],
                        [-48.6337621, -27.0427479, 1.0],
                        [-48.6337389, -27.0428714, 1.0],
                        [-48.6337257, -27.0429266, 1.0],
                        [-48.6337084, -27.0429976, 1.0],
                        [-48.6336913, -27.0430475, 1.0]
                    ],
                    [
                        [-48.6391565, -27.048633, 1.0],
                        [-48.639131, -27.0487026, 1.0],
                        [-48.6391186, -27.0487522, 1.0],
                        [-48.6390931, -27.0488006, 1.0],
                        [-48.6390623, -27.0488513, 1.0],
                        [-48.6390294, -27.0488824, 1.0],
                        [-48.6389932, -27.0489098, 1.0],
                        [-48.6389503, -27.0489337, 1.0],
                        [-48.6388987, -27.0489594, 1.0],
                        [-48.6387927, -27.0489952, 1.0]
                    ],
                    [
                        [-48.6387927, -27.0489952, 1.0],
                        [-48.6384482, -27.0476424, 1.0],
                        [-48.6386764, -27.0475841, 1.0]
                    ],
                    [
                        [-48.6387927, -27.0489952, 1.0],
                        [-48.6387203, -27.0490126, 1.0],
                        [-48.63867, -27.0490203, 1.0],
                        [-48.6386137, -27.0490263, 1.0],
                        [-48.6385272, -27.0490275, 1.0],
                        [-48.6383991, -27.0490281, 1.0],
                        [-48.6383361, -27.0490251, 1.0],
                        [-48.6382844, -27.0490167, 1.0],
                        [-48.6382408, -27.0490054, 1.0],
                        [-48.6381758, -27.0489845, 1.0],
                        [-48.6378781, -27.048871, 1.0],
                        [-48.6377768, -27.0488262, 1.0],
                        [-48.6377218, -27.0488131, 1.0]
                    ],
                    [
                        [-48.6386764, -27.0475841, 1.0],
                        [-48.6385979, -27.0475207, 1.0],
                        [-48.6385116, -27.0474061, 1.0],
                        [-48.6384137, -27.0473187, 1.0],
                        [-48.6382021, -27.0472881, 1.0],
                        [-48.6376426, -27.0473262, 1.0],
                        [-48.6378152, -27.0482257, 1.0]
                    ],
                    [
                        [-48.6377218, -27.0488131, 1.0],
                        [-48.6378218, -27.0484682, 1.0],
                        [-48.6378359, -27.0484146, 1.0],
                        [-48.637843, -27.0483768, 1.0],
                        [-48.637843, -27.0483453, 1.0],
                        [-48.6378359, -27.0483106, 1.0],
                        [-48.6378152, -27.0482257, 1.0]
                    ],
                    [
                        [-48.6378152, -27.0482257, 1.0],
                        [-48.6372979, -27.0482843, 1.0]
                    ],
                    [
                        [-48.6377218, -27.0488131, 1.0],
                        [-48.6376635, -27.0488011, 1.0],
                        [-48.6375028, -27.0487814, 1.0]
                    ],
                    [
                        [-48.6375877, -27.0496546, 1.0],
                        [-48.6375028, -27.0487814, 1.0]
                    ],
                    [
                        [-48.6375028, -27.0487814, 1.0],
                        [-48.6374308, -27.0487725, 1.0],
                        [-48.6373329, -27.0487623, 1.0],
                        [-48.6372893, -27.0487528, 1.0],
                        [-48.6372498, -27.0487444, 1.0],
                        [-48.6371807, -27.0487235, 1.0],
                        [-48.6371096, -27.0486889, 1.0],
                        [-48.6369259, -27.0485897, 1.0],
                        [-48.6368682, -27.0485533, 1.0],
                        [-48.636826, -27.0485199, 1.0],
                        [-48.6367788, -27.0484725, 1.0],
                        [-48.6367373, -27.0484357, 1.0],
                        [-48.6366541, -27.0483618, 1.0]
                    ],
                    [
                        [-48.6374086, -27.0461372, 1.0],
                        [-48.6373429, -27.0456896, 1.0]
                    ],
                    [
                        [-48.6374086, -27.0461372, 1.0],
                        [-48.6371238, -27.0461655, 1.0],
                        [-48.6369998, -27.0461796, 1.0],
                        [-48.6369111, -27.0461916, 1.0],
                        [-48.6368529, -27.0461999, 1.0]
                    ],
                    [
                        [-48.6372147, -27.0431954, 1.0],
                        [-48.636631, -27.0431865, 1.0]
                    ],
                    [
                        [-48.6368492, -27.0430867, 1.0],
                        [-48.6372084, -27.0430912, 1.0],
                        [-48.6372147, -27.0431954, 1.0]
                    ],
                    [
                        [-48.6372147, -27.0431954, 1.0],
                        [-48.6373197, -27.0449464, 1.0],
                        [-48.6367009, -27.0450012, 1.0]
                    ],
                    [
                        [-48.6368529, -27.0461999, 1.0],
                        [-48.6368212, -27.0458535, 1.0],
                        [-48.636815, -27.0458096, 1.0],
                        [-48.6367873, -27.0456834, 1.0],
                        [-48.6367626, -27.0455105, 1.0]
                    ],
                    [
                        [-48.6368529, -27.0461999, 1.0],
                        [-48.6367971, -27.0462098, 1.0],
                        [-48.6367305, -27.0462247, 1.0],
                        [-48.6366546, -27.0462433, 1.0],
                        [-48.6359106, -27.0464946, 1.0]
                    ],
                    [
                        [-48.6366277, -27.043084, 1.0],
                        [-48.6368492, -27.0430867, 1.0]
                    ],
                    [
                        [-48.6368492, -27.0430867, 1.0],
                        [-48.636836, -27.0422311, 1.0]
                    ],
                    [
                        [-48.6366541, -27.0483618, 1.0],
                        [-48.6369011, -27.0482398, 1.0],
                        [-48.6369239, -27.0482129, 1.0],
                        [-48.6369279, -27.0481508, 1.0],
                        [-48.6367844, -27.0467784, 1.0]
                    ],
                    [
                        [-48.6367107, -27.0452159, 1.0],
                        [-48.6367009, -27.0450012, 1.0]
                    ],
                    [
                        [-48.6367009, -27.0450012, 1.0],
                        [-48.636631, -27.0431865, 1.0]
                    ],
                    [
                        [-48.6367009, -27.0450012, 1.0],
                        [-48.6359744, -27.0450655, 1.0]
                    ],
                    [
                        [-48.6366541, -27.0483618, 1.0],
                        [-48.6366065, -27.0483011, 1.0],
                        [-48.6365591, -27.0482296, 1.0],
                        [-48.6364022, -27.0479358, 1.0],
                        [-48.6363726, -27.0478967, 1.0],
                        [-48.6363391, -27.0478607, 1.0],
                        [-48.6363028, -27.0478289, 1.0],
                        [-48.636262, -27.0478029, 1.0],
                        [-48.6362184, -27.0477814, 1.0],
                        [-48.636166, -27.047757, 1.0],
                        [-48.6360421, -27.0477086, 1.0],
                        [-48.6359722, -27.0476839, 1.0],
                        [-48.6359014, -27.0476567, 1.0],
                        [-48.6358416, -27.047628, 1.0],
                        [-48.6357867, -27.0475962, 1.0],
                        [-48.6357409, -27.0475624, 1.0],
                        [-48.6356824, -27.0475076, 1.0],
                        [-48.6356387, -27.0474601, 1.0],
                        [-48.6355994, -27.0474002, 1.0],
                        [-48.6355667, -27.0473299, 1.0],
                        [-48.6355338, -27.0472265, 1.0]
                    ],
                    [
                        [-48.636631, -27.0431865, 1.0],
                        [-48.6356822, -27.0431714, 1.0]
                    ],
                    [
                        [-48.636631, -27.0431865, 1.0],
                        [-48.6366277, -27.043084, 1.0]
                    ],
                    [
                        [-48.6358921, -27.0430748, 1.0],
                        [-48.6366277, -27.043084, 1.0]
                    ],
                    [
                        [-48.6359744, -27.0450655, 1.0],
                        [-48.635983, -27.0452935, 1.0]
                    ],
                    [
                        [-48.6359744, -27.0450655, 1.0],
                        [-48.6356478, -27.0450945, 1.0]
                    ],
                    [
                        [-48.6359106, -27.0464946, 1.0],
                        [-48.6358652, -27.0463559, 1.0],
                        [-48.6358535, -27.0463226, 1.0],
                        [-48.6358348, -27.0462852, 1.0],
                        [-48.6358115, -27.0462519, 1.0],
                        [-48.6357718, -27.0462062, 1.0],
                        [-48.6357274, -27.0461687, 1.0]
                    ],
                    [
                        [-48.6359106, -27.0464946, 1.0],
                        [-48.6352746, -27.0466888, 1.0]
                    ],
                    [
                        [-48.6356838, -27.0430722, 1.0],
                        [-48.6358921, -27.0430748, 1.0]
                    ],
                    [
                        [-48.6358921, -27.0430748, 1.0],
                        [-48.6358396, -27.042356, 1.0]
                    ],
                    [
                        [-48.6355338, -27.0472265, 1.0],
                        [-48.6357929, -27.0471703, 1.0]
                    ],
                    [
                        [-48.6354768, -27.0470885, 1.0],
                        [-48.6357697, -27.0470296, 1.0]
                    ],
                    [
                        [-48.6351588, -27.0430657, 1.0],
                        [-48.6356838, -27.0430722, 1.0]
                    ],
                    [
                        [-48.6356822, -27.0431714, 1.0],
                        [-48.6356838, -27.0430722, 1.0]
                    ],
                    [
                        [-48.6356822, -27.0431714, 1.0],
                        [-48.6351571, -27.043163, 1.0]
                    ],
                    [
                        [-48.6356628, -27.0443297, 1.0],
                        [-48.6356822, -27.0431714, 1.0]
                    ],
                    [
                        [-48.6351371, -27.0443193, 1.0],
                        [-48.6356628, -27.0443297, 1.0]
                    ],
                    [
                        [-48.6356478, -27.0450945, 1.0],
                        [-48.6356628, -27.0443297, 1.0]
                    ],
                    [
                        [-48.6356478, -27.0450945, 1.0],
                        [-48.6351217, -27.0451411, 1.0]
                    ],
                    [
                        [-48.6355338, -27.0472265, 1.0],
                        [-48.6354768, -27.0470885, 1.0]
                    ],
                    [
                        [-48.6354768, -27.0470885, 1.0],
                        [-48.6354112, -27.0469258, 1.0],
                        [-48.6353578, -27.0468115, 1.0],
                        [-48.6353169, -27.0467446, 1.0],
                        [-48.6352746, -27.0466888, 1.0]
                    ],
                    [
                        [-48.6353803, -27.0675729, 1.0],
                        [-48.6353818, -27.0673197, 1.0],
                        [-48.6353737, -27.0670953, 1.0],
                        [-48.6353454, -27.0669386, 1.0],
                        [-48.6352817, -27.0668276, 1.0],
                        [-48.6351999, -27.0667088, 1.0],
                        [-48.635112, -27.066615, 1.0],
                        [-48.6350691, -27.0664968, 1.0],
                        [-48.6351295, -27.0660907, 1.0],
                        [-48.6350919, -27.0657313, 1.0],
                        [-48.6350785, -27.0656286, 1.0],
                        [-48.6350772, -27.0655295, 1.0],
                        [-48.6350946, -27.0653491, 1.0],
                        [-48.6350651, -27.0650924, 1.0],
                        [-48.6349833, -27.0647377, 1.0],
                        [-48.634931, -27.0645502, 1.0],
                        [-48.6348574, -27.0643946, 1.0],
                        [-48.6347151, -27.0641846, 1.0],
                        [-48.6346378, -27.0640072, 1.0],
                        [-48.6345281, -27.0637067, 1.0],
                        [-48.6344671, -27.0635836, 1.0],
                        [-48.6342638, -27.0633338, 1.0],
                        [-48.6340874, -27.0631207, 1.0],
                        [-48.6339828, -27.0628579, 1.0],
                        [-48.6338898, -27.0624831, 1.0],
                        [-48.633836, -27.0622715, 1.0],
                        [-48.6338326, -27.0621521, 1.0],
                        [-48.6338702, -27.0618249, 1.0],
                        [-48.6339183, -27.0615888, 1.0],
                        [-48.633967, -27.0613101, 1.0],
                        [-48.633967, -27.0611906, 1.0],
                        [-48.6337394, -27.0599597, 1.0]
                    ],
                    [
                        [-48.6352746, -27.0466888, 1.0],
                        [-48.6352315, -27.0466429, 1.0],
                        [-48.6351924, -27.0466102, 1.0],
                        [-48.6351616, -27.0465895, 1.0],
                        [-48.6351085, -27.0465627, 1.0],
                        [-48.6350609, -27.0465436, 1.0],
                        [-48.6350089, -27.0465315, 1.0],
                        [-48.6349568, -27.0465246, 1.0],
                        [-48.6349131, -27.0465235, 1.0],
                        [-48.6348616, -27.046529, 1.0],
                        [-48.6347246, -27.0465455, 1.0],
                        [-48.6346384, -27.0465539, 1.0],
                        [-48.634575, -27.0465575, 1.0],
                        [-48.634504, -27.0465604, 1.0],
                        [-48.6344374, -27.0465597, 1.0],
                        [-48.6343719, -27.0465518, 1.0],
                        [-48.6343073, -27.0465368, 1.0],
                        [-48.6342388, -27.0465134, 1.0],
                        [-48.6341528, -27.0464805, 1.0],
                        [-48.6340795, -27.0464493, 1.0],
                        [-48.633961, -27.0463939, 1.0],
                        [-48.633575, -27.0461858, 1.0]
                    ],
                    [
                        [-48.6351588, -27.0430657, 1.0],
                        [-48.6351715, -27.0423299, 1.0]
                    ],
                    [
                        [-48.6345276, -27.0430579, 1.0],
                        [-48.6351588, -27.0430657, 1.0]
                    ],
                    [
                        [-48.6351571, -27.043163, 1.0],
                        [-48.6351588, -27.0430657, 1.0]
                    ],
                    [
                        [-48.6351571, -27.043163, 1.0],
                        [-48.6345255, -27.043153, 1.0]
                    ],
                    [
                        [-48.6351371, -27.0443193, 1.0],
                        [-48.6351571, -27.043163, 1.0]
                    ],
                    [
                        [-48.6345005, -27.0443067, 1.0],
                        [-48.6351371, -27.0443193, 1.0]
                    ],
                    [
                        [-48.6351217, -27.0451411, 1.0],
                        [-48.6351371, -27.0443193, 1.0]
                    ],
                    [
                        [-48.6351217, -27.0451411, 1.0],
                        [-48.6344808, -27.0451978, 1.0],
                        [-48.6345005, -27.0443067, 1.0]
                    ],
                    [
                        [-48.6345276, -27.0430579, 1.0],
                        [-48.6345415, -27.0424142, 1.0]
                    ],
                    [
                        [-48.6336913, -27.0430475, 1.0],
                        [-48.6345276, -27.0430579, 1.0]
                    ],
                    [
                        [-48.6345255, -27.043153, 1.0],
                        [-48.6345276, -27.0430579, 1.0]
                    ],
                    [
                        [-48.6345255, -27.043153, 1.0],
                        [-48.6336604, -27.0431392, 1.0]
                    ],
                    [
                        [-48.6345005, -27.0443067, 1.0],
                        [-48.6345255, -27.043153, 1.0]
                    ],
                    [
                        [-48.6337394, -27.0599597, 1.0],
                        [-48.6336987, -27.0598257, 1.0],
                        [-48.633614, -27.0596704, 1.0],
                        [-48.633429, -27.0594029, 1.0],
                        [-48.6333485, -27.0593073, 1.0],
                        [-48.6332922, -27.0592333, 1.0],
                        [-48.6331259, -27.0590804, 1.0],
                        [-48.6328241, -27.0588415, 1.0],
                        [-48.6327477, -27.058783, 1.0]
                    ],
                    [
                        [-48.6337394, -27.0599597, 1.0],
                        [-48.6335376, -27.060043, 1.0],
                        [-48.6334062, -27.0601003, 1.0],
                        [-48.6332841, -27.0601099, 1.0],
                        [-48.6331514, -27.0600944, 1.0],
                        [-48.6329797, -27.0600418, 1.0],
                        [-48.6327785, -27.0600179, 1.0]
                    ],
                    [
                        [-48.6336913, -27.0430475, 1.0],
                        [-48.6336604, -27.0431392, 1.0]
                    ],
                    [
                        [-48.6336604, -27.0431392, 1.0],
                        [-48.6336554, -27.0431542, 1.0],
                        [-48.6336399, -27.0431886, 1.0],
                        [-48.6334815, -27.0435409, 1.0],
                        [-48.6334252, -27.0436645, 1.0],
                        [-48.6333996, -27.0437453, 1.0],
                        [-48.6333766, -27.0438165, 1.0],
                        [-48.6333556, -27.0438873, 1.0],
                        [-48.633336, -27.0439645, 1.0],
                        [-48.6333188, -27.0440526, 1.0],
                        [-48.6333114, -27.0440995, 1.0],
                        [-48.6333077, -27.0441594, 1.0],
                        [-48.6333089, -27.0442149, 1.0],
                        [-48.6333172, -27.0443219, 1.0],
                        [-48.6333391, -27.0445374, 1.0],
                        [-48.6333774, -27.0448048, 1.0],
                        [-48.633575, -27.0461858, 1.0]
                    ],
                    [
                        [-48.633575, -27.0461858, 1.0],
                        [-48.6335953, -27.0463756, 1.0],
                        [-48.6336037, -27.0464946, 1.0],
                        [-48.6336065, -27.0466192, 1.0],
                        [-48.6335999, -27.0467276, 1.0],
                        [-48.6335913, -27.0467996, 1.0],
                        [-48.633566, -27.046905, 1.0],
                        [-48.6335398, -27.0469829, 1.0],
                        [-48.6335043, -27.0470744, 1.0],
                        [-48.6334631, -27.0471617, 1.0],
                        [-48.6332005, -27.0476304, 1.0],
                        [-48.6330541, -27.047872, 1.0]
                    ],
                    [
                        [-48.6330541, -27.047872, 1.0],
                        [-48.6326898, -27.0477161, 1.0],
                        [-48.6326, -27.0476753, 1.0],
                        [-48.632524, -27.0476402, 1.0],
                        [-48.6324125, -27.0475913, 1.0],
                        [-48.6323135, -27.0475455, 1.0],
                        [-48.6322182, -27.0475066, 1.0],
                        [-48.6321215, -27.0474556, 1.0],
                        [-48.6320373, -27.0474006, 1.0],
                        [-48.6319387, -27.0473183, 1.0],
                        [-48.6317988, -27.047188, 1.0],
                        [-48.6316748, -27.0470889, 1.0],
                        [-48.6316245, -27.0470489, 1.0],
                        [-48.6315769, -27.0470191, 1.0],
                        [-48.6315414, -27.047, 1.0],
                        [-48.6315018, -27.0469826, 1.0],
                        [-48.6314535, -27.0469737, 1.0],
                        [-48.6314066, -27.0469695, 1.0],
                        [-48.6313583, -27.0469755, 1.0],
                        [-48.6312684, -27.046991, 1.0],
                        [-48.6307924, -27.0470961, 1.0],
                        [-48.6306421, -27.0471176, 1.0],
                        [-48.6305335, -27.0471248, 1.0],
                        [-48.6304557, -27.0471319, 1.0],
                        [-48.6303324, -27.0471403, 1.0],
                        [-48.630099, -27.0471475, 1.0],
                        [-48.6296658, -27.047169, 1.0],
                        [-48.628275, -27.0472656, 1.0],
                        [-48.6234672, -27.0476766, 1.0]
                    ],
                    [
                        [-48.6322723, -27.0501712, 1.0],
                        [-48.6325192, -27.0496861, 1.0],
                        [-48.6325871, -27.0495085, 1.0],
                        [-48.632631, -27.0493651, 1.0],
                        [-48.6326671, -27.0490302, 1.0],
                        [-48.6326725, -27.0487627, 1.0],
                        [-48.6327009, -27.0485454, 1.0],
                        [-48.632762, -27.0483682, 1.0],
                        [-48.6328595, -27.0481725, 1.0],
                        [-48.6330541, -27.047872, 1.0]
                    ],
                    [
                        [-48.6327477, -27.058783, 1.0],
                        [-48.6326484, -27.0587018, 1.0],
                        [-48.6325398, -27.0586027, 1.0],
                        [-48.6324929, -27.0585549, 1.0]
                    ],
                    [
                        [-48.6327477, -27.058783, 1.0],
                        [-48.6324378, -27.0588915, 1.0],
                        [-48.6323911, -27.0589024, 1.0],
                        [-48.632318, -27.0589169, 1.0]
                    ],
                    [
                        [-48.6324929, -27.0585549, 1.0],
                        [-48.6323709, -27.05842, 1.0],
                        [-48.6322161, -27.0582191, 1.0]
                    ],
                    [
                        [-48.6324929, -27.0585549, 1.0],
                        [-48.6318693, -27.058617, 1.0],
                        [-48.6316828, -27.0586313, 1.0],
                        [-48.6315823, -27.0586397, 1.0],
                        [-48.6315407, -27.0586552, 1.0],
                        [-48.6315112, -27.0586708, 1.0],
                        [-48.6313985, -27.0587747, 1.0],
                        [-48.6313489, -27.0588069, 1.0],
                        [-48.6312711, -27.0588284, 1.0],
                        [-48.6311434, -27.0588336, 1.0]
                    ],
                    [
                        [-48.6301991, -27.0537248, 1.0],
                        [-48.6309808, -27.0523764, 1.0],
                        [-48.6312787, -27.0518762, 1.0],
                        [-48.6318791, -27.0508813, 1.0],
                        [-48.6322723, -27.0501712, 1.0]
                    ],
                    [
                        [-48.6317021, -27.0502146, 1.0],
                        [-48.6322723, -27.0501712, 1.0]
                    ],
                    [
                        [-48.6322161, -27.0582191, 1.0],
                        [-48.6311701, -27.0568362, 1.0],
                        [-48.6309641, -27.0565841, 1.0],
                        [-48.6308381, -27.0564668, 1.0],
                        [-48.6307135, -27.0563812, 1.0],
                        [-48.6305533, -27.0563026, 1.0],
                        [-48.6303583, -27.0562181, 1.0],
                        [-48.6301632, -27.056101, 1.0],
                        [-48.6299763, -27.0559008, 1.0],
                        [-48.629811, -27.0556452, 1.0],
                        [-48.629685, -27.0554312, 1.0],
                        [-48.6295768, -27.0551603, 1.0],
                        [-48.6295591, -27.0549214, 1.0],
                        [-48.6296105, -27.0546943, 1.0],
                        [-48.6297242, -27.054477, 1.0],
                        [-48.6298321, -27.0543126, 1.0],
                        [-48.6298876, -27.0542263, 1.0],
                        [-48.6301991, -27.0537248, 1.0]
                    ],
                    [
                        [-48.6322161, -27.0582191, 1.0],
                        [-48.6315725, -27.0582577, 1.0]
                    ],
                    [
                        [-48.6318709, -27.0542889, 1.0],
                        [-48.6318267, -27.0540065, 1.0]
                    ],
                    [
                        [-48.6318267, -27.0540065, 1.0],
                        [-48.6315754, -27.0534489, 1.0]
                    ],
                    [
                        [-48.6318267, -27.0540065, 1.0],
                        [-48.6334692, -27.0538695, 1.0],
                        [-48.6335013, -27.0538576, 1.0],
                        [-48.6335267, -27.0538293, 1.0],
                        [-48.6337462, -27.0534101, 1.0],
                        [-48.6337524, -27.0533755, 1.0],
                        [-48.6337515, -27.0533416, 1.0],
                        [-48.6337391, -27.0533132, 1.0],
                        [-48.6337161, -27.0532935, 1.0],
                        [-48.6336887, -27.0532872, 1.0],
                        [-48.633644, -27.0532866, 1.0],
                        [-48.6315754, -27.0534489, 1.0]
                    ],
                    [
                        [-48.6316869, -27.0500661, 1.0],
                        [-48.6317021, -27.0502146, 1.0]
                    ],
                    [
                        [-48.6317021, -27.0502146, 1.0],
                        [-48.6317281, -27.0504692, 1.0],
                        [-48.6317011, -27.0505139, 1.0],
                        [-48.6316557, -27.0505313, 1.0],
                        [-48.6294018, -27.0507177, 1.0]
                    ],
                    [
                        [-48.6293175, -27.0498141, 1.0],
                        [-48.6315684, -27.0496303, 1.0],
                        [-48.6316152, -27.0496393, 1.0],
                        [-48.6316477, -27.0496834, 1.0],
                        [-48.6316869, -27.0500661, 1.0]
                    ],
                    [
                        [-48.6316869, -27.0500661, 1.0],
                        [-48.6293592, -27.0502613, 1.0]
                    ],
                    [
                        [-48.6315754, -27.0534489, 1.0],
                        [-48.6315471, -27.0530993, 1.0]
                    ],
                    [
                        [-48.6315754, -27.0534489, 1.0],
                        [-48.6310374, -27.0535009, 1.0],
                        [-48.6309871, -27.0535075, 1.0],
                        [-48.6309372, -27.0535194, 1.0],
                        [-48.63089, -27.0535437, 1.0],
                        [-48.6307484, -27.0536643, 1.0],
                        [-48.6307018, -27.0536889, 1.0],
                        [-48.6306477, -27.0536988, 1.0],
                        [-48.6301991, -27.0537248, 1.0]
                    ],
                    [
                        [-48.6294018, -27.0507177, 1.0],
                        [-48.6294175, -27.0508856, 1.0]
                    ],
                    [
                        [-48.6293592, -27.0502613, 1.0],
                        [-48.6294018, -27.0507177, 1.0]
                    ],
                    [
                        [-48.6294018, -27.0507177, 1.0],
                        [-48.6277615, -27.0508535, 1.0]
                    ],
                    [
                        [-48.6293175, -27.0498141, 1.0],
                        [-48.6293592, -27.0502613, 1.0]
                    ],
                    [
                        [-48.6293592, -27.0502613, 1.0],
                        [-48.6277907, -27.0503928, 1.0],
                        [-48.6277372, -27.0504216, 1.0],
                        [-48.627721, -27.0504763, 1.0],
                        [-48.6277615, -27.0508535, 1.0]
                    ],
                    [
                        [-48.6277321, -27.0499435, 1.0],
                        [-48.6293175, -27.0498141, 1.0]
                    ],
                    [
                        [-48.6277615, -27.0508535, 1.0],
                        [-48.6278121, -27.0513244, 1.0],
                        [-48.6278411, -27.0513709, 1.0],
                        [-48.6279059, -27.0513848, 1.0],
                        [-48.6291105, -27.0512606, 1.0]
                    ]
                ]
            }
        },
        {
            "type": "Feature",
            "properties": {
                "SETOR": "T05 (GG)",
                "FREQUENCIA": "SEG - QUA - SEX",
                "TURNO": "TARDE",
                "HORARIO": "14:20 ÀS 22:35",
                "OPERACAO": "DOMICILIAR",
                "FILIAL": "CAMBORIÚ"
            },
            "geometry": {
                "type": "MultiLineString",
                "coordinates": [
                    [
                        [-48.6696462, -27.0065411, 1.0],
                        [-48.6695397, -27.0065119, 1.0],
                        [-48.6693679, -27.0064649, 1.0],
                        [-48.6693217, -27.0064444, 1.0],
                        [-48.669281, -27.0064163, 1.0]
                    ],
                    [
                        [-48.6691036, -27.0069482, 1.0],
                        [-48.6693979, -27.0070263, 1.0],
                        [-48.6694762, -27.0070471, 1.0]
                    ],
                    [
                        [-48.6689314, -27.0074644, 1.0],
                        [-48.6693036, -27.0075606, 1.0]
                    ],
                    [
                        [-48.669281, -27.0064163, 1.0],
                        [-48.6692493, -27.0063714, 1.0],
                        [-48.6692243, -27.0063431, 1.0],
                        [-48.6691924, -27.0063214, 1.0],
                        [-48.668888, -27.0062276, 1.0],
                        [-48.6688199, -27.0062066, 1.0],
                        [-48.6687843, -27.0063182, 1.0],
                        [-48.668681, -27.0066425, 1.0]
                    ],
                    [
                        [-48.669281, -27.0064163, 1.0],
                        [-48.6691036, -27.0069482, 1.0]
                    ],
                    [
                        [-48.6687469, -27.0080174, 1.0],
                        [-48.6691196, -27.0081078, 1.0]
                    ],
                    [
                        [-48.6691036, -27.0069482, 1.0],
                        [-48.6689314, -27.0074644, 1.0]
                    ],
                    [
                        [-48.6689314, -27.0074644, 1.0],
                        [-48.6687469, -27.0080174, 1.0]
                    ],
                    [
                        [-48.6684286, -27.0074428, 1.0],
                        [-48.668279, -27.0079038, 1.0],
                        [-48.6687469, -27.0080174, 1.0]
                    ],
                    [
                        [-48.6684286, -27.0074428, 1.0],
                        [-48.668125, -27.0073451, 1.0],
                        [-48.6680905, -27.0071131, 1.0],
                        [-48.6681039, -27.007005, 1.0],
                        [-48.6681528, -27.0067224, 1.0],
                        [-48.6681763, -27.0066209, 1.0],
                        [-48.6681933, -27.0065939, 1.0],
                        [-48.6682181, -27.0065722, 1.0],
                        [-48.6682487, -27.0065575, 1.0],
                        [-48.6682826, -27.0065511, 1.0],
                        [-48.6683171, -27.0065534, 1.0],
                        [-48.668681, -27.0066425, 1.0]
                    ],
                    [
                        [-48.668681, -27.0066425, 1.0],
                        [-48.6684286, -27.0074428, 1.0]
                    ],
                    [
                        [-48.6615774, -26.9927975, 1.0],
                        [-48.6626542, -26.9934884, 1.0]
                    ],
                    [
                        [-48.6601277, -27.0254769, 1.0],
                        [-48.6613638, -27.0253244, 1.0]
                    ],
                    [
                        [-48.6612688, -27.0246358, 1.0],
                        [-48.6589274, -27.0249111, 1.0]
                    ],
                    [
                        [-48.6601277, -27.0254769, 1.0],
                        [-48.6601644, -27.0257388, 1.0]
                    ],
                    [
                        [-48.6590619, -27.0256084, 1.0],
                        [-48.6601277, -27.0254769, 1.0]
                    ],
                    [
                        [-48.6543005, -27.0382796, 1.0],
                        [-48.6542898, -27.0383955, 1.0],
                        [-48.6542791, -27.0385126, 1.0],
                        [-48.6542362, -27.0387551, 1.0],
                        [-48.6542349, -27.0388041, 1.0],
                        [-48.6542362, -27.0388793, 1.0],
                        [-48.654251, -27.0389749, 1.0],
                        [-48.6543126, -27.0391744, 1.0],
                        [-48.6543944, -27.0394336, 1.0],
                        [-48.6544261, -27.0395406, 1.0],
                        [-48.6544294, -27.0396345, 1.0],
                        [-48.6544481, -27.0398385, 1.0],
                        [-48.6544602, -27.0399544, 1.0],
                        [-48.6544749, -27.0400392, 1.0],
                        [-48.6544964, -27.0401001, 1.0],
                        [-48.6545138, -27.040161, 1.0],
                        [-48.6545554, -27.0402339, 1.0],
                        [-48.6546285, -27.0403156, 1.0],
                        [-48.6546975, -27.0403689, 1.0],
                        [-48.6547981, -27.0404214, 1.0],
                        [-48.6550811, -27.0405397, 1.0]
                    ],
                    [
                        [-48.654762, -27.0450168, 1.0],
                        [-48.6547029, -27.0445017, 1.0]
                    ],
                    [
                        [-48.654762, -27.0450168, 1.0],
                        [-48.6549057, -27.0461133, 1.0],
                        [-48.6549143, -27.046224, 1.0],
                        [-48.654913, -27.0463292, 1.0],
                        [-48.6548187, -27.0474659, 1.0],
                        [-48.6544324, -27.0474947, 1.0],
                        [-48.6543774, -27.0474935, 1.0],
                        [-48.6542957, -27.0474907, 1.0],
                        [-48.6541235, -27.0474735, 1.0]
                    ],
                    [
                        [-48.654762, -27.0450168, 1.0],
                        [-48.653767, -27.0451443, 1.0]
                    ],
                    [
                        [-48.6541235, -27.0474735, 1.0],
                        [-48.6538115, -27.0474487, 1.0],
                        [-48.6537016, -27.0474392, 1.0],
                        [-48.6536336, -27.0474274, 1.0],
                        [-48.6535613, -27.0474068, 1.0],
                        [-48.6534932, -27.047379, 1.0],
                        [-48.6534004, -27.0473336, 1.0]
                    ],
                    [
                        [-48.6541235, -27.0474735, 1.0],
                        [-48.6540925, -27.0472707, 1.0]
                    ],
                    [
                        [-48.6540925, -27.0472707, 1.0],
                        [-48.6540102, -27.0467332, 1.0]
                    ],
                    [
                        [-48.6534004, -27.0473336, 1.0],
                        [-48.6540925, -27.0472707, 1.0]
                    ],
                    [
                        [-48.6540102, -27.0467332, 1.0],
                        [-48.653929, -27.046203, 1.0]
                    ],
                    [
                        [-48.6530848, -27.0468351, 1.0],
                        [-48.6540102, -27.0467332, 1.0]
                    ],
                    [
                        [-48.653929, -27.046203, 1.0],
                        [-48.653848, -27.0456738, 1.0]
                    ],
                    [
                        [-48.6527745, -27.046346, 1.0],
                        [-48.653929, -27.046203, 1.0]
                    ],
                    [
                        [-48.653848, -27.0456738, 1.0],
                        [-48.653767, -27.0451443, 1.0]
                    ],
                    [
                        [-48.6522573, -27.0458738, 1.0],
                        [-48.653848, -27.0456738, 1.0]
                    ],
                    [
                        [-48.653767, -27.0451443, 1.0],
                        [-48.6520545, -27.0453678, 1.0]
                    ],
                    [
                        [-48.6534004, -27.0473336, 1.0],
                        [-48.653368, -27.0473139, 1.0],
                        [-48.6533328, -27.0472877, 1.0],
                        [-48.6532996, -27.0472533, 1.0],
                        [-48.6532662, -27.0472124, 1.0],
                        [-48.653239, -27.047164, 1.0],
                        [-48.6531796, -27.0470215, 1.0],
                        [-48.6530848, -27.0468351, 1.0]
                    ],
                    [
                        [-48.6530848, -27.0468351, 1.0],
                        [-48.6529532, -27.0465865, 1.0],
                        [-48.6529279, -27.0465415, 1.0],
                        [-48.6529026, -27.0465002, 1.0],
                        [-48.6528732, -27.046459, 1.0],
                        [-48.6528395, -27.0464177, 1.0],
                        [-48.6527745, -27.046346, 1.0]
                    ],
                    [
                        [-48.6527745, -27.046346, 1.0],
                        [-48.6527047, -27.046279, 1.0],
                        [-48.6526429, -27.046225, 1.0],
                        [-48.6524587, -27.0460768, 1.0],
                        [-48.6523908, -27.0460188, 1.0],
                        [-48.6523247, -27.0459536, 1.0],
                        [-48.6522573, -27.0458738, 1.0]
                    ],
                    [
                        [-48.6522573, -27.0458738, 1.0],
                        [-48.652213, -27.0458098, 1.0],
                        [-48.6521729, -27.0457278, 1.0],
                        [-48.6521351, -27.0456408, 1.0],
                        [-48.6521025, -27.0455461, 1.0],
                        [-48.652072, -27.0454521, 1.0],
                        [-48.6520545, -27.0453678, 1.0]
                    ],
                    [
                        [-48.6520545, -27.0453678, 1.0],
                        [-48.651971, -27.0451563, 1.0],
                        [-48.6519455, -27.0451037, 1.0],
                        [-48.6519078, -27.0450401, 1.0],
                        [-48.651877, -27.044999, 1.0],
                        [-48.6518513, -27.0449651, 1.0]
                    ],
                    [
                        [-48.6513608, -26.9997054, 1.0],
                        [-48.6515312, -26.9995477, 1.0]
                    ],
                    [
                        [-48.6515225, -26.9998072, 1.0],
                        [-48.6513608, -26.9997054, 1.0]
                    ],
                    [
                        [-48.6514829, -27.0002682, 1.0],
                        [-48.6510631, -27.0000256, 1.0]
                    ],
                    [
                        [-48.6513608, -26.9997054, 1.0],
                        [-48.6508178, -26.9993441, 1.0]
                    ],
                    [
                        [-48.6510631, -27.0000256, 1.0],
                        [-48.6513608, -26.9997054, 1.0]
                    ],
                    [
                        [-48.6510631, -27.0000256, 1.0],
                        [-48.6500885, -26.9994665, 1.0],
                        [-48.6499787, -26.9993985, 1.0],
                        [-48.6498999, -26.9993463, 1.0]
                    ],
                    [
                        [-48.6501958, -27.0193708, 1.0],
                        [-48.6500365, -27.0193716, 1.0],
                        [-48.6487976, -27.0192687, 1.0],
                        [-48.6486892, -27.0192652, 1.0],
                        [-48.6486476, -27.0189612, 1.0]
                    ],
                    [
                        [-48.6498999, -26.9993463, 1.0],
                        [-48.6498211, -26.999284, 1.0],
                        [-48.649782537138059, -26.999252107056527, 1.0]
                    ],
                    [
                        [-48.6481033, -27.0010169, 1.0],
                        [-48.6483263, -27.000767, 1.0],
                        [-48.648647, -27.0004075, 1.0],
                        [-48.6487408, -27.0003178, 1.0],
                        [-48.6489647, -27.0001301, 1.0],
                        [-48.6498999, -26.9993463, 1.0]
                    ],
                    [
                        [-48.6491114, -27.0189262, 1.0],
                        [-48.648735, -27.0189546, 1.0],
                        [-48.6486476, -27.0189612, 1.0]
                    ],
                    [
                        [-48.6490632, -27.018488, 1.0],
                        [-48.648692, -27.0185241, 1.0],
                        [-48.6485978, -27.0185332, 1.0]
                    ],
                    [
                        [-48.6490117, -27.0180703, 1.0],
                        [-48.6486456, -27.0181077, 1.0],
                        [-48.6485472, -27.0181178, 1.0]
                    ],
                    [
                        [-48.6489891, -27.0163576, 1.0],
                        [-48.6484139, -27.0164297, 1.0],
                        [-48.6483417, -27.0164457, 1.0]
                    ],
                    [
                        [-48.648968, -27.0176774, 1.0],
                        [-48.6485655, -27.0177158, 1.0],
                        [-48.6484969, -27.0177177, 1.0]
                    ],
                    [
                        [-48.6489148, -27.0171936, 1.0],
                        [-48.6485091, -27.0172337, 1.0],
                        [-48.6484397, -27.0172405, 1.0]
                    ],
                    [
                        [-48.6488367, -27.0167208, 1.0],
                        [-48.6484524, -27.0167534, 1.0],
                        [-48.6483833, -27.0167593, 1.0]
                    ],
                    [
                        [-48.6486476, -27.0189612, 1.0],
                        [-48.6485978, -27.0185332, 1.0]
                    ],
                    [
                        [-48.6485978, -27.0185332, 1.0],
                        [-48.6485472, -27.0181178, 1.0]
                    ],
                    [
                        [-48.6485472, -27.0181178, 1.0],
                        [-48.6485168, -27.0178805, 1.0],
                        [-48.6484969, -27.0177177, 1.0]
                    ],
                    [
                        [-48.6484969, -27.0177177, 1.0],
                        [-48.6484397, -27.0172405, 1.0]
                    ],
                    [
                        [-48.6484397, -27.0172405, 1.0],
                        [-48.6483833, -27.0167593, 1.0]
                    ],
                    [
                        [-48.6483833, -27.0167593, 1.0],
                        [-48.6483632, -27.0165827, 1.0],
                        [-48.6483417, -27.0164457, 1.0]
                    ],
                    [
                        [-48.6483417, -27.0164457, 1.0],
                        [-48.6483146, -27.0161787, 1.0]
                    ],
                    [
                        [-48.6483417, -27.0164457, 1.0],
                        [-48.6477371, -27.0164923, 1.0]
                    ],
                    [
                        [-48.6480457, -27.0390853, 1.0],
                        [-48.6477555, -27.0391405, 1.0],
                        [-48.6473671, -27.0392161, 1.0],
                        [-48.6472971, -27.0392252, 1.0],
                        [-48.6472361, -27.0392275, 1.0],
                        [-48.6470478, -27.0392267, 1.0],
                        [-48.6468217, -27.0392231, 1.0],
                        [-48.6466524, -27.0392221, 1.0],
                        [-48.6465359, -27.0392246, 1.0],
                        [-48.6464316, -27.0392284, 1.0],
                        [-48.6463612, -27.0392304, 1.0],
                        [-48.6461396, -27.0392367, 1.0],
                        [-48.6460589, -27.0392367, 1.0],
                        [-48.6459852, -27.0392335, 1.0],
                        [-48.6459169, -27.039227, 1.0],
                        [-48.6458169, -27.0392118, 1.0],
                        [-48.6457526, -27.0391971, 1.0],
                        [-48.6456533, -27.0391704, 1.0],
                        [-48.6455705, -27.0391438, 1.0],
                        [-48.6450457, -27.0389366, 1.0],
                        [-48.6449267, -27.0388854, 1.0],
                        [-48.6448459, -27.038848, 1.0],
                        [-48.6447239, -27.0387885, 1.0],
                        [-48.6446164, -27.0387279, 1.0],
                        [-48.6444021, -27.0385943, 1.0],
                        [-48.6441604, -27.0384465, 1.0],
                        [-48.6439776, -27.0383332, 1.0],
                        [-48.6438934, -27.038285, 1.0],
                        [-48.6436838, -27.0381742, 1.0],
                        [-48.6436096, -27.0381413, 1.0],
                        [-48.6434813, -27.0380959, 1.0]
                    ],
                    [
                        [-48.6468049, -27.0194648, 1.0],
                        [-48.6471148, -27.019435, 1.0],
                        [-48.647449, -27.0194028, 1.0],
                        [-48.6475419, -27.0193939, 1.0]
                    ],
                    [
                        [-48.6470935, -27.0217145, 1.0],
                        [-48.6475055, -27.0216732, 1.0]
                    ],
                    [
                        [-48.647026, -27.0211887, 1.0],
                        [-48.6474357, -27.0211475, 1.0]
                    ],
                    [
                        [-48.6474213, -27.0242363, 1.0],
                        [-48.6473405, -27.0236405, 1.0],
                        [-48.6471915, -27.0224793, 1.0],
                        [-48.6471601, -27.0222342, 1.0],
                        [-48.6470935, -27.0217145, 1.0]
                    ],
                    [
                        [-48.6473595, -27.0179845, 1.0],
                        [-48.646643, -27.0180491, 1.0]
                    ],
                    [
                        [-48.647172, -27.0165355, 1.0],
                        [-48.6464572, -27.0165911, 1.0]
                    ],
                    [
                        [-48.6470935, -27.0217145, 1.0],
                        [-48.647026, -27.0211887, 1.0]
                    ],
                    [
                        [-48.647026, -27.0211887, 1.0],
                        [-48.647022, -27.0211571, 1.0]
                    ],
                    [
                        [-48.647022, -27.0211571, 1.0],
                        [-48.646976, -27.020799, 1.0]
                    ],
                    [
                        [-48.647022, -27.0211571, 1.0],
                        [-48.6470841, -27.0210604, 1.0],
                        [-48.6470626, -27.0208741, 1.0],
                        [-48.646976, -27.020799, 1.0]
                    ],
                    [
                        [-48.646976, -27.020799, 1.0],
                        [-48.6469543, -27.0206295, 1.0],
                        [-48.6468978, -27.0201892, 1.0],
                        [-48.6468195, -27.0195786, 1.0],
                        [-48.6468049, -27.0194648, 1.0]
                    ],
                    [
                        [-48.6468049, -27.0194648, 1.0],
                        [-48.6468137, -27.0193885, 1.0],
                        [-48.646643, -27.0180491, 1.0]
                    ],
                    [
                        [-48.646643, -27.0180491, 1.0],
                        [-48.6464572, -27.0165911, 1.0]
                    ],
                    [
                        [-48.6464572, -27.0165911, 1.0],
                        [-48.6464066, -27.0161937, 1.0]
                    ],
                    [
                        [-48.6464572, -27.0165911, 1.0],
                        [-48.6461084, -27.016618, 1.0]
                    ],
                    [
                        [-48.6460071, -27.0297332, 1.0],
                        [-48.6453294, -27.0297723, 1.0]
                    ],
                    [
                        [-48.6453985, -27.0302954, 1.0],
                        [-48.6454659, -27.0308561, 1.0],
                        [-48.6455695, -27.0317241, 1.0]
                    ],
                    [
                        [-48.6453294, -27.0297723, 1.0],
                        [-48.6453985, -27.0302954, 1.0]
                    ],
                    [
                        [-48.6453985, -27.0302954, 1.0],
                        [-48.6440872, -27.0304234, 1.0]
                    ],
                    [
                        [-48.6452573, -27.0292239, 1.0],
                        [-48.6453294, -27.0297723, 1.0]
                    ],
                    [
                        [-48.6453294, -27.0297723, 1.0],
                        [-48.6442118, -27.0298477, 1.0]
                    ],
                    [
                        [-48.6452053, -27.0286487, 1.0],
                        [-48.6452573, -27.0292239, 1.0]
                    ],
                    [
                        [-48.6444062, -27.0293, 1.0],
                        [-48.6452573, -27.0292239, 1.0]
                    ],
                    [
                        [-48.6443739, -27.029026, 1.0],
                        [-48.644886, -27.0289787, 1.0]
                    ],
                    [
                        [-48.6443739, -27.029026, 1.0],
                        [-48.6443509, -27.0288306, 1.0],
                        [-48.6443603, -27.0287864, 1.0],
                        [-48.6444072, -27.0287481, 1.0],
                        [-48.6448176, -27.0287063, 1.0]
                    ],
                    [
                        [-48.6444062, -27.0293, 1.0],
                        [-48.6443739, -27.029026, 1.0]
                    ],
                    [
                        [-48.6443653, -27.0293036, 1.0],
                        [-48.6444062, -27.0293, 1.0]
                    ]
                ]
            }
        },
        {
            "type": "Feature",
            "properties": {
                "SETOR": "T06 (GG)",
                "FREQUENCIA": "TER - QUI - SAB",
                "TURNO": "TARDE",
                "HORARIO": "14:20 ÀS 22:35",
                "OPERACAO": "DOMICILIAR",
                "FILIAL": "CAMBORIÚ"
            },
            "geometry": {
                "type": "MultiLineString",
                "coordinates": [
                    [
                        [-48.6702139, -27.0329875, 1.0],
                        [-48.6708163, -27.0329257, 1.0],
                        [-48.6709262, -27.0329185, 1.0],
                        [-48.6710215, -27.0329173, 1.0],
                        [-48.6711341, -27.0329269, 1.0],
                        [-48.6716478, -27.0330368, 1.0]
                    ],
                    [
                        [-48.6712798, -27.0396855, 1.0],
                        [-48.6715206, -27.0397062, 1.0]
                    ],
                    [
                        [-48.6711332, -27.0387577, 1.0],
                        [-48.6713821, -27.0387234, 1.0]
                    ],
                    [
                        [-48.6705951, -27.0388325, 1.0],
                        [-48.670724, -27.0396376, 1.0],
                        [-48.6712798, -27.0396855, 1.0]
                    ],
                    [
                        [-48.6712798, -27.0396855, 1.0],
                        [-48.6711332, -27.0387577, 1.0]
                    ],
                    [
                        [-48.6711332, -27.0387577, 1.0],
                        [-48.6708327, -27.0368717, 1.0]
                    ],
                    [
                        [-48.6705951, -27.0388325, 1.0],
                        [-48.6711332, -27.0387577, 1.0]
                    ],
                    [
                        [-48.6708327, -27.0368717, 1.0],
                        [-48.6710787, -27.0368402, 1.0]
                    ],
                    [
                        [-48.6708327, -27.0368717, 1.0],
                        [-48.6705749, -27.0352537, 1.0],
                        [-48.6702139, -27.0329875, 1.0]
                    ],
                    [
                        [-48.6702921, -27.0369408, 1.0],
                        [-48.6708327, -27.0368717, 1.0]
                    ],
                    [
                        [-48.6702921, -27.0369408, 1.0],
                        [-48.6705951, -27.0388325, 1.0]
                    ],
                    [
                        [-48.6696833, -27.0331386, 1.0],
                        [-48.6699789, -27.0349844, 1.0],
                        [-48.6702921, -27.0369408, 1.0]
                    ],
                    [
                        [-48.6702139, -27.0329875, 1.0],
                        [-48.6698779, -27.030879, 1.0]
                    ],
                    [
                        [-48.6696701, -27.0330562, 1.0],
                        [-48.6702139, -27.0329875, 1.0]
                    ],
                    [
                        [-48.6698779, -27.030879, 1.0],
                        [-48.6701236, -27.0308457, 1.0]
                    ],
                    [
                        [-48.6698779, -27.030879, 1.0],
                        [-48.6696286, -27.0293141, 1.0]
                    ],
                    [
                        [-48.6693328, -27.0309497, 1.0],
                        [-48.6698779, -27.030879, 1.0]
                    ],
                    [
                        [-48.6696286, -27.0293141, 1.0],
                        [-48.6698666, -27.0292859, 1.0]
                    ],
                    [
                        [-48.6694114, -27.0279507, 1.0],
                        [-48.669699, -27.0279117, 1.0]
                    ],
                    [
                        [-48.6696701, -27.0330562, 1.0],
                        [-48.6696833, -27.0331386, 1.0]
                    ],
                    [
                        [-48.6692945, -27.0331754, 1.0],
                        [-48.6696833, -27.0331386, 1.0]
                    ],
                    [
                        [-48.6693328, -27.0309497, 1.0],
                        [-48.6693616, -27.03113, 1.0],
                        [-48.6693773, -27.0312276, 1.0],
                        [-48.6696701, -27.0330562, 1.0]
                    ],
                    [
                        [-48.6696286, -27.0293141, 1.0],
                        [-48.6694114, -27.0279507, 1.0]
                    ],
                    [
                        [-48.6690813, -27.0293793, 1.0],
                        [-48.6696286, -27.0293141, 1.0]
                    ],
                    [
                        [-48.6694114, -27.0279507, 1.0],
                        [-48.669188, -27.0265483, 1.0]
                    ],
                    [
                        [-48.6688641, -27.0280229, 1.0],
                        [-48.6694114, -27.0279507, 1.0]
                    ],
                    [
                        [-48.669188, -27.0265483, 1.0],
                        [-48.6694011, -27.0265198, 1.0]
                    ],
                    [
                        [-48.6691222, -27.0296347, 1.0],
                        [-48.6693328, -27.0309497, 1.0]
                    ],
                    [
                        [-48.6686393, -27.0266187, 1.0],
                        [-48.669188, -27.0265483, 1.0]
                    ],
                    [
                        [-48.6690813, -27.0293793, 1.0],
                        [-48.6691222, -27.0296347, 1.0]
                    ],
                    [
                        [-48.6691222, -27.0296347, 1.0],
                        [-48.6686848, -27.02969, 1.0]
                    ],
                    [
                        [-48.6688641, -27.0280229, 1.0],
                        [-48.6690813, -27.0293793, 1.0]
                    ],
                    [
                        [-48.6686393, -27.0266187, 1.0],
                        [-48.6688641, -27.0280229, 1.0]
                    ],
                    [
                        [-48.6684672, -27.0255441, 1.0],
                        [-48.6686393, -27.0266187, 1.0]
                    ],
                    [
                        [-48.6606352, -27.0032148, 1.0],
                        [-48.6612315, -27.0036341, 1.0],
                        [-48.6613253, -27.0036928, 1.0],
                        [-48.6614142, -27.0037351, 1.0],
                        [-48.6615901, -27.0037923, 1.0]
                    ],
                    [
                        [-48.6611379, -27.0042937, 1.0],
                        [-48.6602416, -27.0036906, 1.0]
                    ],
                    [
                        [-48.6606352, -27.0032148, 1.0],
                        [-48.6606743, -27.0031675, 1.0],
                        [-48.6608041, -27.0030105, 1.0],
                        [-48.660832, -27.0029768, 1.0]
                    ],
                    [
                        [-48.6606352, -27.0032148, 1.0],
                        [-48.6588282, -27.0019972, 1.0]
                    ],
                    [
                        [-48.6606352, -27.0032148, 1.0],
                        [-48.6602416, -27.0036906, 1.0]
                    ],
                    [
                        [-48.6602416, -27.0036906, 1.0],
                        [-48.658563, -27.0025611, 1.0]
                    ],
                    [
                        [-48.6590197, -27.0017573, 1.0],
                        [-48.6588282, -27.0019972, 1.0]
                    ],
                    [
                        [-48.6588282, -27.0019972, 1.0],
                        [-48.6571313, -27.0008531, 1.0]
                    ],
                    [
                        [-48.6588282, -27.0019972, 1.0],
                        [-48.658563, -27.0025611, 1.0]
                    ],
                    [
                        [-48.658563, -27.0025611, 1.0],
                        [-48.6567698, -27.0013432, 1.0]
                    ],
                    [
                        [-48.658563, -27.0025611, 1.0],
                        [-48.658454, -27.0028062, 1.0],
                        [-48.6583934, -27.0028985, 1.0],
                        [-48.658284, -27.0030293, 1.0],
                        [-48.6580973, -27.0032508, 1.0]
                    ],
                    [
                        [-48.6573605, -27.0005867, 1.0],
                        [-48.6571313, -27.0008531, 1.0]
                    ],
                    [
                        [-48.6571313, -27.0008531, 1.0],
                        [-48.65586, -27.0000102, 1.0]
                    ],
                    [
                        [-48.6571313, -27.0008531, 1.0],
                        [-48.6567698, -27.0013432, 1.0]
                    ],
                    [
                        [-48.6567698, -27.0013432, 1.0],
                        [-48.6554457, -27.0004542, 1.0]
                    ],
                    [
                        [-48.6567698, -27.0013432, 1.0],
                        [-48.6564361, -27.0018127, 1.0]
                    ],
                    [
                        [-48.656114, -26.9997131, 1.0],
                        [-48.65586, -27.0000102, 1.0]
                    ],
                    [
                        [-48.65586, -27.0000102, 1.0],
                        [-48.654095, -26.998824, 1.0]
                    ],
                    [
                        [-48.65586, -27.0000102, 1.0],
                        [-48.6554457, -27.0004542, 1.0]
                    ],
                    [
                        [-48.6554457, -27.0004542, 1.0],
                        [-48.6533821, -26.9990869, 1.0]
                    ],
                    [
                        [-48.6356665, -27.0386297, 1.0],
                        [-48.6358191, -27.0387653, 1.0]
                    ],
                    [
                        [-48.6356665, -27.0386297, 1.0],
                        [-48.6354876, -27.0386177, 1.0],
                        [-48.6352839, -27.0385854, 1.0]
                    ],
                    [
                        [-48.6352146, -27.0382044, 1.0],
                        [-48.63529, -27.0382691, 1.0],
                        [-48.6354027, -27.0383729, 1.0],
                        [-48.6355529, -27.0385203, 1.0],
                        [-48.6356665, -27.0386297, 1.0]
                    ],
                    [
                        [-48.6352839, -27.0385854, 1.0],
                        [-48.6353701, -27.0390598, 1.0]
                    ],
                    [
                        [-48.6352146, -27.0382044, 1.0],
                        [-48.6352839, -27.0385854, 1.0]
                    ],
                    [
                        [-48.6345595, -27.03784, 1.0],
                        [-48.6347047, -27.0379036, 1.0],
                        [-48.6347607, -27.0379306, 1.0],
                        [-48.6348253, -27.037962, 1.0],
                        [-48.634911, -27.0380091, 1.0],
                        [-48.6350692, -27.0381033, 1.0],
                        [-48.6351474, -27.0381541, 1.0],
                        [-48.6352146, -27.0382044, 1.0]
                    ],
                    [
                        [-48.6337645, -27.0396902, 1.0],
                        [-48.6340352, -27.0396591, 1.0],
                        [-48.6341992, -27.039644, 1.0],
                        [-48.6342928, -27.0396395, 1.0],
                        [-48.6343972, -27.0396375, 1.0],
                        [-48.6346065, -27.0396453, 1.0],
                        [-48.6346898, -27.0396524, 1.0],
                        [-48.6348667, -27.0396806, 1.0],
                        [-48.63505, -27.0397151, 1.0]
                    ],
                    [
                        [-48.6345595, -27.03784, 1.0],
                        [-48.634558, -27.0383476, 1.0],
                        [-48.6346801, -27.0394662, 1.0]
                    ],
                    [
                        [-48.6340042, -27.0375286, 1.0],
                        [-48.634088, -27.037588, 1.0],
                        [-48.6342056, -27.0376676, 1.0],
                        [-48.6342685, -27.0377053, 1.0],
                        [-48.6343191, -27.0377323, 1.0],
                        [-48.6343978, -27.0377684, 1.0],
                        [-48.6345595, -27.03784, 1.0]
                    ],
                    [
                        [-48.6340042, -27.0375286, 1.0],
                        [-48.6342415, -27.0392219, 1.0]
                    ],
                    [
                        [-48.633799, -27.0373374, 1.0],
                        [-48.6338451, -27.037387, 1.0],
                        [-48.6338973, -27.0374379, 1.0],
                        [-48.6339558, -27.0374899, 1.0],
                        [-48.6340042, -27.0375286, 1.0]
                    ],
                    [
                        [-48.633799, -27.0373374, 1.0],
                        [-48.6337204, -27.0372549, 1.0],
                        [-48.6335547, -27.0370766, 1.0],
                        [-48.6334861, -27.0370033, 1.0],
                        [-48.6334117, -27.0369337, 1.0],
                        [-48.6333304, -27.0368739, 1.0],
                        [-48.6327171, -27.0371465, 1.0]
                    ],
                    [
                        [-48.633799, -27.0373374, 1.0],
                        [-48.6335758, -27.0379773, 1.0],
                        [-48.6335469, -27.0380863, 1.0],
                        [-48.6335322, -27.0381522, 1.0],
                        [-48.633529, -27.0382151, 1.0],
                        [-48.6335331, -27.0382914, 1.0],
                        [-48.6335471, -27.0383961, 1.0],
                        [-48.6337645, -27.0396902, 1.0]
                    ],
                    [
                        [-48.6337645, -27.0396902, 1.0],
                        [-48.6335771, -27.0397172, 1.0],
                        [-48.633341, -27.0397554, 1.0],
                        [-48.6330835, -27.0398032, 1.0]
                    ],
                    [
                        [-48.6312939, -27.0430266, 1.0],
                        [-48.6316721, -27.0432565, 1.0],
                        [-48.6317208, -27.0432724, 1.0],
                        [-48.6328218, -27.0433305, 1.0],
                        [-48.6329031, -27.043345, 1.0],
                        [-48.6329682, -27.0433667, 1.0],
                        [-48.6330251, -27.0434007, 1.0],
                        [-48.6330791, -27.0434609, 1.0],
                        [-48.6331509, -27.0435307, 1.0],
                        [-48.6332269, -27.0435873, 1.0],
                        [-48.6334252, -27.0436645, 1.0]
                    ],
                    [
                        [-48.6333391, -27.0445374, 1.0],
                        [-48.6321755, -27.044627, 1.0],
                        [-48.6318752, -27.0446502, 1.0],
                        [-48.6317648, -27.0446508, 1.0],
                        [-48.631645, -27.0446376, 1.0],
                        [-48.6315555, -27.0446237, 1.0],
                        [-48.6314222, -27.0445934, 1.0],
                        [-48.6312638, -27.0445433, 1.0],
                        [-48.6310505, -27.0444674, 1.0],
                        [-48.630921, -27.0444109, 1.0],
                        [-48.6308906, -27.0443977, 1.0],
                        [-48.6307391, -27.0443224, 1.0],
                        [-48.6306621, -27.0442784, 1.0],
                        [-48.6305712, -27.0442339, 1.0],
                        [-48.6303201, -27.0440733, 1.0],
                        [-48.6302318, -27.0440228, 1.0],
                        [-48.6301553, -27.0439798, 1.0],
                        [-48.6300829, -27.0439416, 1.0],
                        [-48.6300038, -27.0438974, 1.0]
                    ],
                    [
                        [-48.6333114, -27.0440995, 1.0],
                        [-48.6321941, -27.0441906, 1.0]
                    ],
                    [
                        [-48.6329908, -27.038983, 1.0],
                        [-48.6330835, -27.0398032, 1.0]
                    ],
                    [
                        [-48.6330835, -27.0398032, 1.0],
                        [-48.6328582, -27.039851, 1.0]
                    ],
                    [
                        [-48.6328582, -27.039851, 1.0],
                        [-48.6330648, -27.0417454, 1.0]
                    ],
                    [
                        [-48.6327171, -27.0371465, 1.0],
                        [-48.6329908, -27.038983, 1.0]
                    ],
                    [
                        [-48.6329908, -27.038983, 1.0],
                        [-48.6323762, -27.0390457, 1.0]
                    ],
                    [
                        [-48.6328582, -27.039851, 1.0],
                        [-48.6324619, -27.0399481, 1.0]
                    ],
                    [
                        [-48.6327171, -27.0371465, 1.0],
                        [-48.6321269, -27.0374514, 1.0]
                    ],
                    [
                        [-48.6325364, -27.0407325, 1.0],
                        [-48.6325881, -27.0412766, 1.0]
                    ],
                    [
                        [-48.6325881, -27.0412766, 1.0],
                        [-48.6326758, -27.0421994, 1.0],
                        [-48.6321817, -27.0422514, 1.0]
                    ],
                    [
                        [-48.6325881, -27.0412766, 1.0],
                        [-48.6320418, -27.041291, 1.0]
                    ],
                    [
                        [-48.6324619, -27.0399481, 1.0],
                        [-48.6325364, -27.0407325, 1.0]
                    ],
                    [
                        [-48.6325364, -27.0407325, 1.0],
                        [-48.6319678, -27.0407442, 1.0]
                    ],
                    [
                        [-48.6323762, -27.0390457, 1.0],
                        [-48.6324619, -27.0399481, 1.0]
                    ],
                    [
                        [-48.6321269, -27.0374514, 1.0],
                        [-48.6323762, -27.0390457, 1.0]
                    ],
                    [
                        [-48.6323762, -27.0390457, 1.0],
                        [-48.6317418, -27.0391104, 1.0]
                    ],
                    [
                        [-48.6321817, -27.0422514, 1.0],
                        [-48.6320418, -27.041291, 1.0]
                    ],
                    [
                        [-48.6321817, -27.0422514, 1.0],
                        [-48.6317858, -27.042293, 1.0]
                    ],
                    [
                        [-48.6321269, -27.0374514, 1.0],
                        [-48.6315501, -27.037743, 1.0]
                    ],
                    [
                        [-48.6320418, -27.041291, 1.0],
                        [-48.6316247, -27.0413028, 1.0]
                    ],
                    [
                        [-48.6317418, -27.0391104, 1.0],
                        [-48.6319678, -27.0407442, 1.0]
                    ],
                    [
                        [-48.6319678, -27.0407442, 1.0],
                        [-48.6315395, -27.0407543, 1.0]
                    ],
                    [
                        [-48.6316247, -27.0413028, 1.0],
                        [-48.6317858, -27.042293, 1.0]
                    ],
                    [
                        [-48.6312249, -27.0428947, 1.0],
                        [-48.6317858, -27.042293, 1.0]
                    ],
                    [
                        [-48.6317858, -27.042293, 1.0],
                        [-48.6311421, -27.0423608, 1.0]
                    ],
                    [
                        [-48.6316649, -27.0385652, 1.0],
                        [-48.6317418, -27.0391104, 1.0]
                    ],
                    [
                        [-48.6317418, -27.0391104, 1.0],
                        [-48.631312, -27.0391543, 1.0]
                    ],
                    [
                        [-48.6315501, -27.037743, 1.0],
                        [-48.6316649, -27.0385652, 1.0]
                    ],
                    [
                        [-48.6306298, -27.0386764, 1.0],
                        [-48.6316649, -27.0385652, 1.0]
                    ],
                    [
                        [-48.6316247, -27.0413028, 1.0],
                        [-48.6309959, -27.0413206, 1.0]
                    ],
                    [
                        [-48.6315501, -27.037743, 1.0],
                        [-48.6310893, -27.0379484, 1.0],
                        [-48.6308981, -27.0380362, 1.0],
                        [-48.6305562, -27.038211, 1.0]
                    ],
                    [
                        [-48.6315395, -27.0407543, 1.0],
                        [-48.631312, -27.0391543, 1.0]
                    ],
                    [
                        [-48.6315395, -27.0407543, 1.0],
                        [-48.6309184, -27.0407689, 1.0]
                    ],
                    [
                        [-48.631312, -27.0391543, 1.0],
                        [-48.6307013, -27.0392166, 1.0]
                    ],
                    [
                        [-48.6312939, -27.0430266, 1.0],
                        [-48.631139, -27.0430018, 1.0]
                    ],
                    [
                        [-48.6312249, -27.0428947, 1.0],
                        [-48.6312939, -27.0430266, 1.0]
                    ],
                    [
                        [-48.6311421, -27.0423608, 1.0],
                        [-48.6312249, -27.0428947, 1.0]
                    ],
                    [
                        [-48.631139, -27.0430018, 1.0],
                        [-48.6312249, -27.0428947, 1.0]
                    ],
                    [
                        [-48.6309959, -27.0413206, 1.0],
                        [-48.6311421, -27.0423608, 1.0]
                    ],
                    [
                        [-48.6311421, -27.0423608, 1.0],
                        [-48.6310455, -27.0423709, 1.0]
                    ],
                    [
                        [-48.631139, -27.0430018, 1.0],
                        [-48.6310455, -27.0423709, 1.0]
                    ],
                    [
                        [-48.6305784, -27.0435156, 1.0],
                        [-48.6306732, -27.0435087, 1.0],
                        [-48.631139, -27.0430018, 1.0]
                    ],
                    [
                        [-48.6310455, -27.0423709, 1.0],
                        [-48.6308892, -27.0413236, 1.0]
                    ],
                    [
                        [-48.6310455, -27.0423709, 1.0],
                        [-48.6304274, -27.042436, 1.0]
                    ],
                    [
                        [-48.6309184, -27.0407689, 1.0],
                        [-48.6309959, -27.0413206, 1.0]
                    ],
                    [
                        [-48.6309959, -27.0413206, 1.0],
                        [-48.6308892, -27.0413236, 1.0]
                    ],
                    [
                        [-48.6307013, -27.0392166, 1.0],
                        [-48.6309184, -27.0407689, 1.0]
                    ],
                    [
                        [-48.6309184, -27.0407689, 1.0],
                        [-48.6308142, -27.0407713, 1.0]
                    ],
                    [
                        [-48.6308892, -27.0413236, 1.0],
                        [-48.6308142, -27.0407713, 1.0]
                    ],
                    [
                        [-48.6308892, -27.0413236, 1.0],
                        [-48.6302853, -27.0413408, 1.0]
                    ],
                    [
                        [-48.6308142, -27.0407713, 1.0],
                        [-48.6305967, -27.0392273, 1.0]
                    ],
                    [
                        [-48.6308142, -27.0407713, 1.0],
                        [-48.630187, -27.0407861, 1.0]
                    ],
                    [
                        [-48.6306298, -27.0386764, 1.0],
                        [-48.6307013, -27.0392166, 1.0]
                    ],
                    [
                        [-48.6307013, -27.0392166, 1.0],
                        [-48.6305967, -27.0392273, 1.0]
                    ],
                    [
                        [-48.6305562, -27.038211, 1.0],
                        [-48.6306298, -27.0386764, 1.0]
                    ],
                    [
                        [-48.6305967, -27.0392273, 1.0],
                        [-48.6304986, -27.0385389, 1.0],
                        [-48.6304546, -27.0382575, 1.0]
                    ],
                    [
                        [-48.6305967, -27.0392273, 1.0],
                        [-48.6299939, -27.0392888, 1.0]
                    ],
                    [
                        [-48.6304274, -27.042436, 1.0],
                        [-48.6305784, -27.0435156, 1.0]
                    ],
                    [
                        [-48.6299677, -27.043573, 1.0],
                        [-48.6305784, -27.0435156, 1.0]
                    ],
                    [
                        [-48.6305562, -27.038211, 1.0],
                        [-48.6304546, -27.0382575, 1.0]
                    ],
                    [
                        [-48.6304546, -27.0382575, 1.0],
                        [-48.6298876, -27.0385626, 1.0]
                    ],
                    [
                        [-48.6302853, -27.0413408, 1.0],
                        [-48.6304274, -27.042436, 1.0]
                    ],
                    [
                        [-48.6304274, -27.042436, 1.0],
                        [-48.6298197, -27.0424999, 1.0]
                    ],
                    [
                        [-48.6302853, -27.0413408, 1.0],
                        [-48.6296648, -27.0413584, 1.0]
                    ],
                    [
                        [-48.630187, -27.0407861, 1.0],
                        [-48.6299939, -27.0392888, 1.0]
                    ],
                    [
                        [-48.630187, -27.0407861, 1.0],
                        [-48.6295833, -27.0408003, 1.0]
                    ],
                    [
                        [-48.6300038, -27.0438974, 1.0],
                        [-48.6299072, -27.0438795, 1.0],
                        [-48.6298201, -27.0438771, 1.0],
                        [-48.6297382, -27.0438842, 1.0],
                        [-48.6296068, -27.0438854, 1.0],
                        [-48.6294927, -27.0438893, 1.0]
                    ],
                    [
                        [-48.6300038, -27.0438974, 1.0],
                        [-48.6299677, -27.043573, 1.0]
                    ],
                    [
                        [-48.6299939, -27.0392888, 1.0],
                        [-48.6298876, -27.0385626, 1.0]
                    ],
                    [
                        [-48.6299939, -27.0392888, 1.0],
                        [-48.629382, -27.0393512, 1.0]
                    ],
                    [
                        [-48.6299677, -27.043573, 1.0],
                        [-48.6299155, -27.0431878, 1.0]
                    ],
                    [
                        [-48.6299155, -27.0431878, 1.0],
                        [-48.6298673, -27.0431598, 1.0],
                        [-48.6298456, -27.0431158, 1.0],
                        [-48.6298302, -27.0430497, 1.0],
                        [-48.629755, -27.0425067, 1.0]
                    ],
                    [
                        [-48.6298197, -27.0424999, 1.0],
                        [-48.6299155, -27.0431878, 1.0]
                    ],
                    [
                        [-48.6298876, -27.0385626, 1.0],
                        [-48.6293072, -27.038836, 1.0]
                    ],
                    [
                        [-48.6296648, -27.0413584, 1.0],
                        [-48.6298197, -27.0424999, 1.0]
                    ],
                    [
                        [-48.6298197, -27.0424999, 1.0],
                        [-48.629755, -27.0425067, 1.0]
                    ],
                    [
                        [-48.629755, -27.0425067, 1.0],
                        [-48.6295949, -27.0413604, 1.0]
                    ],
                    [
                        [-48.629755, -27.0425067, 1.0],
                        [-48.6291133, -27.0425742, 1.0]
                    ],
                    [
                        [-48.6295833, -27.0408003, 1.0],
                        [-48.6296648, -27.0413584, 1.0]
                    ],
                    [
                        [-48.6296648, -27.0413584, 1.0],
                        [-48.6295949, -27.0413604, 1.0]
                    ],
                    [
                        [-48.6295949, -27.0413604, 1.0],
                        [-48.6295191, -27.0408018, 1.0]
                    ],
                    [
                        [-48.6295949, -27.0413604, 1.0],
                        [-48.6289568, -27.0413785, 1.0]
                    ],
                    [
                        [-48.629382, -27.0393512, 1.0],
                        [-48.6295833, -27.0408003, 1.0]
                    ],
                    [
                        [-48.6295833, -27.0408003, 1.0],
                        [-48.6295191, -27.0408018, 1.0]
                    ],
                    [
                        [-48.6292611, -27.0436482, 1.0],
                        [-48.6295776, -27.043613, 1.0]
                    ],
                    [
                        [-48.6294927, -27.0438893, 1.0],
                        [-48.6295626, -27.0447407, 1.0]
                    ],
                    [
                        [-48.6295191, -27.0408018, 1.0],
                        [-48.6293195, -27.0393576, 1.0]
                    ],
                    [
                        [-48.6295191, -27.0408018, 1.0],
                        [-48.6288783, -27.0408169, 1.0]
                    ],
                    [
                        [-48.6294927, -27.0438893, 1.0],
                        [-48.6292903, -27.0438962, 1.0]
                    ],
                    [
                        [-48.6293072, -27.038836, 1.0],
                        [-48.629382, -27.0393512, 1.0]
                    ],
                    [
                        [-48.629382, -27.0393512, 1.0],
                        [-48.6293195, -27.0393576, 1.0]
                    ],
                    [
                        [-48.6293195, -27.0393576, 1.0],
                        [-48.6292482, -27.0388612, 1.0]
                    ],
                    [
                        [-48.6293195, -27.0393576, 1.0],
                        [-48.6286837, -27.0394224, 1.0]
                    ],
                    [
                        [-48.6293072, -27.038836, 1.0],
                        [-48.6292482, -27.0388612, 1.0]
                    ],
                    [
                        [-48.6292903, -27.0438962, 1.0],
                        [-48.6292611, -27.0436482, 1.0]
                    ],
                    [
                        [-48.6292903, -27.0438962, 1.0],
                        [-48.6286233, -27.0439204, 1.0],
                        [-48.6284525, -27.0439256, 1.0]
                    ],
                    [
                        [-48.6292611, -27.0436482, 1.0],
                        [-48.6291133, -27.0425742, 1.0]
                    ],
                    [
                        [-48.6286003, -27.0437196, 1.0],
                        [-48.6292611, -27.0436482, 1.0]
                    ],
                    [
                        [-48.6292482, -27.0388612, 1.0],
                        [-48.6286377, -27.0391026, 1.0]
                    ],
                    [
                        [-48.6291133, -27.0425742, 1.0],
                        [-48.6289568, -27.0413785, 1.0]
                    ],
                    [
                        [-48.6291133, -27.0425742, 1.0],
                        [-48.6284461, -27.0426444, 1.0]
                    ],
                    [
                        [-48.6289568, -27.0413785, 1.0],
                        [-48.6282675, -27.0413987, 1.0]
                    ],
                    [
                        [-48.6288783, -27.0408169, 1.0],
                        [-48.6286837, -27.0394224, 1.0]
                    ],
                    [
                        [-48.6288783, -27.0408169, 1.0],
                        [-48.6281864, -27.0408331, 1.0]
                    ],
                    [
                        [-48.6286837, -27.0394224, 1.0],
                        [-48.6286377, -27.0391026, 1.0]
                    ],
                    [
                        [-48.6286377, -27.0391026, 1.0],
                        [-48.6284259, -27.0391718, 1.0],
                        [-48.6283291, -27.0391968, 1.0],
                        [-48.6282279, -27.0392175, 1.0],
                        [-48.6279596, -27.0392611, 1.0]
                    ],
                    [
                        [-48.6286003, -27.0437196, 1.0],
                        [-48.6285292, -27.043224, 1.0]
                    ],
                    [
                        [-48.6284525, -27.0439256, 1.0],
                        [-48.6285679, -27.0438139, 1.0],
                        [-48.6285939, -27.0437739, 1.0],
                        [-48.6286003, -27.0437196, 1.0]
                    ],
                    [
                        [-48.6285292, -27.043224, 1.0],
                        [-48.6284461, -27.0426444, 1.0]
                    ],
                    [
                        [-48.6285292, -27.043224, 1.0],
                        [-48.627284, -27.0433625, 1.0]
                    ],
                    [
                        [-48.6284525, -27.0439256, 1.0],
                        [-48.6271137, -27.0440455, 1.0],
                        [-48.6267757, -27.044067, 1.0],
                        [-48.6265719, -27.0440813, 1.0],
                        [-48.6263949, -27.0440885, 1.0],
                        [-48.6261991, -27.0440933, 1.0],
                        [-48.6259764, -27.044098, 1.0],
                        [-48.6258289, -27.0441004, 1.0],
                        [-48.6256143, -27.0441076, 1.0],
                        [-48.6250913, -27.0441602, 1.0],
                        [-48.6248526, -27.0441793, 1.0],
                        [-48.6246863, -27.0441912, 1.0],
                        [-48.6244449, -27.0442151, 1.0]
                    ],
                    [
                        [-48.6284461, -27.0426444, 1.0],
                        [-48.6283681, -27.0421, 1.0]
                    ],
                    [
                        [-48.6284461, -27.0426444, 1.0],
                        [-48.6272063, -27.0427749, 1.0]
                    ],
                    [
                        [-48.6283681, -27.0421, 1.0],
                        [-48.6282675, -27.0413987, 1.0]
                    ],
                    [
                        [-48.6283681, -27.0421, 1.0],
                        [-48.6271321, -27.0422544, 1.0]
                    ],
                    [
                        [-48.6282675, -27.0413987, 1.0],
                        [-48.6281864, -27.0408331, 1.0]
                    ],
                    [
                        [-48.6282675, -27.0413987, 1.0],
                        [-48.6270204, -27.0414334, 1.0]
                    ],
                    [
                        [-48.6281864, -27.0408331, 1.0],
                        [-48.6279596, -27.0392611, 1.0]
                    ],
                    [
                        [-48.6281864, -27.0408331, 1.0],
                        [-48.6275543, -27.040848, 1.0]
                    ],
                    [
                        [-48.6279596, -27.0392611, 1.0],
                        [-48.6273363, -27.039358, 1.0]
                    ],
                    [
                        [-48.6273363, -27.039358, 1.0],
                        [-48.6275543, -27.040848, 1.0]
                    ],
                    [
                        [-48.6275543, -27.040848, 1.0],
                        [-48.6269327, -27.0408626, 1.0]
                    ],
                    [
                        [-48.6273363, -27.039358, 1.0],
                        [-48.6271899, -27.0393797, 1.0],
                        [-48.6271086, -27.0393942, 1.0],
                        [-48.6270517, -27.0394159, 1.0],
                        [-48.6267527, -27.0395991, 1.0]
                    ],
                    [
                        [-48.6272063, -27.0427749, 1.0],
                        [-48.627284, -27.0433625, 1.0]
                    ],
                    [
                        [-48.6270204, -27.0414334, 1.0],
                        [-48.6263779, -27.0414516, 1.0],
                        [-48.626664, -27.0434315, 1.0],
                        [-48.627284, -27.0433625, 1.0]
                    ],
                    [
                        [-48.6271321, -27.0422544, 1.0],
                        [-48.6272063, -27.0427749, 1.0]
                    ],
                    [
                        [-48.6270204, -27.0414334, 1.0],
                        [-48.6271321, -27.0422544, 1.0]
                    ],
                    [
                        [-48.6269327, -27.0408626, 1.0],
                        [-48.6270204, -27.0414334, 1.0]
                    ],
                    [
                        [-48.6267527, -27.0395991, 1.0],
                        [-48.6269327, -27.0408626, 1.0]
                    ],
                    [
                        [-48.6267527, -27.0395991, 1.0],
                        [-48.6261707, -27.0399586, 1.0],
                        [-48.626294, -27.0408776, 1.0],
                        [-48.6269327, -27.0408626, 1.0]
                    ]
                ]
            }
        },
        {
            "type": "Feature",
            "properties": {
                "SETOR": "N01",
                "FREQUENCIA": "SEG - QUA - SEX",
                "TURNO": "NOITE",
                "HORARIO": "22:35 ÀS 06:07",
                "OPERACAO": "DOMICILIAR",
                "FILIAL": "CAMBORIÚ"
            },
            "geometry": {
                "type": "MultiLineString",
                "coordinates": [
                    [
                        [-48.6704287, -27.021211, 1.0],
                        [-48.6701452, -27.0208302, 1.0],
                        [-48.6698577, -27.0204439, 1.0],
                        [-48.6695425, -27.019915, 1.0],
                        [-48.6693128, -27.0194213, 1.0],
                        [-48.6692593, -27.0193317, 1.0],
                        [-48.6691947, -27.0192543, 1.0],
                        [-48.6691133, -27.0191833, 1.0],
                        [-48.6689914, -27.019096, 1.0],
                        [-48.6688488, -27.0190009, 1.0],
                        [-48.6686494, -27.0189016, 1.0],
                        [-48.6685733, -27.0188644, 1.0],
                        [-48.668387, -27.0187946, 1.0],
                        [-48.6676624, -27.0185539, 1.0]
                    ],
                    [
                        [-48.6691667, -27.0164344, 1.0],
                        [-48.6692525, -27.0162719, 1.0],
                        [-48.6693692, -27.0160043, 1.0],
                        [-48.669451, -27.0158932, 1.0],
                        [-48.6696669, -27.0157988, 1.0],
                        [-48.6698708, -27.0157809, 1.0]
                    ],
                    [
                        [-48.6691667, -27.0164344, 1.0],
                        [-48.6692539, -27.0160342, 1.0],
                        [-48.6693679, -27.0156328, 1.0]
                    ],
                    [
                        [-48.6676624, -27.0185539, 1.0],
                        [-48.6678672, -27.0183723, 1.0],
                        [-48.6680965, -27.0181608, 1.0],
                        [-48.6683446, -27.0179267, 1.0],
                        [-48.668565, -27.0176875, 1.0],
                        [-48.6688265, -27.0171716, 1.0],
                        [-48.6690809, -27.0166005, 1.0],
                        [-48.6691667, -27.0164344, 1.0]
                    ],
                    [
                        [-48.6676624, -27.0185539, 1.0],
                        [-48.6671968, -27.0184154, 1.0],
                        [-48.667068, -27.0183808, 1.0],
                        [-48.6669558, -27.0183525, 1.0],
                        [-48.6668086, -27.0183151, 1.0],
                        [-48.6666897, -27.0182888, 1.0],
                        [-48.6660946, -27.0181778, 1.0],
                        [-48.6660164, -27.018157, 1.0],
                        [-48.6659464, -27.0181342, 1.0],
                        [-48.6658603, -27.0180977, 1.0],
                        [-48.6657916, -27.0180611, 1.0],
                        [-48.6657271, -27.0180172, 1.0],
                        [-48.6655911, -27.0178801, 1.0],
                        [-48.66535, -27.017628, 1.0],
                        [-48.6652946, -27.0175792, 1.0],
                        [-48.6652472, -27.0175492, 1.0],
                        [-48.6652065, -27.0175269, 1.0],
                        [-48.665155, -27.0175081, 1.0],
                        [-48.665113, -27.0174994, 1.0],
                        [-48.6650649, -27.0174967, 1.0],
                        [-48.6650123, -27.0175065, 1.0],
                        [-48.6649574, -27.0175258, 1.0],
                        [-48.6649076, -27.017553, 1.0],
                        [-48.6648592, -27.0175906, 1.0],
                        [-48.6648194, -27.0176335, 1.0],
                        [-48.6647269, -27.0177644, 1.0],
                        [-48.6646225, -27.017932, 1.0],
                        [-48.6645335, -27.0180789, 1.0],
                        [-48.6644879, -27.0181389, 1.0],
                        [-48.6644448, -27.0181882, 1.0],
                        [-48.6643644, -27.0182647, 1.0],
                        [-48.6642756, -27.0183396, 1.0],
                        [-48.6641269, -27.0184571, 1.0]
                    ],
                    [
                        [-48.6650657, -27.0190269, 1.0],
                        [-48.6649995, -27.0193472, 1.0]
                    ],
                    [
                        [-48.6641269, -27.0184571, 1.0],
                        [-48.6649995, -27.0193472, 1.0]
                    ],
                    [
                        [-48.6649995, -27.0193472, 1.0],
                        [-48.6648407, -27.0200211, 1.0]
                    ],
                    [
                        [-48.6636705, -27.0187947, 1.0],
                        [-48.6648407, -27.0200211, 1.0]
                    ],
                    [
                        [-48.6648407, -27.0200211, 1.0],
                        [-48.6646721, -27.0206546, 1.0]
                    ],
                    [
                        [-48.6638498, -27.0198235, 1.0],
                        [-48.6646721, -27.0206546, 1.0]
                    ],
                    [
                        [-48.6646721, -27.0206546, 1.0],
                        [-48.6646583, -27.0207176, 1.0]
                    ],
                    [
                        [-48.6646583, -27.0207176, 1.0],
                        [-48.6646057, -27.0209291, 1.0]
                    ],
                    [
                        [-48.6635587, -27.0201434, 1.0],
                        [-48.663412, -27.020358, 1.0],
                        [-48.663398, -27.0203998, 1.0],
                        [-48.66341, -27.0204374, 1.0],
                        [-48.6635468, -27.0205664, 1.0],
                        [-48.6635743, -27.0206011, 1.0],
                        [-48.6635897, -27.0206542, 1.0],
                        [-48.6636112, -27.0206937, 1.0],
                        [-48.6636467, -27.0207211, 1.0],
                        [-48.6637283, -27.0207544, 1.0],
                        [-48.6638103, -27.0207743, 1.0],
                        [-48.6639004, -27.020779, 1.0],
                        [-48.6639763, -27.0207756, 1.0],
                        [-48.6646583, -27.0207176, 1.0]
                    ],
                    [
                        [-48.6641269, -27.0184571, 1.0],
                        [-48.6636705, -27.0187947, 1.0]
                    ],
                    [
                        [-48.6632826, -27.019078, 1.0],
                        [-48.6635866, -27.0195547, 1.0],
                        [-48.6636143, -27.0195911, 1.0],
                        [-48.6638498, -27.0198235, 1.0]
                    ],
                    [
                        [-48.6638498, -27.0198235, 1.0],
                        [-48.6635587, -27.0201434, 1.0]
                    ],
                    [
                        [-48.6635587, -27.0201434, 1.0],
                        [-48.6638241, -27.0204611, 1.0]
                    ],
                    [
                        [-48.6636705, -27.0187947, 1.0],
                        [-48.6635036, -27.0189163, 1.0],
                        [-48.6634029, -27.0189897, 1.0],
                        [-48.6632826, -27.019078, 1.0]
                    ],
                    [
                        [-48.6632826, -27.019078, 1.0],
                        [-48.662761, -27.0194836, 1.0],
                        [-48.6626853, -27.0195269, 1.0],
                        [-48.6625886, -27.0195711, 1.0],
                        [-48.6623392, -27.0196447, 1.0],
                        [-48.6621677, -27.0196872, 1.0],
                        [-48.6620555, -27.0197078, 1.0],
                        [-48.6619177, -27.0197266, 1.0],
                        [-48.6617555, -27.0197386, 1.0],
                        [-48.6613662, -27.0197621, 1.0],
                        [-48.6600796, -27.0198492, 1.0],
                        [-48.6599096, -27.0198536, 1.0],
                        [-48.6597913, -27.0198459, 1.0],
                        [-48.659652, -27.0198315, 1.0],
                        [-48.6595328, -27.0198075, 1.0],
                        [-48.6593524, -27.0197728, 1.0],
                        [-48.658718, -27.0196104, 1.0],
                        [-48.6574767, -27.0193061, 1.0],
                        [-48.6572623, -27.0192536, 1.0]
                    ],
                    [
                        [-48.6587961, -27.0242345, 1.0],
                        [-48.6620071, -27.0238632, 1.0]
                    ],
                    [
                        [-48.6614748, -27.0225782, 1.0],
                        [-48.6603786, -27.0227144, 1.0]
                    ],
                    [
                        [-48.6611645, -27.0220802, 1.0],
                        [-48.6603074, -27.0221848, 1.0]
                    ],
                    [
                        [-48.6603786, -27.0227144, 1.0],
                        [-48.6604165, -27.0230149, 1.0]
                    ],
                    [
                        [-48.6603074, -27.0221848, 1.0],
                        [-48.6603786, -27.0227144, 1.0]
                    ],
                    [
                        [-48.6603786, -27.0227144, 1.0],
                        [-48.6585501, -27.0229384, 1.0]
                    ],
                    [
                        [-48.6603074, -27.0221848, 1.0],
                        [-48.65847, -27.0224089, 1.0]
                    ],
                    [
                        [-48.6586539, -27.0234853, 1.0],
                        [-48.6593222, -27.023402, 1.0]
                    ],
                    [
                        [-48.6591185, -27.0266733, 1.0],
                        [-48.6589959, -27.0259439, 1.0],
                        [-48.6589615, -27.0257589, 1.0],
                        [-48.6588349, -27.0250783, 1.0],
                        [-48.6588022, -27.0249213, 1.0]
                    ],
                    [
                        [-48.6588615, -27.0245739, 1.0],
                        [-48.6589274, -27.0249111, 1.0],
                        [-48.6589555, -27.0250603, 1.0],
                        [-48.6590619, -27.0256084, 1.0],
                        [-48.6590916, -27.0257425, 1.0],
                        [-48.6591315, -27.0259227, 1.0],
                        [-48.659274, -27.0265661, 1.0],
                        [-48.6592856, -27.0266181, 1.0],
                        [-48.6592969, -27.0266693, 1.0],
                        [-48.6591185, -27.0266733, 1.0]
                    ],
                    [
                        [-48.6583791, -27.0267508, 1.0],
                        [-48.6584474, -27.026724, 1.0],
                        [-48.6585068, -27.0267088, 1.0],
                        [-48.6585857, -27.0266988, 1.0],
                        [-48.6589562, -27.0266803, 1.0],
                        [-48.6590046, -27.0266789, 1.0],
                        [-48.6591185, -27.0266733, 1.0]
                    ],
                    [
                        [-48.6587961, -27.0242345, 1.0],
                        [-48.6588277, -27.0243988, 1.0],
                        [-48.6588615, -27.0245739, 1.0]
                    ],
                    [
                        [-48.6588615, -27.0245739, 1.0],
                        [-48.6587417, -27.024589, 1.0]
                    ],
                    [
                        [-48.6588022, -27.0249213, 1.0],
                        [-48.6587417, -27.024589, 1.0]
                    ],
                    [
                        [-48.6588022, -27.0249213, 1.0],
                        [-48.6581412, -27.024996, 1.0]
                    ],
                    [
                        [-48.6586539, -27.0234853, 1.0],
                        [-48.6586753, -27.0235984, 1.0],
                        [-48.6587961, -27.0242345, 1.0]
                    ],
                    [
                        [-48.6587417, -27.024589, 1.0],
                        [-48.6587081, -27.0244148, 1.0],
                        [-48.6586768, -27.024248, 1.0]
                    ],
                    [
                        [-48.6586768, -27.024248, 1.0],
                        [-48.6585535, -27.0236156, 1.0],
                        [-48.6584816, -27.0232444, 1.0]
                    ],
                    [
                        [-48.6568254, -27.0244602, 1.0],
                        [-48.6586768, -27.024248, 1.0]
                    ],
                    [
                        [-48.6586046, -27.0232255, 1.0],
                        [-48.6586539, -27.0234853, 1.0]
                    ],
                    [
                        [-48.6585501, -27.0229384, 1.0],
                        [-48.6586046, -27.0232255, 1.0]
                    ],
                    [
                        [-48.6586046, -27.0232255, 1.0],
                        [-48.6584816, -27.0232444, 1.0]
                    ],
                    [
                        [-48.65847, -27.0224089, 1.0],
                        [-48.6585307, -27.0228098, 1.0],
                        [-48.6585501, -27.0229384, 1.0]
                    ],
                    [
                        [-48.6584816, -27.0232444, 1.0],
                        [-48.6584326, -27.0229552, 1.0]
                    ],
                    [
                        [-48.6584142, -27.0220911, 1.0],
                        [-48.6584372, -27.022222, 1.0],
                        [-48.65847, -27.0224089, 1.0]
                    ],
                    [
                        [-48.6584326, -27.0229552, 1.0],
                        [-48.658412, -27.0228249, 1.0],
                        [-48.6583501, -27.0224236, 1.0]
                    ],
                    [
                        [-48.6584326, -27.0229552, 1.0],
                        [-48.657382, -27.0230848, 1.0],
                        [-48.6572118, -27.0230955, 1.0],
                        [-48.6566877, -27.0230975, 1.0]
                    ],
                    [
                        [-48.6569569, -27.0209761, 1.0],
                        [-48.6572011, -27.0209512, 1.0],
                        [-48.6575224, -27.0209187, 1.0],
                        [-48.6576336, -27.0209186, 1.0],
                        [-48.657785, -27.0209424, 1.0],
                        [-48.6579946, -27.0210304, 1.0],
                        [-48.6581506, -27.0211641, 1.0],
                        [-48.6582564, -27.021331, 1.0],
                        [-48.6583185, -27.0215449, 1.0],
                        [-48.6584142, -27.0220911, 1.0]
                    ],
                    [
                        [-48.6584142, -27.0220911, 1.0],
                        [-48.6582942, -27.0221051, 1.0]
                    ],
                    [
                        [-48.658322, -27.0263236, 1.0],
                        [-48.6583791, -27.0267508, 1.0]
                    ],
                    [
                        [-48.6571074, -27.0269695, 1.0],
                        [-48.6581267, -27.0268257, 1.0],
                        [-48.6582166, -27.0268049, 1.0],
                        [-48.6582847, -27.0267882, 1.0],
                        [-48.6583791, -27.0267508, 1.0]
                    ],
                    [
                        [-48.6583501, -27.0224236, 1.0],
                        [-48.6583177, -27.0222393, 1.0],
                        [-48.6582942, -27.0221051, 1.0]
                    ],
                    [
                        [-48.6583501, -27.0224236, 1.0],
                        [-48.6572902, -27.0225529, 1.0]
                    ],
                    [
                        [-48.6581412, -27.024996, 1.0],
                        [-48.658322, -27.0263236, 1.0]
                    ],
                    [
                        [-48.658322, -27.0263236, 1.0],
                        [-48.6570542, -27.0264729, 1.0]
                    ],
                    [
                        [-48.6582942, -27.0221051, 1.0],
                        [-48.6581999, -27.0215668, 1.0],
                        [-48.6581432, -27.0213717, 1.0],
                        [-48.6580539, -27.0212308, 1.0],
                        [-48.657925, -27.0211204, 1.0],
                        [-48.657748, -27.0210461, 1.0],
                        [-48.6576231, -27.0210264, 1.0],
                        [-48.6575293, -27.0210265, 1.0],
                        [-48.6572143, -27.0210583, 1.0],
                        [-48.6571184, -27.021068, 1.0]
                    ],
                    [
                        [-48.6581412, -27.024996, 1.0],
                        [-48.6575514, -27.0250666, 1.0]
                    ],
                    [
                        [-48.6575514, -27.0250666, 1.0],
                        [-48.6575953, -27.0253883, 1.0]
                    ],
                    [
                        [-48.6575514, -27.0250666, 1.0],
                        [-48.6574364, -27.0250813, 1.0],
                        [-48.6573799, -27.0250949, 1.0],
                        [-48.6573236, -27.0251271, 1.0],
                        [-48.6572737, -27.0251671, 1.0],
                        [-48.6569385, -27.0254614, 1.0]
                    ],
                    [
                        [-48.6571184, -27.021068, 1.0],
                        [-48.6572902, -27.0225529, 1.0]
                    ],
                    [
                        [-48.6572902, -27.0225529, 1.0],
                        [-48.6566301, -27.0226334, 1.0]
                    ],
                    [
                        [-48.6572623, -27.0192536, 1.0],
                        [-48.6570361, -27.0191897, 1.0],
                        [-48.656391, -27.0190074, 1.0],
                        [-48.6560644, -27.0188894, 1.0],
                        [-48.6559006, -27.0188251, 1.0],
                        [-48.6557755, -27.0187674, 1.0],
                        [-48.6556614, -27.0187061, 1.0],
                        [-48.6555389, -27.0186365, 1.0],
                        [-48.6553976, -27.0185456, 1.0]
                    ],
                    [
                        [-48.6572623, -27.0192536, 1.0],
                        [-48.6572458, -27.0193119, 1.0],
                        [-48.6569981, -27.0201875, 1.0],
                        [-48.6569217, -27.0204449, 1.0],
                        [-48.6568519, -27.0206932, 1.0],
                        [-48.6568371, -27.0207459, 1.0]
                    ],
                    [
                        [-48.6571184, -27.021068, 1.0],
                        [-48.6570271, -27.0210776, 1.0],
                        [-48.6569328, -27.0210874, 1.0]
                    ],
                    [
                        [-48.6570542, -27.0264729, 1.0],
                        [-48.6571074, -27.0269695, 1.0]
                    ],
                    [
                        [-48.6565367, -27.0270476, 1.0],
                        [-48.6571074, -27.0269695, 1.0]
                    ],
                    [
                        [-48.6569385, -27.0254614, 1.0],
                        [-48.6570542, -27.0264729, 1.0]
                    ],
                    [
                        [-48.6569104, -27.0209262, 1.0],
                        [-48.6569382, -27.0209478, 1.0],
                        [-48.6569569, -27.0209761, 1.0]
                    ],
                    [
                        [-48.6569569, -27.0209761, 1.0],
                        [-48.6569643, -27.0210044, 1.0],
                        [-48.6569626, -27.0210335, 1.0],
                        [-48.6569518, -27.0210609, 1.0],
                        [-48.6569328, -27.0210874, 1.0]
                    ],
                    [
                        [-48.6568254, -27.0244602, 1.0],
                        [-48.6569385, -27.0254614, 1.0]
                    ],
                    [
                        [-48.6569385, -27.0254614, 1.0],
                        [-48.6568789, -27.0255006, 1.0],
                        [-48.6568448, -27.0255196, 1.0],
                        [-48.6563926, -27.0256919, 1.0]
                    ],
                    [
                        [-48.6569328, -27.0210874, 1.0],
                        [-48.6569061, -27.0211032, 1.0],
                        [-48.6568745, -27.0211141, 1.0],
                        [-48.6568407, -27.0211163, 1.0],
                        [-48.6568076, -27.0211097, 1.0],
                        [-48.6567781, -27.0210949, 1.0]
                    ],
                    [
                        [-48.6567884, -27.0209258, 1.0],
                        [-48.6568177, -27.0209144, 1.0],
                        [-48.6568495, -27.0209105, 1.0],
                        [-48.6568812, -27.0209145, 1.0],
                        [-48.6569104, -27.0209262, 1.0]
                    ],
                    [
                        [-48.6568371, -27.0207459, 1.0],
                        [-48.6568712, -27.0208356, 1.0],
                        [-48.6568846, -27.0208638, 1.0],
                        [-48.6569104, -27.0209262, 1.0]
                    ],
                    [
                        [-48.6567884, -27.0209258, 1.0],
                        [-48.6568371, -27.0207459, 1.0]
                    ],
                    [
                        [-48.6567903, -27.0241223, 1.0],
                        [-48.6568254, -27.0244602, 1.0]
                    ],
                    [
                        [-48.6566877, -27.0230975, 1.0],
                        [-48.6567903, -27.0241223, 1.0]
                    ],
                    [
                        [-48.6562377, -27.0242376, 1.0],
                        [-48.6567903, -27.0241223, 1.0]
                    ],
                    [
                        [-48.656735, -27.0209969, 1.0],
                        [-48.6567448, -27.020969, 1.0],
                        [-48.6567631, -27.0209446, 1.0],
                        [-48.6567884, -27.0209258, 1.0]
                    ],
                    [
                        [-48.6567781, -27.0210949, 1.0],
                        [-48.6567565, -27.0210753, 1.0],
                        [-48.6567414, -27.0210512, 1.0],
                        [-48.6567341, -27.0210245, 1.0],
                        [-48.656735, -27.0209969, 1.0]
                    ],
                    [
                        [-48.6567781, -27.0210949, 1.0],
                        [-48.656466, -27.0211272, 1.0]
                    ],
                    [
                        [-48.6561653, -27.0210548, 1.0],
                        [-48.6562405, -27.021047, 1.0],
                        [-48.6566558, -27.0210044, 1.0],
                        [-48.656735, -27.0209969, 1.0]
                    ],
                    [
                        [-48.6566301, -27.0226334, 1.0],
                        [-48.6566877, -27.0230975, 1.0]
                    ],
                    [
                        [-48.6566877, -27.0230975, 1.0],
                        [-48.6561026, -27.0230998, 1.0]
                    ],
                    [
                        [-48.656466, -27.0211272, 1.0],
                        [-48.6566301, -27.0226334, 1.0]
                    ],
                    [
                        [-48.6563926, -27.0256919, 1.0],
                        [-48.6565367, -27.0270476, 1.0]
                    ],
                    [
                        [-48.6560239, -27.0271178, 1.0],
                        [-48.6565367, -27.0270476, 1.0]
                    ],
                    [
                        [-48.656466, -27.0211272, 1.0],
                        [-48.6562536, -27.0211484, 1.0],
                        [-48.6561762, -27.0211562, 1.0]
                    ],
                    [
                        [-48.6562377, -27.0242376, 1.0],
                        [-48.6563926, -27.0256919, 1.0]
                    ],
                    [
                        [-48.6563926, -27.0256919, 1.0],
                        [-48.6558884, -27.0258957, 1.0]
                    ],
                    [
                        [-48.6561026, -27.0230998, 1.0],
                        [-48.6562377, -27.0242376, 1.0]
                    ],
                    [
                        [-48.6557147, -27.0243509, 1.0],
                        [-48.6562377, -27.0242376, 1.0]
                    ],
                    [
                        [-48.6561653, -27.0210548, 1.0],
                        [-48.6561762, -27.0211562, 1.0]
                    ],
                    [
                        [-48.6561762, -27.0211562, 1.0],
                        [-48.6558837, -27.0211854, 1.0]
                    ],
                    [
                        [-48.655581, -27.0211162, 1.0],
                        [-48.6561653, -27.0210548, 1.0]
                    ],
                    [
                        [-48.6558837, -27.0211854, 1.0],
                        [-48.6561026, -27.0230998, 1.0]
                    ],
                    [
                        [-48.6561026, -27.0230998, 1.0],
                        [-48.6556031, -27.0231017, 1.0]
                    ],
                    [
                        [-48.6560239, -27.0271178, 1.0],
                        [-48.6558884, -27.0258957, 1.0]
                    ],
                    [
                        [-48.6552272, -27.0272268, 1.0],
                        [-48.6560239, -27.0271178, 1.0]
                    ],
                    [
                        [-48.6558884, -27.0258957, 1.0],
                        [-48.6557147, -27.0243509, 1.0]
                    ],
                    [
                        [-48.6558884, -27.0258957, 1.0],
                        [-48.6553572, -27.0261105, 1.0]
                    ],
                    [
                        [-48.6558837, -27.0211854, 1.0],
                        [-48.6555902, -27.0212171, 1.0]
                    ],
                    [
                        [-48.6557147, -27.0243509, 1.0],
                        [-48.6556621, -27.0238328, 1.0]
                    ],
                    [
                        [-48.6551637, -27.0244706, 1.0],
                        [-48.6557147, -27.0243509, 1.0]
                    ],
                    [
                        [-48.6556621, -27.0238328, 1.0],
                        [-48.6556031, -27.0231017, 1.0]
                    ],
                    [
                        [-48.6530692, -27.0243816, 1.0],
                        [-48.6531372, -27.0243672, 1.0],
                        [-48.6556621, -27.0238328, 1.0]
                    ],
                    [
                        [-48.6556031, -27.0231017, 1.0],
                        [-48.6553748, -27.0212404, 1.0]
                    ],
                    [
                        [-48.6556031, -27.0231017, 1.0],
                        [-48.6525397, -27.0231135, 1.0]
                    ],
                    [
                        [-48.655581, -27.0211162, 1.0],
                        [-48.6555902, -27.0212171, 1.0]
                    ],
                    [
                        [-48.6555902, -27.0212171, 1.0],
                        [-48.6553748, -27.0212404, 1.0]
                    ],
                    [
                        [-48.6547298, -27.0213083, 1.0],
                        [-48.6548416, -27.0212585, 1.0],
                        [-48.6549657, -27.0212149, 1.0],
                        [-48.6551577, -27.0211633, 1.0],
                        [-48.6553621, -27.0211391, 1.0],
                        [-48.655581, -27.0211162, 1.0]
                    ],
                    [
                        [-48.6554926, -27.0282535, 1.0],
                        [-48.6521319, -27.0285802, 1.0]
                    ],
                    [
                        [-48.652119, -27.0282045, 1.0],
                        [-48.6552293, -27.0278964, 1.0],
                        [-48.6553165, -27.0278826, 1.0],
                        [-48.655391, -27.0278596, 1.0]
                    ],
                    [
                        [-48.6553748, -27.0212404, 1.0],
                        [-48.6552098, -27.0212584, 1.0],
                        [-48.6549524, -27.0212866, 1.0],
                        [-48.6548273, -27.0212994, 1.0],
                        [-48.6547298, -27.0213083, 1.0]
                    ],
                    [
                        [-48.6551637, -27.0244706, 1.0],
                        [-48.6553572, -27.0261105, 1.0]
                    ],
                    [
                        [-48.6553572, -27.0261105, 1.0],
                        [-48.6551686, -27.0261881, 1.0]
                    ],
                    [
                        [-48.6553171, -27.0184966, 1.0],
                        [-48.6547529, -27.0181134, 1.0],
                        [-48.6546659, -27.018061, 1.0],
                        [-48.6545759, -27.0180139, 1.0],
                        [-48.654504, -27.0179858, 1.0],
                        [-48.654417, -27.0179565, 1.0],
                        [-48.6542805, -27.0179169, 1.0],
                        [-48.6534821, -27.0176995, 1.0]
                    ],
                    [
                        [-48.653762, -27.0275393, 1.0],
                        [-48.6552671, -27.027341, 1.0]
                    ],
                    [
                        [-48.6551686, -27.0261881, 1.0],
                        [-48.6541843, -27.024685, 1.0]
                    ],
                    [
                        [-48.6551686, -27.0261881, 1.0],
                        [-48.6545374, -27.0264475, 1.0]
                    ],
                    [
                        [-48.6541843, -27.024685, 1.0],
                        [-48.6551637, -27.0244706, 1.0]
                    ],
                    [
                        [-48.6546401, -27.0213198, 1.0],
                        [-48.6547298, -27.0213083, 1.0]
                    ],
                    [
                        [-48.654401, -27.0148089, 1.0],
                        [-48.6539505, -27.0144878, 1.0]
                    ],
                    [
                        [-48.6534088, -27.0248598, 1.0],
                        [-48.6534791, -27.024844, 1.0],
                        [-48.6541843, -27.024685, 1.0]
                    ],
                    [
                        [-48.6539505, -27.0144878, 1.0],
                        [-48.6535228, -27.014188, 1.0],
                        [-48.6529275, -27.0148423, 1.0]
                    ],
                    [
                        [-48.6531913, -27.0153306, 1.0],
                        [-48.6539505, -27.0144878, 1.0]
                    ],
                    [
                        [-48.653762, -27.0275393, 1.0],
                        [-48.653738, -27.0274193, 1.0],
                        [-48.6537189, -27.0273511, 1.0],
                        [-48.6536893, -27.0272883, 1.0],
                        [-48.653596, -27.0271597, 1.0],
                        [-48.6533325, -27.0267869, 1.0]
                    ],
                    [
                        [-48.652095, -27.0277589, 1.0],
                        [-48.653762, -27.0275393, 1.0]
                    ],
                    [
                        [-48.6536327, -27.0156493, 1.0],
                        [-48.6531913, -27.0153306, 1.0]
                    ],
                    [
                        [-48.6534821, -27.0176995, 1.0],
                        [-48.6531903, -27.0176519, 1.0],
                        [-48.6530916, -27.0176358, 1.0],
                        [-48.6529979, -27.0176176, 1.0],
                        [-48.6530445, -27.0175944, 1.0],
                        [-48.653082, -27.0175606, 1.0],
                        [-48.6531075, -27.0175189, 1.0],
                        [-48.653119, -27.0174724, 1.0],
                        [-48.6531157, -27.017425, 1.0]
                    ],
                    [
                        [-48.6531157, -27.017425, 1.0],
                        [-48.6532547, -27.0175522, 1.0],
                        [-48.6534821, -27.0176995, 1.0]
                    ],
                    [
                        [-48.6532736, -27.0135857, 1.0],
                        [-48.6526073, -27.0144487, 1.0]
                    ],
                    [
                        [-48.652906, -27.0151221, 1.0],
                        [-48.6529951, -27.0151872, 1.0],
                        [-48.6531913, -27.0153306, 1.0]
                    ],
                    [
                        [-48.6531913, -27.0153306, 1.0],
                        [-48.6529461, -27.015616, 1.0],
                        [-48.6528077, -27.0157268, 1.0]
                    ],
                    [
                        [-48.6530329, -27.0173169, 1.0],
                        [-48.6530709, -27.017346, 1.0],
                        [-48.6530992, -27.0173828, 1.0],
                        [-48.6531157, -27.017425, 1.0]
                    ],
                    [
                        [-48.6530329, -27.0173169, 1.0],
                        [-48.6529769, -27.0172949, 1.0],
                        [-48.6529159, -27.0172899, 1.0],
                        [-48.6528563, -27.0173023, 1.0],
                        [-48.6528042, -27.0173309, 1.0],
                        [-48.6527649, -27.0173727, 1.0],
                        [-48.6527641, -27.0171286, 1.0],
                        [-48.65277, -27.0168581, 1.0]
                    ],
                    [
                        [-48.65277, -27.0168581, 1.0],
                        [-48.652896, -27.0171085, 1.0],
                        [-48.6529702, -27.0172213, 1.0],
                        [-48.6530329, -27.0173169, 1.0]
                    ],
                    [
                        [-48.6529275, -27.0148423, 1.0],
                        [-48.6528986, -27.0147153, 1.0],
                        [-48.652823, -27.014596, 1.0],
                        [-48.65272, -27.0145131, 1.0],
                        [-48.6526073, -27.0144487, 1.0]
                    ],
                    [
                        [-48.652906, -27.0151221, 1.0],
                        [-48.6529163, -27.0150524, 1.0],
                        [-48.6529275, -27.0148423, 1.0]
                    ],
                    [
                        [-48.6528077, -27.0157268, 1.0],
                        [-48.6528867, -27.0152479, 1.0],
                        [-48.652906, -27.0151221, 1.0]
                    ],
                    [
                        [-48.65277, -27.0168581, 1.0],
                        [-48.6527387, -27.0163884, 1.0],
                        [-48.6527406, -27.0161256, 1.0],
                        [-48.6527613, -27.0159419, 1.0],
                        [-48.6528077, -27.0157268, 1.0]
                    ],
                    [
                        [-48.6486097, -27.0105909, 1.0],
                        [-48.6485856, -27.0106255, 1.0],
                        [-48.6483568, -27.0109545, 1.0],
                        [-48.6482892, -27.0110554, 1.0],
                        [-48.6481098, -27.011323, 1.0],
                        [-48.6480416, -27.0114205, 1.0],
                        [-48.6479739, -27.011524, 1.0],
                        [-48.64791, -27.011646, 1.0],
                        [-48.6478845, -27.0117307, 1.0],
                        [-48.647874, -27.0118064, 1.0],
                        [-48.6478755, -27.0119203, 1.0],
                        [-48.6478992, -27.0123026, 1.0],
                        [-48.6479194, -27.0126833, 1.0],
                        [-48.6479385, -27.0128503, 1.0],
                        [-48.6479972, -27.0130018, 1.0],
                        [-48.648074, -27.0131245, 1.0],
                        [-48.6481448, -27.0132129, 1.0],
                        [-48.648263, -27.0133168, 1.0],
                        [-48.6485349, -27.0134519, 1.0],
                        [-48.648852, -27.0135711, 1.0],
                        [-48.6499233, -27.0139118, 1.0],
                        [-48.6504131, -27.014068, 1.0],
                        [-48.6508614, -27.0142109, 1.0],
                        [-48.65111, -27.0142766, 1.0],
                        [-48.6513034, -27.0143062, 1.0],
                        [-48.651854, -27.0143506, 1.0],
                        [-48.6519443, -27.0143579, 1.0],
                        [-48.6520489, -27.0143674, 1.0],
                        [-48.6522696, -27.0143857, 1.0],
                        [-48.6524572, -27.0144122, 1.0],
                        [-48.6526073, -27.0144487, 1.0]
                    ],
                    [
                        [-48.6526073, -27.0144487, 1.0],
                        [-48.6521614, -27.0149396, 1.0]
                    ],
                    [
                        [-48.6521797, -27.02309, 1.0],
                        [-48.6525397, -27.0231135, 1.0]
                    ],
                    [
                        [-48.6525397, -27.0231135, 1.0],
                        [-48.6522845, -27.0232407, 1.0]
                    ],
                    [
                        [-48.6521739, -27.0290065, 1.0],
                        [-48.6521386, -27.0286484, 1.0],
                        [-48.6521319, -27.0285802, 1.0]
                    ],
                    [
                        [-48.6521319, -27.0285802, 1.0],
                        [-48.6521205, -27.0282488, 1.0],
                        [-48.652119, -27.0282045, 1.0]
                    ],
                    [
                        [-48.6521319, -27.0285802, 1.0],
                        [-48.6517213, -27.0286201, 1.0]
                    ],
                    [
                        [-48.652119, -27.0282045, 1.0],
                        [-48.652095, -27.0277589, 1.0]
                    ],
                    [
                        [-48.6500607, -27.0285157, 1.0],
                        [-48.6518839, -27.0282372, 1.0],
                        [-48.652119, -27.0282045, 1.0]
                    ],
                    [
                        [-48.652095, -27.0277589, 1.0],
                        [-48.6520798, -27.0272655, 1.0],
                        [-48.6520782, -27.0272153, 1.0],
                        [-48.6520755, -27.027127, 1.0]
                    ],
                    [
                        [-48.6489123, -27.0079138, 1.0],
                        [-48.6491058, -27.0078307, 1.0],
                        [-48.6491414, -27.007825, 1.0],
                        [-48.6491708, -27.0078456, 1.0],
                        [-48.6492845, -27.0081738, 1.0]
                    ],
                    [
                        [-48.6488487, -27.0097309, 1.0],
                        [-48.648898, -27.0097178, 1.0],
                        [-48.648936, -27.0097208, 1.0],
                        [-48.6489546, -27.0097299, 1.0],
                        [-48.6489717, -27.0097412, 1.0],
                        [-48.6489898, -27.0097575, 1.0],
                        [-48.6490045, -27.0097763, 1.0]
                    ],
                    [
                        [-48.6489123, -27.0079138, 1.0],
                        [-48.648958, -27.0080817, 1.0],
                        [-48.6489839, -27.0082362, 1.0],
                        [-48.6490019, -27.0085225, 1.0],
                        [-48.6490385, -27.0091907, 1.0],
                        [-48.6490455, -27.0094425, 1.0],
                        [-48.6490367, -27.0095775, 1.0],
                        [-48.6490045, -27.0097763, 1.0]
                    ],
                    [
                        [-48.6490045, -27.0097763, 1.0],
                        [-48.648959, -27.0099019, 1.0],
                        [-48.6488852, -27.010128, 1.0]
                    ],
                    [
                        [-48.6472185, -27.0056691, 1.0],
                        [-48.6472695, -27.0059856, 1.0],
                        [-48.6473104, -27.0061982, 1.0],
                        [-48.6473315, -27.0062895, 1.0],
                        [-48.6473865, -27.0064582, 1.0],
                        [-48.647415, -27.0065407, 1.0],
                        [-48.6474565, -27.0066161, 1.0],
                        [-48.6475376, -27.0067131, 1.0],
                        [-48.6476337, -27.0068064, 1.0],
                        [-48.6477935, -27.0069312, 1.0],
                        [-48.6485005, -27.0074138, 1.0],
                        [-48.6485921, -27.007476, 1.0],
                        [-48.6486587, -27.0075324, 1.0],
                        [-48.6487525, -27.00764, 1.0],
                        [-48.6488134, -27.0077297, 1.0],
                        [-48.6488825, -27.0078511, 1.0],
                        [-48.6489123, -27.0079138, 1.0]
                    ],
                    [
                        [-48.6488852, -27.010128, 1.0],
                        [-48.6487232, -27.0104655, 1.0],
                        [-48.6486345, -27.0105414, 1.0],
                        [-48.6486488, -27.0104467, 1.0],
                        [-48.6486804, -27.0103707, 1.0],
                        [-48.6486913, -27.0103292, 1.0],
                        [-48.6486929, -27.0102875, 1.0],
                        [-48.6486961, -27.010192, 1.0],
                        [-48.6487054, -27.0101227, 1.0],
                        [-48.6487266, -27.0100636, 1.0]
                    ],
                    [
                        [-48.6488852, -27.010128, 1.0],
                        [-48.6488524, -27.0101307, 1.0],
                        [-48.6488051, -27.0101272, 1.0],
                        [-48.6487819, -27.0101201, 1.0],
                        [-48.6487612, -27.0101085, 1.0],
                        [-48.6487402, -27.0100883, 1.0],
                        [-48.6487266, -27.0100636, 1.0]
                    ],
                    [
                        [-48.6488487, -27.0097309, 1.0],
                        [-48.6489424, -27.0094274, 1.0],
                        [-48.6489587, -27.0093339, 1.0],
                        [-48.6489615, -27.0091866, 1.0],
                        [-48.6489061, -27.0082401, 1.0],
                        [-48.6488777, -27.0080693, 1.0],
                        [-48.6488284, -27.0079334, 1.0],
                        [-48.6487313, -27.0077687, 1.0],
                        [-48.6486389, -27.0076425, 1.0],
                        [-48.6484848, -27.0074997, 1.0],
                        [-48.6479886, -27.0071496, 1.0],
                        [-48.6477441, -27.0069847, 1.0],
                        [-48.6475836, -27.0068601, 1.0],
                        [-48.647502, -27.0067833, 1.0],
                        [-48.6474034, -27.0066762, 1.0],
                        [-48.6473418, -27.0065801, 1.0],
                        [-48.6472879, -27.0064593, 1.0],
                        [-48.6472526, -27.0063538, 1.0],
                        [-48.6472185, -27.0061897, 1.0],
                        [-48.6471357, -27.0057568, 1.0],
                        [-48.6471249, -27.0056753, 1.0],
                        [-48.6470875, -27.0053304, 1.0],
                        [-48.6470788, -27.0052187, 1.0],
                        [-48.6470634, -27.005099, 1.0],
                        [-48.6470572, -27.00505, 1.0],
                        [-48.6469279, -27.0040887, 1.0],
                        [-48.6469026, -27.0039009, 1.0],
                        [-48.6468687, -27.0036772, 1.0],
                        [-48.6468331, -27.0034422, 1.0]
                    ],
                    [
                        [-48.6487266, -27.0100636, 1.0],
                        [-48.6488487, -27.0097309, 1.0]
                    ],
                    [
                        [-48.6464089, -27.0002379, 1.0],
                        [-48.6464661, -27.0005516, 1.0],
                        [-48.6464927, -27.0007247, 1.0],
                        [-48.6465127, -27.0008658, 1.0],
                        [-48.646568, -27.0013761, 1.0],
                        [-48.6465825, -27.0014812, 1.0],
                        [-48.6467845, -27.00282, 1.0],
                        [-48.6468343, -27.003146, 1.0]
                    ]
                ]
            }
        },
        {
            "type": "Feature",
            "properties": {
                "SETOR": "N02",
                "FREQUENCIA": "SEG - QUA - SEX",
                "TURNO": "NOITE",
                "HORARIO": "22:35 ÀS 06:07",
                "OPERACAO": "DOMICILIAR",
                "FILIAL": "CAMBORIÚ"
            },
            "geometry": {
                "type": "MultiLineString",
                "coordinates": [
                    [
                        [-48.6576802, -27.033167, 1.0],
                        [-48.6571252, -27.0333166, 1.0],
                        [-48.6570493, -27.0333309, 1.0],
                        [-48.6569828, -27.0333402, 1.0],
                        [-48.6569102, -27.0333473, 1.0]
                    ],
                    [
                        [-48.6574256, -27.0325729, 1.0],
                        [-48.6571502, -27.0326669, 1.0],
                        [-48.6570842, -27.0326867, 1.0],
                        [-48.6569872, -27.0327101, 1.0],
                        [-48.6568138, -27.0327402, 1.0]
                    ],
                    [
                        [-48.6569388, -27.0335272, 1.0],
                        [-48.6569102, -27.0333473, 1.0]
                    ],
                    [
                        [-48.6549396, -27.0317672, 1.0],
                        [-48.6569209, -27.0314426, 1.0]
                    ],
                    [
                        [-48.6569102, -27.0333473, 1.0],
                        [-48.6568138, -27.0327402, 1.0]
                    ],
                    [
                        [-48.6569102, -27.0333473, 1.0],
                        [-48.6563372, -27.0334043, 1.0]
                    ],
                    [
                        [-48.6568138, -27.0327402, 1.0],
                        [-48.6567776, -27.0325136, 1.0],
                        [-48.6562292, -27.0325782, 1.0]
                    ],
                    [
                        [-48.6565537, -27.0306033, 1.0],
                        [-48.6548088, -27.0308355, 1.0]
                    ],
                    [
                        [-48.6564736, -27.0343823, 1.0],
                        [-48.6563613, -27.0336099, 1.0]
                    ],
                    [
                        [-48.6563613, -27.0336099, 1.0],
                        [-48.6563372, -27.0334043, 1.0]
                    ],
                    [
                        [-48.6552147, -27.0337336, 1.0],
                        [-48.6563613, -27.0336099, 1.0]
                    ],
                    [
                        [-48.6563372, -27.0334043, 1.0],
                        [-48.6562976, -27.0331291, 1.0]
                    ],
                    [
                        [-48.6562976, -27.0331291, 1.0],
                        [-48.6562292, -27.0325782, 1.0]
                    ],
                    [
                        [-48.6562976, -27.0331291, 1.0],
                        [-48.6555092, -27.0332202, 1.0]
                    ],
                    [
                        [-48.6562292, -27.0325782, 1.0],
                        [-48.6561863, -27.0322744, 1.0]
                    ],
                    [
                        [-48.6562292, -27.0325782, 1.0],
                        [-48.6554003, -27.0326742, 1.0],
                        [-48.6554384, -27.032901, 1.0],
                        [-48.6551046, -27.0329418, 1.0]
                    ],
                    [
                        [-48.6556473, -27.0286932, 1.0],
                        [-48.6545223, -27.0287947, 1.0]
                    ],
                    [
                        [-48.6553131, -27.0344165, 1.0],
                        [-48.6552277, -27.0338238, 1.0],
                        [-48.6552147, -27.0337336, 1.0]
                    ],
                    [
                        [-48.6552147, -27.0337336, 1.0],
                        [-48.6551046, -27.0329418, 1.0]
                    ],
                    [
                        [-48.6551046, -27.0329418, 1.0],
                        [-48.6549396, -27.0317672, 1.0]
                    ],
                    [
                        [-48.6551046, -27.0329418, 1.0],
                        [-48.6545236, -27.0329923, 1.0]
                    ],
                    [
                        [-48.6549396, -27.0317672, 1.0],
                        [-48.6548088, -27.0308355, 1.0]
                    ],
                    [
                        [-48.6548088, -27.0308355, 1.0],
                        [-48.654773, -27.0305803, 1.0]
                    ],
                    [
                        [-48.654773, -27.0305803, 1.0],
                        [-48.6545223, -27.0287947, 1.0]
                    ],
                    [
                        [-48.654773, -27.0305803, 1.0],
                        [-48.6541951, -27.030643, 1.0]
                    ],
                    [
                        [-48.6547244, -27.0344452, 1.0],
                        [-48.6545236, -27.0329923, 1.0]
                    ],
                    [
                        [-48.6545236, -27.0329923, 1.0],
                        [-48.6541951, -27.030643, 1.0]
                    ],
                    [
                        [-48.6545236, -27.0329923, 1.0],
                        [-48.6539023, -27.0330481, 1.0]
                    ],
                    [
                        [-48.6545223, -27.0287947, 1.0],
                        [-48.6535509, -27.0288823, 1.0]
                    ],
                    [
                        [-48.6541428, -27.0211756, 1.0],
                        [-48.6544861, -27.0213395, 1.0]
                    ],
                    [
                        [-48.6544861, -27.0213395, 1.0],
                        [-48.6546401, -27.0213198, 1.0],
                        [-48.6544921, -27.0222095, 1.0],
                        [-48.654478, -27.0222597, 1.0],
                        [-48.6544458, -27.0223073, 1.0],
                        [-48.6544124, -27.0223457, 1.0],
                        [-48.6528487, -27.0217684, 1.0]
                    ],
                    [
                        [-48.654025, -27.0213984, 1.0],
                        [-48.6541753, -27.0213792, 1.0],
                        [-48.6544861, -27.0213395, 1.0]
                    ],
                    [
                        [-48.6541951, -27.030643, 1.0],
                        [-48.6539939, -27.029204, 1.0]
                    ],
                    [
                        [-48.6541951, -27.030643, 1.0],
                        [-48.653579, -27.0307099, 1.0]
                    ],
                    [
                        [-48.6532529, -27.0207511, 1.0],
                        [-48.6541428, -27.0211756, 1.0]
                    ],
                    [
                        [-48.6541428, -27.0211756, 1.0],
                        [-48.6543835, -27.0207225, 1.0],
                        [-48.6535058, -27.0203348, 1.0]
                    ],
                    [
                        [-48.654025, -27.0213984, 1.0],
                        [-48.6541428, -27.0211756, 1.0]
                    ],
                    [
                        [-48.6539023, -27.0330481, 1.0],
                        [-48.6541262, -27.0346005, 1.0]
                    ],
                    [
                        [-48.652565, -27.0215851, 1.0],
                        [-48.6532295, -27.0215001, 1.0],
                        [-48.654025, -27.0213984, 1.0]
                    ],
                    [
                        [-48.6536387, -27.0311417, 1.0],
                        [-48.6539023, -27.0330481, 1.0]
                    ],
                    [
                        [-48.6539023, -27.0330481, 1.0],
                        [-48.6532657, -27.0331105, 1.0]
                    ],
                    [
                        [-48.653579, -27.0307099, 1.0],
                        [-48.6536387, -27.0311417, 1.0]
                    ],
                    [
                        [-48.6536387, -27.0311417, 1.0],
                        [-48.6530076, -27.0312112, 1.0]
                    ],
                    [
                        [-48.653395, -27.0293789, 1.0],
                        [-48.653579, -27.0307099, 1.0]
                    ],
                    [
                        [-48.653395, -27.0293789, 1.0],
                        [-48.6536026, -27.0293575, 1.0],
                        [-48.6535509, -27.0288823, 1.0]
                    ],
                    [
                        [-48.6535509, -27.0288823, 1.0],
                        [-48.6521739, -27.0290065, 1.0],
                        [-48.6501616, -27.029188, 1.0]
                    ],
                    [
                        [-48.6535058, -27.0203348, 1.0],
                        [-48.6527288, -27.0199915, 1.0]
                    ],
                    [
                        [-48.6532529, -27.0207511, 1.0],
                        [-48.6535058, -27.0203348, 1.0]
                    ],
                    [
                        [-48.6534584, -27.0345909, 1.0],
                        [-48.6532657, -27.0331105, 1.0]
                    ],
                    [
                        [-48.6527636, -27.0294439, 1.0],
                        [-48.653395, -27.0293789, 1.0]
                    ],
                    [
                        [-48.6532657, -27.0331105, 1.0],
                        [-48.6530076, -27.0312112, 1.0]
                    ],
                    [
                        [-48.6532657, -27.0331105, 1.0],
                        [-48.6526207, -27.0331734, 1.0]
                    ],
                    [
                        [-48.6529072, -27.0206041, 1.0],
                        [-48.6530214, -27.0206445, 1.0],
                        [-48.6531137, -27.0206849, 1.0],
                        [-48.6532529, -27.0207511, 1.0]
                    ],
                    [
                        [-48.6530076, -27.0312112, 1.0],
                        [-48.6527636, -27.0294439, 1.0]
                    ],
                    [
                        [-48.6530076, -27.0312112, 1.0],
                        [-48.652366, -27.0312812, 1.0]
                    ],
                    [
                        [-48.6525029, -27.0204782, 1.0],
                        [-48.6529072, -27.0206041, 1.0]
                    ],
                    [
                        [-48.6529072, -27.0206041, 1.0],
                        [-48.652589, -27.0211799, 1.0]
                    ],
                    [
                        [-48.6528487, -27.0217684, 1.0],
                        [-48.6528623, -27.0220914, 1.0],
                        [-48.6528763, -27.022346, 1.0]
                    ],
                    [
                        [-48.6528525, -27.0197273, 1.0],
                        [-48.6527288, -27.0199915, 1.0]
                    ],
                    [
                        [-48.6528487, -27.0217684, 1.0],
                        [-48.6525882, -27.0216682, 1.0],
                        [-48.652565, -27.0215851, 1.0]
                    ],
                    [
                        [-48.6528091, -27.0345469, 1.0],
                        [-48.6526207, -27.0331734, 1.0]
                    ],
                    [
                        [-48.6521275, -27.0295095, 1.0],
                        [-48.6527636, -27.0294439, 1.0]
                    ],
                    [
                        [-48.6527288, -27.0199915, 1.0],
                        [-48.6525029, -27.0204782, 1.0]
                    ],
                    [
                        [-48.6526207, -27.0331734, 1.0],
                        [-48.652366, -27.0312812, 1.0]
                    ],
                    [
                        [-48.6519903, -27.0216586, 1.0],
                        [-48.652565, -27.0215851, 1.0]
                    ],
                    [
                        [-48.651954, -27.0203236, 1.0],
                        [-48.6520535, -27.0203569, 1.0],
                        [-48.6525029, -27.0204782, 1.0]
                    ],
                    [
                        [-48.652366, -27.0312812, 1.0],
                        [-48.6521275, -27.0295095, 1.0]
                    ],
                    [
                        [-48.652366, -27.0312812, 1.0],
                        [-48.6521729, -27.0312912, 1.0],
                        [-48.6520425, -27.0312906, 1.0]
                    ],
                    [
                        [-48.6522504, -27.0345375, 1.0],
                        [-48.6521606, -27.033813, 1.0],
                        [-48.6521286, -27.0335831, 1.0],
                        [-48.652027, -27.0329532, 1.0],
                        [-48.6519844, -27.0326758, 1.0],
                        [-48.6519575, -27.0324677, 1.0],
                        [-48.6519447, -27.0323336, 1.0],
                        [-48.65193, -27.0320283, 1.0],
                        [-48.6519234, -27.0319879, 1.0],
                        [-48.651909, -27.0319515, 1.0],
                        [-48.6518723, -27.0319136, 1.0],
                        [-48.6516743, -27.0317844, 1.0]
                    ],
                    [
                        [-48.6518436, -27.0295387, 1.0],
                        [-48.6521275, -27.0295095, 1.0]
                    ],
                    [
                        [-48.6520425, -27.0312906, 1.0],
                        [-48.6517676, -27.0312877, 1.0],
                        [-48.6515234, -27.0312918, 1.0]
                    ],
                    [
                        [-48.6519304, -27.0303598, 1.0],
                        [-48.6520425, -27.0312906, 1.0]
                    ],
                    [
                        [-48.6520425, -27.0312906, 1.0],
                        [-48.6520374, -27.0313423, 1.0],
                        [-48.6520216, -27.0313871, 1.0],
                        [-48.6519936, -27.0314313, 1.0],
                        [-48.6519226, -27.0315223, 1.0],
                        [-48.6518387, -27.0316203, 1.0],
                        [-48.6516743, -27.0317844, 1.0]
                    ],
                    [
                        [-48.6516882, -27.030122, 1.0],
                        [-48.6518546, -27.0301097, 1.0]
                    ],
                    [
                        [-48.6502468, -27.0299002, 1.0],
                        [-48.6503577, -27.0298968, 1.0],
                        [-48.6509529, -27.0298583, 1.0],
                        [-48.6517701, -27.0297767, 1.0]
                    ],
                    [
                        [-48.6516882, -27.030122, 1.0],
                        [-48.6516947, -27.0302492, 1.0]
                    ],
                    [
                        [-48.6505338, -27.0306584, 1.0],
                        [-48.6509294, -27.0306378, 1.0],
                        [-48.6509013, -27.0302161, 1.0],
                        [-48.6516882, -27.030122, 1.0]
                    ],
                    [
                        [-48.6516743, -27.0317844, 1.0],
                        [-48.6515306, -27.0319176, 1.0],
                        [-48.6513709, -27.032056, 1.0]
                    ],
                    [
                        [-48.6516455, -27.034483, 1.0],
                        [-48.6516917, -27.0342602, 1.0],
                        [-48.6516809, -27.0341073, 1.0],
                        [-48.6516702, -27.0339926, 1.0],
                        [-48.6516219, -27.0336916, 1.0]
                    ],
                    [
                        [-48.6513709, -27.032056, 1.0],
                        [-48.6514498, -27.0321179, 1.0],
                        [-48.6514824, -27.0321509, 1.0],
                        [-48.6515084, -27.0321817, 1.0],
                        [-48.6515316, -27.0322242, 1.0],
                        [-48.6515652, -27.0322983, 1.0]
                    ],
                    [
                        [-48.6515234, -27.0312918, 1.0],
                        [-48.6514323, -27.0303197, 1.0]
                    ],
                    [
                        [-48.6515234, -27.0312918, 1.0],
                        [-48.6512327, -27.0312964, 1.0],
                        [-48.6511591, -27.0312989, 1.0],
                        [-48.6511187, -27.0313023, 1.0],
                        [-48.6510824, -27.0313078, 1.0],
                        [-48.6510398, -27.0313167, 1.0],
                        [-48.6507121, -27.031405, 1.0],
                        [-48.6506639, -27.0314196, 1.0],
                        [-48.6503233, -27.0315415, 1.0]
                    ],
                    [
                        [-48.6513709, -27.032056, 1.0],
                        [-48.6513237, -27.0320916, 1.0],
                        [-48.6512709, -27.0321285, 1.0]
                    ],
                    [
                        [-48.6513109, -27.0232759, 1.0],
                        [-48.6507454, -27.0234481, 1.0],
                        [-48.6504192, -27.0235442, 1.0]
                    ],
                    [
                        [-48.6512709, -27.0321285, 1.0],
                        [-48.6511185, -27.0318669, 1.0]
                    ],
                    [
                        [-48.6512709, -27.0321285, 1.0],
                        [-48.6510086, -27.0322958, 1.0],
                        [-48.6509364, -27.0323383, 1.0]
                    ],
                    [
                        [-48.6504913, -27.0193958, 1.0],
                        [-48.6511102, -27.019427, 1.0],
                        [-48.6511659, -27.0194243, 1.0]
                    ],
                    [
                        [-48.6509364, -27.0323383, 1.0],
                        [-48.6511398, -27.0334737, 1.0]
                    ],
                    [
                        [-48.6509364, -27.0323383, 1.0],
                        [-48.6508452, -27.0323748, 1.0],
                        [-48.6507534, -27.0324066, 1.0],
                        [-48.650658, -27.0324329, 1.0],
                        [-48.650534, -27.0324592, 1.0]
                    ],
                    [
                        [-48.6506988, -27.0211472, 1.0],
                        [-48.6504868, -27.0200539, 1.0],
                        [-48.6503908, -27.0195448, 1.0]
                    ],
                    [
                        [-48.649941, -27.021903, 1.0],
                        [-48.6506396, -27.0218248, 1.0],
                        [-48.6507704, -27.0218043, 1.0],
                        [-48.6508229, -27.021798, 1.0],
                        [-48.6508049, -27.0216558, 1.0],
                        [-48.6506988, -27.0211472, 1.0]
                    ],
                    [
                        [-48.6506988, -27.0211472, 1.0],
                        [-48.6505508, -27.021168, 1.0],
                        [-48.6501928, -27.0212397, 1.0]
                    ],
                    [
                        [-48.6505338, -27.0306584, 1.0],
                        [-48.6505178, -27.0301934, 1.0]
                    ],
                    [
                        [-48.6502284, -27.0306749, 1.0],
                        [-48.6502942, -27.0306696, 1.0],
                        [-48.6505338, -27.0306584, 1.0]
                    ],
                    [
                        [-48.6503908, -27.0195448, 1.0],
                        [-48.6503518, -27.0194652, 1.0],
                        [-48.6503236, -27.0194152, 1.0],
                        [-48.6502887, -27.019402, 1.0],
                        [-48.6501958, -27.0193708, 1.0],
                        [-48.6504913, -27.0193958, 1.0]
                    ],
                    [
                        [-48.6503908, -27.0195448, 1.0],
                        [-48.6504074, -27.0194877, 1.0],
                        [-48.6504195, -27.0194524, 1.0],
                        [-48.6504433, -27.0194265, 1.0],
                        [-48.6504913, -27.0193958, 1.0]
                    ],
                    [
                        [-48.649941, -27.021903, 1.0],
                        [-48.6504192, -27.0235442, 1.0]
                    ],
                    [
                        [-48.6504192, -27.0235442, 1.0],
                        [-48.6498557, -27.0237122, 1.0],
                        [-48.6495795, -27.023787, 1.0],
                        [-48.6492804, -27.0238792, 1.0],
                        [-48.6492051, -27.0239015, 1.0],
                        [-48.6491996, -27.0238395, 1.0],
                        [-48.6490379, -27.0220104, 1.0],
                        [-48.6493021, -27.021979, 1.0],
                        [-48.649941, -27.021903, 1.0]
                    ],
                    [
                        [-48.649941, -27.021903, 1.0],
                        [-48.6498283, -27.0205101, 1.0]
                    ]
                ]
            }
        },
        {
            "type": "Feature",
            "properties": {
                "SETOR": "M01",
                "FREQUENCIA": "SEG - QUA - SEX",
                "TURNO": "MANHÃ",
                "HORARIO": "06:00 ÀS 14:20",
                "OPERACAO": "DOMICILIAR",
                "FILIAL": "CAMBORIÚ"
            },
            "geometry": {
                "type": "MultiLineString",
                "coordinates": [
                    [
                        [-48.665811, -26.9979441, 1.0],
                        [-48.667917, -26.9985674, 1.0]
                    ],
                    [
                        [-48.6663123, -26.9986755, 1.0],
                        [-48.6675155, -26.9990274, 1.0],
                        [-48.6677235, -26.9990882, 1.0]
                    ],
                    [
                        [-48.6660041, -26.9991289, 1.0],
                        [-48.6675475, -26.9995842, 1.0]
                    ],
                    [
                        [-48.6656658, -26.9996174, 1.0],
                        [-48.6673607, -27.0001159, 1.0]
                    ],
                    [
                        [-48.6651072, -27.0004525, 1.0],
                        [-48.6669174, -27.0010324, 1.0],
                        [-48.6671225, -27.0010981, 1.0]
                    ],
                    [
                        [-48.6654239, -26.9999824, 1.0],
                        [-48.6669047, -27.0004338, 1.0]
                    ],
                    [
                        [-48.6658318, -26.9985349, 1.0],
                        [-48.6659086, -26.9985574, 1.0],
                        [-48.6663123, -26.9986755, 1.0]
                    ],
                    [
                        [-48.6660041, -26.9991289, 1.0],
                        [-48.6663123, -26.9986755, 1.0]
                    ],
                    [
                        [-48.6656658, -26.9996174, 1.0],
                        [-48.6660041, -26.9991289, 1.0]
                    ],
                    [
                        [-48.6655749, -26.9984598, 1.0],
                        [-48.6658318, -26.9985349, 1.0]
                    ],
                    [
                        [-48.6658318, -26.9985349, 1.0],
                        [-48.665356, -26.9992322, 1.0],
                        [-48.6650008, -26.9997527, 1.0]
                    ],
                    [
                        [-48.6633723, -26.9972222, 1.0],
                        [-48.6635232, -26.9972669, 1.0],
                        [-48.6656877, -26.9979076, 1.0],
                        [-48.665811, -26.9979441, 1.0]
                    ],
                    [
                        [-48.6655749, -26.9984598, 1.0],
                        [-48.665811, -26.9979441, 1.0]
                    ],
                    [
                        [-48.6654239, -26.9999824, 1.0],
                        [-48.6656658, -26.9996174, 1.0]
                    ],
                    [
                        [-48.6652867, -26.9983755, 1.0],
                        [-48.6655749, -26.9984598, 1.0]
                    ],
                    [
                        [-48.6655471, -26.9995644, 1.0],
                        [-48.66537, -26.9998177, 1.0],
                        [-48.6652735, -26.9998225, 1.0],
                        [-48.6652317, -26.999878, 1.0]
                    ],
                    [
                        [-48.6652317, -26.999878, 1.0],
                        [-48.6654239, -26.9999824, 1.0]
                    ],
                    [
                        [-48.6651072, -27.0004525, 1.0],
                        [-48.6654239, -26.9999824, 1.0]
                    ],
                    [
                        [-48.6647777, -26.9982239, 1.0],
                        [-48.6652867, -26.9983755, 1.0]
                    ],
                    [
                        [-48.6652867, -26.9983755, 1.0],
                        [-48.6645341, -26.9994993, 1.0]
                    ],
                    [
                        [-48.6650008, -26.9997527, 1.0],
                        [-48.6652317, -26.999878, 1.0]
                    ],
                    [
                        [-48.6652145, -26.9957238, 1.0],
                        [-48.6651179, -26.9957214, 1.0],
                        [-48.6648819, -26.9957286, 1.0],
                        [-48.6647558, -26.995817, 1.0],
                        [-48.6647263, -26.9959245, 1.0],
                        [-48.6648202, -26.9962161, 1.0],
                        [-48.6649248, -26.9963691, 1.0],
                        [-48.6649704, -26.996522, 1.0],
                        [-48.6649141, -26.9966248, 1.0],
                        [-48.6646754, -26.9966774, 1.0],
                        [-48.6639295, -26.9965185, 1.0],
                        [-48.6634156, -26.9962757, 1.0]
                    ],
                    [
                        [-48.6647318, -27.0010006, 1.0],
                        [-48.6648413, -27.0008394, 1.0],
                        [-48.6651072, -27.0004525, 1.0]
                    ],
                    [
                        [-48.6645341, -26.9994993, 1.0],
                        [-48.6650008, -26.9997527, 1.0]
                    ],
                    [
                        [-48.6650008, -26.9997527, 1.0],
                        [-48.6643424, -27.0007175, 1.0],
                        [-48.6643072, -27.0007691, 1.0]
                    ],
                    [
                        [-48.6642585, -26.9980748, 1.0],
                        [-48.6647777, -26.9982239, 1.0]
                    ],
                    [
                        [-48.6647777, -26.9982239, 1.0],
                        [-48.66408, -26.9992657, 1.0]
                    ],
                    [
                        [-48.6647318, -27.0010006, 1.0],
                        [-48.6646659, -27.0009647, 1.0],
                        [-48.6643701, -27.0008034, 1.0],
                        [-48.6643072, -27.0007691, 1.0]
                    ],
                    [
                        [-48.663783, -27.0015373, 1.0],
                        [-48.6638624, -27.0015666, 1.0],
                        [-48.6641026, -27.0016553, 1.0],
                        [-48.6641813, -27.0016768, 1.0],
                        [-48.6642648, -27.0016876, 1.0],
                        [-48.6643022, -27.0016326, 1.0],
                        [-48.6647318, -27.0010006, 1.0]
                    ],
                    [
                        [-48.66408, -26.9992657, 1.0],
                        [-48.6645341, -26.9994993, 1.0]
                    ],
                    [
                        [-48.6645341, -26.9994993, 1.0],
                        [-48.6638832, -27.0004382, 1.0],
                        [-48.663833, -27.0005107, 1.0]
                    ],
                    [
                        [-48.6643072, -27.0007691, 1.0],
                        [-48.6639159, -27.0005559, 1.0],
                        [-48.663833, -27.0005107, 1.0]
                    ],
                    [
                        [-48.6643072, -27.0007691, 1.0],
                        [-48.6642564, -27.0008436, 1.0],
                        [-48.663783, -27.0015373, 1.0]
                    ],
                    [
                        [-48.6636454, -26.9979038, 1.0],
                        [-48.6642585, -26.9980748, 1.0]
                    ],
                    [
                        [-48.6642585, -26.9980748, 1.0],
                        [-48.6636317, -26.9990133, 1.0]
                    ],
                    [
                        [-48.6636317, -26.9990133, 1.0],
                        [-48.66408, -26.9992657, 1.0]
                    ],
                    [
                        [-48.66408, -26.9992657, 1.0],
                        [-48.6634496, -27.0002068, 1.0],
                        [-48.6634032, -27.0002762, 1.0]
                    ],
                    [
                        [-48.6639615, -26.9924406, 1.0],
                        [-48.6637185, -26.9922081, 1.0],
                        [-48.6635461, -26.9920486, 1.0],
                        [-48.6634161, -26.9919082, 1.0],
                        [-48.6631747, -26.9917152, 1.0],
                        [-48.6627935, -26.9914263, 1.0]
                    ],
                    [
                        [-48.6639615, -26.9924406, 1.0],
                        [-48.6640812, -26.9923085, 1.0],
                        [-48.6640859, -26.9922201, 1.0],
                        [-48.6640652, -26.9921304, 1.0],
                        [-48.663807, -26.9917875, 1.0],
                        [-48.663745, -26.9917588, 1.0],
                        [-48.6636883, -26.9917546, 1.0],
                        [-48.6635093, -26.9917761, 1.0],
                        [-48.6634456, -26.9917809, 1.0],
                        [-48.6633933, -26.9917701, 1.0],
                        [-48.6632511, -26.991656, 1.0],
                        [-48.6631619, -26.9915592, 1.0],
                        [-48.6630902, -26.9914968, 1.0],
                        [-48.6628877, -26.991304, 1.0]
                    ],
                    [
                        [-48.6637956, -26.9928534, 1.0],
                        [-48.6641081, -26.9929281, 1.0],
                        [-48.6641413, -26.9929235, 1.0],
                        [-48.6641738, -26.9929096, 1.0],
                        [-48.6642764, -26.9927417, 1.0],
                        [-48.6642844, -26.9927131, 1.0],
                        [-48.6642791, -26.9926843, 1.0],
                        [-48.6639615, -26.9924406, 1.0]
                    ],
                    [
                        [-48.663841, -26.9965209, 1.0],
                        [-48.6634961, -26.997037, 1.0]
                    ],
                    [
                        [-48.663833, -27.0005107, 1.0],
                        [-48.6634843, -27.0003207, 1.0],
                        [-48.6634032, -27.0002762, 1.0]
                    ],
                    [
                        [-48.663833, -27.0005107, 1.0],
                        [-48.6637813, -27.0005867, 1.0],
                        [-48.6637467, -27.0006376, 1.0],
                        [-48.6632429, -27.0013779, 1.0]
                    ],
                    [
                        [-48.6632429, -27.0013779, 1.0],
                        [-48.6633862, -27.0014025, 1.0],
                        [-48.6636744, -27.0014916, 1.0],
                        [-48.663783, -27.0015373, 1.0]
                    ],
                    [
                        [-48.6630803, -26.9977323, 1.0],
                        [-48.6636454, -26.9979038, 1.0]
                    ],
                    [
                        [-48.6636454, -26.9979038, 1.0],
                        [-48.6630988, -26.9987373, 1.0]
                    ],
                    [
                        [-48.6630988, -26.9987373, 1.0],
                        [-48.6636317, -26.9990133, 1.0]
                    ],
                    [
                        [-48.6636317, -26.9990133, 1.0],
                        [-48.6629468, -27.0000278, 1.0]
                    ],
                    [
                        [-48.663066, -26.9968063, 1.0],
                        [-48.6634054, -26.9969883, 1.0],
                        [-48.6634961, -26.997037, 1.0]
                    ],
                    [
                        [-48.6634961, -26.997037, 1.0],
                        [-48.6633723, -26.9972222, 1.0]
                    ],
                    [
                        [-48.6634156, -26.9962757, 1.0],
                        [-48.66299, -26.9960458, 1.0],
                        [-48.6626795, -26.9965022, 1.0],
                        [-48.6626313, -26.996573, 1.0]
                    ],
                    [
                        [-48.6634156, -26.9962757, 1.0],
                        [-48.663066, -26.9968063, 1.0]
                    ],
                    [
                        [-48.6634032, -27.0002762, 1.0],
                        [-48.663106, -27.0001145, 1.0],
                        [-48.6629468, -27.0000278, 1.0]
                    ],
                    [
                        [-48.6634032, -27.0002762, 1.0],
                        [-48.6633452, -27.0003627, 1.0],
                        [-48.6626657, -27.0013773, 1.0]
                    ],
                    [
                        [-48.6633723, -26.9972222, 1.0],
                        [-48.6630803, -26.9977323, 1.0]
                    ],
                    [
                        [-48.6626657, -27.0013773, 1.0],
                        [-48.6627291, -27.0013864, 1.0],
                        [-48.6631472, -27.0013708, 1.0],
                        [-48.6632429, -27.0013779, 1.0]
                    ],
                    [
                        [-48.6626005, -26.9984528, 1.0],
                        [-48.6630988, -26.9987373, 1.0]
                    ],
                    [
                        [-48.6630988, -26.9987373, 1.0],
                        [-48.6624353, -26.9997491, 1.0]
                    ],
                    [
                        [-48.662608, -26.9975121, 1.0],
                        [-48.6627067, -26.9975703, 1.0],
                        [-48.6628852, -26.9976486, 1.0],
                        [-48.6629743, -26.9976889, 1.0],
                        [-48.6630803, -26.9977323, 1.0]
                    ],
                    [
                        [-48.6630803, -26.9977323, 1.0],
                        [-48.6626005, -26.9984528, 1.0]
                    ],
                    [
                        [-48.6626313, -26.996573, 1.0],
                        [-48.6629451, -26.9967414, 1.0],
                        [-48.663066, -26.9968063, 1.0]
                    ],
                    [
                        [-48.663066, -26.9968063, 1.0],
                        [-48.662608, -26.9975121, 1.0]
                    ],
                    [
                        [-48.6629468, -27.0000278, 1.0],
                        [-48.6625103, -26.99979, 1.0],
                        [-48.6624353, -26.9997491, 1.0]
                    ],
                    [
                        [-48.6629468, -27.0000278, 1.0],
                        [-48.6621813, -27.0011617, 1.0]
                    ],
                    [
                        [-48.6621813, -27.0011617, 1.0],
                        [-48.6624724, -27.0013149, 1.0],
                        [-48.6625151, -27.0013335, 1.0],
                        [-48.6626657, -27.0013773, 1.0]
                    ],
                    [
                        [-48.6621748, -26.9963587, 1.0],
                        [-48.6625448, -26.9965266, 1.0],
                        [-48.6626313, -26.996573, 1.0]
                    ],
                    [
                        [-48.6621671, -26.9972738, 1.0],
                        [-48.6626313, -26.996573, 1.0]
                    ],
                    [
                        [-48.6621671, -26.9972738, 1.0],
                        [-48.662608, -26.9975121, 1.0]
                    ],
                    [
                        [-48.662608, -26.9975121, 1.0],
                        [-48.6621447, -26.9982169, 1.0]
                    ],
                    [
                        [-48.6621447, -26.9982169, 1.0],
                        [-48.6626005, -26.9984528, 1.0]
                    ],
                    [
                        [-48.6626005, -26.9984528, 1.0],
                        [-48.6619723, -26.9993901, 1.0],
                        [-48.6619179, -26.9994674, 1.0]
                    ],
                    [
                        [-48.6625164, -26.9958568, 1.0],
                        [-48.6621748, -26.9963587, 1.0]
                    ],
                    [
                        [-48.6624353, -26.9997491, 1.0],
                        [-48.6620257, -26.9995262, 1.0],
                        [-48.6619179, -26.9994674, 1.0]
                    ],
                    [
                        [-48.6624353, -26.9997491, 1.0],
                        [-48.6616759, -27.0008738, 1.0]
                    ],
                    [
                        [-48.6620997, -26.9955648, 1.0],
                        [-48.6623072, -26.9956769, 1.0]
                    ],
                    [
                        [-48.6616759, -27.0008738, 1.0],
                        [-48.6620323, -27.0010832, 1.0],
                        [-48.6621813, -27.0011617, 1.0]
                    ],
                    [
                        [-48.6617382, -26.9961167, 1.0],
                        [-48.6620609, -26.996296, 1.0],
                        [-48.6621748, -26.9963587, 1.0]
                    ],
                    [
                        [-48.6621748, -26.9963587, 1.0],
                        [-48.6617223, -26.9970227, 1.0]
                    ],
                    [
                        [-48.6617223, -26.9970227, 1.0],
                        [-48.6620427, -26.9972036, 1.0],
                        [-48.6621671, -26.9972738, 1.0]
                    ],
                    [
                        [-48.6616904, -26.9979556, 1.0],
                        [-48.6621671, -26.9972738, 1.0]
                    ],
                    [
                        [-48.6616904, -26.9979556, 1.0],
                        [-48.6621447, -26.9982169, 1.0]
                    ],
                    [
                        [-48.6621447, -26.9982169, 1.0],
                        [-48.661517, -26.9991574, 1.0],
                        [-48.6614727, -26.9992247, 1.0]
                    ],
                    [
                        [-48.6620997, -26.9955648, 1.0],
                        [-48.6616759, -26.9953359, 1.0],
                        [-48.6613033, -26.9958816, 1.0]
                    ],
                    [
                        [-48.6617382, -26.9961167, 1.0],
                        [-48.6620997, -26.9955648, 1.0]
                    ],
                    [
                        [-48.6619179, -26.9994674, 1.0],
                        [-48.661519, -26.9992499, 1.0],
                        [-48.6614727, -26.9992247, 1.0]
                    ],
                    [
                        [-48.6619179, -26.9994674, 1.0],
                        [-48.6618615, -26.9995538, 1.0],
                        [-48.6611749, -27.0005578, 1.0]
                    ],
                    [
                        [-48.6613033, -26.9958816, 1.0],
                        [-48.6615764, -26.9960265, 1.0],
                        [-48.6617382, -26.9961167, 1.0]
                    ],
                    [
                        [-48.6612817, -26.9967917, 1.0],
                        [-48.6617382, -26.9961167, 1.0]
                    ],
                    [
                        [-48.6612817, -26.9967917, 1.0],
                        [-48.6617223, -26.9970227, 1.0]
                    ],
                    [
                        [-48.6617223, -26.9970227, 1.0],
                        [-48.6612636, -26.997724, 1.0]
                    ],
                    [
                        [-48.6612636, -26.997724, 1.0],
                        [-48.6616904, -26.9979556, 1.0]
                    ],
                    [
                        [-48.6610016, -26.9989679, 1.0],
                        [-48.661028, -26.9989291, 1.0],
                        [-48.6616904, -26.9979556, 1.0]
                    ],
                    [
                        [-48.6611749, -27.0005578, 1.0],
                        [-48.6612615, -27.0006143, 1.0],
                        [-48.6613056, -27.0006439, 1.0],
                        [-48.661355, -27.0006802, 1.0],
                        [-48.6614487, -27.0007404, 1.0],
                        [-48.6616759, -27.0008738, 1.0]
                    ],
                    [
                        [-48.6614727, -26.9992247, 1.0],
                        [-48.6610861, -26.9990139, 1.0],
                        [-48.6610016, -26.9989679, 1.0]
                    ],
                    [
                        [-48.6614727, -26.9992247, 1.0],
                        [-48.6614249, -26.9992972, 1.0],
                        [-48.6607778, -27.000238, 1.0]
                    ],
                    [
                        [-48.6608428, -26.9956332, 1.0],
                        [-48.6613033, -26.9958816, 1.0]
                    ],
                    [
                        [-48.6613033, -26.9958816, 1.0],
                        [-48.6608423, -26.9965399, 1.0]
                    ],
                    [
                        [-48.6608423, -26.9965399, 1.0],
                        [-48.6612817, -26.9967917, 1.0]
                    ],
                    [
                        [-48.6607991, -26.9974718, 1.0],
                        [-48.6612817, -26.9967917, 1.0]
                    ],
                    [
                        [-48.6607991, -26.9974718, 1.0],
                        [-48.6612636, -26.997724, 1.0]
                    ],
                    [
                        [-48.6612636, -26.997724, 1.0],
                        [-48.6606195, -26.998671, 1.0],
                        [-48.6605755, -26.9987357, 1.0]
                    ],
                    [
                        [-48.6607778, -27.000238, 1.0],
                        [-48.6610973, -27.0004945, 1.0],
                        [-48.6611749, -27.0005578, 1.0]
                    ],
                    [
                        [-48.6610016, -26.9989679, 1.0],
                        [-48.6606504, -26.9987766, 1.0],
                        [-48.6605755, -26.9987357, 1.0]
                    ],
                    [
                        [-48.6603838, -26.999939, 1.0],
                        [-48.660431, -26.9998702, 1.0],
                        [-48.6607854, -26.9993533, 1.0],
                        [-48.6609594, -26.9990299, 1.0],
                        [-48.6610016, -26.9989679, 1.0]
                    ],
                    [
                        [-48.6604019, -26.9953878, 1.0],
                        [-48.6607331, -26.9955721, 1.0],
                        [-48.6608428, -26.9956332, 1.0]
                    ],
                    [
                        [-48.6607688, -26.9948458, 1.0],
                        [-48.6612282, -26.9950775, 1.0],
                        [-48.6608428, -26.9956332, 1.0]
                    ],
                    [
                        [-48.6608428, -26.9956332, 1.0],
                        [-48.6603765, -26.9962847, 1.0]
                    ],
                    [
                        [-48.6603765, -26.9962847, 1.0],
                        [-48.6607479, -26.9964882, 1.0],
                        [-48.6608423, -26.9965399, 1.0]
                    ],
                    [
                        [-48.6608423, -26.9965399, 1.0],
                        [-48.6603615, -26.9972342, 1.0]
                    ],
                    [
                        [-48.6603615, -26.9972342, 1.0],
                        [-48.6607991, -26.9974718, 1.0]
                    ],
                    [
                        [-48.66011, -26.9984822, 1.0],
                        [-48.6607991, -26.9974718, 1.0]
                    ],
                    [
                        [-48.6603838, -26.999939, 1.0],
                        [-48.6606438, -27.0001389, 1.0],
                        [-48.6607778, -27.000238, 1.0]
                    ],
                    [
                        [-48.6603114, -26.9945987, 1.0],
                        [-48.6607688, -26.9948458, 1.0]
                    ],
                    [
                        [-48.6607688, -26.9948458, 1.0],
                        [-48.6604019, -26.9953878, 1.0]
                    ],
                    [
                        [-48.6605755, -26.9987357, 1.0],
                        [-48.6602136, -26.9985386, 1.0],
                        [-48.66011, -26.9984822, 1.0]
                    ],
                    [
                        [-48.6605755, -26.9987357, 1.0],
                        [-48.6605151, -26.9988245, 1.0],
                        [-48.6599029, -26.9996753, 1.0]
                    ],
                    [
                        [-48.6599479, -26.9951519, 1.0],
                        [-48.6603198, -26.9953505, 1.0],
                        [-48.6604019, -26.9953878, 1.0]
                    ],
                    [
                        [-48.6604019, -26.9953878, 1.0],
                        [-48.6599431, -26.9960473, 1.0]
                    ],
                    [
                        [-48.6599029, -26.9996753, 1.0],
                        [-48.659982, -26.9997098, 1.0],
                        [-48.6600568, -26.9997514, 1.0],
                        [-48.6601692, -26.9998088, 1.0],
                        [-48.6602847, -26.9998718, 1.0],
                        [-48.6603838, -26.999939, 1.0]
                    ],
                    [
                        [-48.6599431, -26.9960473, 1.0],
                        [-48.6603765, -26.9962847, 1.0]
                    ],
                    [
                        [-48.6603765, -26.9962847, 1.0],
                        [-48.6599007, -26.9969841, 1.0]
                    ],
                    [
                        [-48.6599007, -26.9969841, 1.0],
                        [-48.6603615, -26.9972342, 1.0]
                    ],
                    [
                        [-48.6603615, -26.9972342, 1.0],
                        [-48.659709, -26.9981765, 1.0],
                        [-48.6596652, -26.9982398, 1.0]
                    ],
                    [
                        [-48.6594539, -26.9948904, 1.0],
                        [-48.659999, -26.994432, 1.0],
                        [-48.6603114, -26.9945987, 1.0]
                    ],
                    [
                        [-48.6603114, -26.9945987, 1.0],
                        [-48.6599479, -26.9951519, 1.0]
                    ],
                    [
                        [-48.66011, -26.9984822, 1.0],
                        [-48.6597387, -26.9982798, 1.0],
                        [-48.6596652, -26.9982398, 1.0]
                    ],
                    [
                        [-48.6594485, -26.9994747, 1.0],
                        [-48.66011, -26.9984822, 1.0]
                    ],
                    [
                        [-48.6594539, -26.9948904, 1.0],
                        [-48.6598695, -26.9951106, 1.0],
                        [-48.6599479, -26.9951519, 1.0]
                    ],
                    [
                        [-48.6599479, -26.9951519, 1.0],
                        [-48.6595009, -26.995805, 1.0]
                    ],
                    [
                        [-48.6595009, -26.995805, 1.0],
                        [-48.6599431, -26.9960473, 1.0]
                    ],
                    [
                        [-48.6599431, -26.9960473, 1.0],
                        [-48.6594627, -26.9967463, 1.0]
                    ],
                    [
                        [-48.6594485, -26.9994747, 1.0],
                        [-48.6596816, -26.9995731, 1.0],
                        [-48.6599029, -26.9996753, 1.0]
                    ],
                    [
                        [-48.6594627, -26.9967463, 1.0],
                        [-48.6599007, -26.9969841, 1.0]
                    ],
                    [
                        [-48.6599007, -26.9969841, 1.0],
                        [-48.6592532, -26.9979356, 1.0],
                        [-48.6592137, -26.9979936, 1.0]
                    ],
                    [
                        [-48.6596652, -26.9982398, 1.0],
                        [-48.6592993, -26.9980403, 1.0],
                        [-48.6592137, -26.9979936, 1.0]
                    ],
                    [
                        [-48.6596652, -26.9982398, 1.0],
                        [-48.6596059, -26.9983254, 1.0],
                        [-48.6589756, -26.9992355, 1.0]
                    ],
                    [
                        [-48.6590412, -26.9955531, 1.0],
                        [-48.6594205, -26.9957652, 1.0],
                        [-48.6595009, -26.995805, 1.0]
                    ],
                    [
                        [-48.6595009, -26.995805, 1.0],
                        [-48.659019, -26.9965102, 1.0]
                    ],
                    [
                        [-48.659019, -26.9965102, 1.0],
                        [-48.6594627, -26.9967463, 1.0]
                    ],
                    [
                        [-48.6594627, -26.9967463, 1.0],
                        [-48.6588066, -26.9977011, 1.0],
                        [-48.6587712, -26.9977526, 1.0]
                    ],
                    [
                        [-48.6588586, -26.9954531, 1.0],
                        [-48.6594539, -26.9948904, 1.0]
                    ],
                    [
                        [-48.6589756, -26.9992355, 1.0],
                        [-48.6593837, -26.9994419, 1.0],
                        [-48.6594485, -26.9994747, 1.0]
                    ],
                    [
                        [-48.6592137, -26.9979936, 1.0],
                        [-48.6588483, -26.9977946, 1.0],
                        [-48.6587712, -26.9977526, 1.0]
                    ],
                    [
                        [-48.6592137, -26.9979936, 1.0],
                        [-48.6591523, -26.9980838, 1.0],
                        [-48.6585288, -26.999, 1.0]
                    ],
                    [
                        [-48.6588586, -26.9954531, 1.0],
                        [-48.6590412, -26.9955531, 1.0]
                    ],
                    [
                        [-48.6590412, -26.9955531, 1.0],
                        [-48.6585614, -26.996257, 1.0]
                    ],
                    [
                        [-48.6585614, -26.996257, 1.0],
                        [-48.659019, -26.9965102, 1.0]
                    ],
                    [
                        [-48.659019, -26.9965102, 1.0],
                        [-48.6583581, -26.9974489, 1.0],
                        [-48.6583189, -26.9975061, 1.0]
                    ],
                    [
                        [-48.6585288, -26.999, 1.0],
                        [-48.6586347, -26.9990619, 1.0],
                        [-48.6587739, -26.9991365, 1.0],
                        [-48.6589179, -26.9992072, 1.0],
                        [-48.6589756, -26.9992355, 1.0]
                    ],
                    [
                        [-48.6585754, -26.9952979, 1.0],
                        [-48.6588586, -26.9954531, 1.0]
                    ],
                    [
                        [-48.6587712, -26.9977526, 1.0],
                        [-48.6583974, -26.9975489, 1.0],
                        [-48.6583189, -26.9975061, 1.0]
                    ],
                    [
                        [-48.6587712, -26.9977526, 1.0],
                        [-48.658709, -26.9978431, 1.0],
                        [-48.6581222, -26.998775, 1.0]
                    ],
                    [
                        [-48.6584213, -26.9952135, 1.0],
                        [-48.6585754, -26.9952979, 1.0]
                    ],
                    [
                        [-48.6580967, -26.9960047, 1.0],
                        [-48.6585754, -26.9952979, 1.0]
                    ],
                    [
                        [-48.6580967, -26.9960047, 1.0],
                        [-48.6585614, -26.996257, 1.0]
                    ],
                    [
                        [-48.6585614, -26.996257, 1.0],
                        [-48.6579135, -26.9972075, 1.0],
                        [-48.6578749, -26.9972642, 1.0]
                    ],
                    [
                        [-48.6581222, -26.998775, 1.0],
                        [-48.6585288, -26.999, 1.0]
                    ],
                    [
                        [-48.6583189, -26.9975061, 1.0],
                        [-48.657983, -26.9973231, 1.0],
                        [-48.6578749, -26.9972642, 1.0]
                    ],
                    [
                        [-48.6583189, -26.9975061, 1.0],
                        [-48.6582615, -26.9975898, 1.0],
                        [-48.6576656, -26.9984593, 1.0]
                    ],
                    [
                        [-48.6576656, -26.9984593, 1.0],
                        [-48.6578592, -26.9985813, 1.0],
                        [-48.6581222, -26.998775, 1.0]
                    ],
                    [
                        [-48.6576973, -26.9957824, 1.0],
                        [-48.6580967, -26.9960047, 1.0]
                    ],
                    [
                        [-48.657414, -26.997013, 1.0],
                        [-48.6574441, -26.9969685, 1.0],
                        [-48.6580967, -26.9960047, 1.0]
                    ],
                    [
                        [-48.6578749, -26.9972642, 1.0],
                        [-48.6574767, -26.9970472, 1.0],
                        [-48.657414, -26.997013, 1.0]
                    ],
                    [
                        [-48.6578749, -26.9972642, 1.0],
                        [-48.6578312, -26.9973283, 1.0],
                        [-48.6575119, -26.9977968, 1.0],
                        [-48.6572351, -26.9982028, 1.0]
                    ],
                    [
                        [-48.6572351, -26.9982028, 1.0],
                        [-48.6575132, -26.9983583, 1.0],
                        [-48.6576081, -26.9984203, 1.0],
                        [-48.6576656, -26.9984593, 1.0]
                    ],
                    [
                        [-48.6569614, -26.9967664, 1.0],
                        [-48.6569983, -26.9967117, 1.0],
                        [-48.657358, -26.9961795, 1.0],
                        [-48.6573773, -26.9961363, 1.0],
                        [-48.6573903, -26.9960904, 1.0],
                        [-48.6574154, -26.9959659, 1.0]
                    ],
                    [
                        [-48.657414, -26.997013, 1.0],
                        [-48.6570269, -26.9968021, 1.0],
                        [-48.6569614, -26.9967664, 1.0]
                    ],
                    [
                        [-48.6567761, -26.9979552, 1.0],
                        [-48.6573497, -26.997108, 1.0],
                        [-48.6573782, -26.9970658, 1.0],
                        [-48.657414, -26.997013, 1.0]
                    ],
                    [
                        [-48.6567761, -26.9979552, 1.0],
                        [-48.6569709, -26.9980603, 1.0],
                        [-48.6572351, -26.9982028, 1.0]
                    ],
                    [
                        [-48.6565347, -26.9965354, 1.0],
                        [-48.6566709, -26.9964705, 1.0],
                        [-48.6569667, -26.9963333, 1.0]
                    ],
                    [
                        [-48.6569614, -26.9967664, 1.0],
                        [-48.6568903, -26.9967279, 1.0],
                        [-48.6566, -26.9965707, 1.0],
                        [-48.6565347, -26.9965354, 1.0]
                    ],
                    [
                        [-48.6564359, -26.9975294, 1.0],
                        [-48.6569154, -26.9968333, 1.0],
                        [-48.6569614, -26.9967664, 1.0]
                    ],
                    [
                        [-48.6564359, -26.9975294, 1.0],
                        [-48.6564659, -26.9976143, 1.0],
                        [-48.6564924, -26.9976811, 1.0],
                        [-48.6565379, -26.9977769, 1.0],
                        [-48.6565651, -26.9978127, 1.0],
                        [-48.6565984, -26.9978427, 1.0],
                        [-48.6566362, -26.9978668, 1.0],
                        [-48.6567761, -26.9979552, 1.0]
                    ],
                    [
                        [-48.6565347, -26.9965354, 1.0],
                        [-48.6562576, -26.996648, 1.0],
                        [-48.6561938, -26.9966659, 1.0],
                        [-48.6560075, -26.9967113, 1.0],
                        [-48.6560394, -26.9967712, 1.0],
                        [-48.6561003, -26.9968723, 1.0],
                        [-48.6562037, -26.9970146, 1.0],
                        [-48.656297, -26.9971446, 1.0],
                        [-48.6563444, -26.9972256, 1.0],
                        [-48.6563705, -26.9972834, 1.0],
                        [-48.6563945, -26.9973517, 1.0],
                        [-48.6564359, -26.9975294, 1.0]
                    ]
                ]
            }
        },
        {
            "type": "Feature",
            "properties": {
                "SETOR": "N03",
                "FREQUENCIA": "SEG - QUA - SEX",
                "TURNO": "NOITE",
                "HORARIO": "22:35 ÀS 06:07",
                "OPERACAO": "DOMICILIAR",
                "FILIAL": "CAMBORIÚ"
            },
            "geometry": {
                "type": "MultiLineString",
                "coordinates": [
                    [
                        [-48.6545374, -27.0264475, 1.0],
                        [-48.6539212, -27.0266211, 1.0]
                    ],
                    [
                        [-48.6539212, -27.0266211, 1.0],
                        [-48.6522042, -27.0241762, 1.0]
                    ],
                    [
                        [-48.6539212, -27.0266211, 1.0],
                        [-48.6533325, -27.0267869, 1.0]
                    ],
                    [
                        [-48.6533325, -27.0267869, 1.0],
                        [-48.6526495, -27.0258379, 1.0]
                    ],
                    [
                        [-48.6533325, -27.0267869, 1.0],
                        [-48.6526914, -27.0269674, 1.0]
                    ],
                    [
                        [-48.6522042, -27.0241762, 1.0],
                        [-48.6522579, -27.0241443, 1.0],
                        [-48.6526629, -27.0239041, 1.0],
                        [-48.6527214, -27.0238694, 1.0]
                    ],
                    [
                        [-48.6526495, -27.0258379, 1.0],
                        [-48.6526914, -27.0269674, 1.0]
                    ],
                    [
                        [-48.6526914, -27.0269674, 1.0],
                        [-48.6523805, -27.027055, 1.0],
                        [-48.6522078, -27.0270996, 1.0],
                        [-48.6520755, -27.027127, 1.0]
                    ],
                    [
                        [-48.6526495, -27.0258379, 1.0],
                        [-48.6520074, -27.0248922, 1.0]
                    ],
                    [
                        [-48.6522042, -27.0241762, 1.0],
                        [-48.6521065, -27.02404, 1.0],
                        [-48.6520676, -27.0239767, 1.0],
                        [-48.6520274, -27.0238763, 1.0],
                        [-48.6518036, -27.0232017, 1.0],
                        [-48.651789, -27.0231578, 1.0]
                    ],
                    [
                        [-48.6517029, -27.0244471, 1.0],
                        [-48.6517725, -27.0244095, 1.0],
                        [-48.6521367, -27.0242127, 1.0],
                        [-48.6522042, -27.0241762, 1.0]
                    ],
                    [
                        [-48.6520755, -27.027127, 1.0],
                        [-48.6520074, -27.0248922, 1.0]
                    ],
                    [
                        [-48.6520755, -27.027127, 1.0],
                        [-48.6519191, -27.0271481, 1.0],
                        [-48.6518161, -27.0271578, 1.0],
                        [-48.6516182, -27.0271685, 1.0],
                        [-48.651453, -27.0271709, 1.0]
                    ],
                    [
                        [-48.6520074, -27.0248922, 1.0],
                        [-48.6517539, -27.0245216, 1.0],
                        [-48.6517029, -27.0244471, 1.0]
                    ],
                    [
                        [-48.650534, -27.0324592, 1.0],
                        [-48.6507178, -27.0335894, 1.0],
                        [-48.650736, -27.0336516, 1.0],
                        [-48.6507677, -27.0337126, 1.0],
                        [-48.6508186, -27.0337769, 1.0],
                        [-48.6508579, -27.0338225, 1.0],
                        [-48.6509324, -27.0338952, 1.0],
                        [-48.6513774, -27.0342711, 1.0],
                        [-48.6514696, -27.0343473, 1.0],
                        [-48.6515245, -27.0343926, 1.0],
                        [-48.6515835, -27.0344404, 1.0],
                        [-48.6516455, -27.034483, 1.0],
                        [-48.6517283, -27.0345238, 1.0]
                    ],
                    [
                        [-48.6517029, -27.0244471, 1.0],
                        [-48.6513399, -27.0233708, 1.0],
                        [-48.6513325, -27.0233487, 1.0],
                        [-48.6513109, -27.0232759, 1.0]
                    ],
                    [
                        [-48.6513747, -27.0246368, 1.0],
                        [-48.6516238, -27.0244928, 1.0],
                        [-48.6517029, -27.0244471, 1.0]
                    ],
                    [
                        [-48.6514064, -27.0256143, 1.0],
                        [-48.651453, -27.0271709, 1.0]
                    ],
                    [
                        [-48.651453, -27.0271709, 1.0],
                        [-48.6507724, -27.0271746, 1.0]
                    ],
                    [
                        [-48.6513747, -27.0246368, 1.0],
                        [-48.6514064, -27.0256143, 1.0]
                    ],
                    [
                        [-48.6514064, -27.0256143, 1.0],
                        [-48.6513465, -27.0256227, 1.0],
                        [-48.650714, -27.0257116, 1.0]
                    ],
                    [
                        [-48.6506788, -27.0248334, 1.0],
                        [-48.6509725, -27.0247867, 1.0],
                        [-48.651102, -27.0247556, 1.0],
                        [-48.6512294, -27.024709, 1.0],
                        [-48.6513747, -27.0246368, 1.0]
                    ],
                    [
                        [-48.6509402, -27.0278766, 1.0],
                        [-48.6499701, -27.0279938, 1.0]
                    ],
                    [
                        [-48.6507724, -27.0271746, 1.0],
                        [-48.650617, -27.0271745, 1.0],
                        [-48.6504874, -27.0271744, 1.0],
                        [-48.6501284, -27.0271774, 1.0],
                        [-48.6499454, -27.0271871, 1.0],
                        [-48.6497067, -27.0272099, 1.0]
                    ],
                    [
                        [-48.6507724, -27.0271746, 1.0],
                        [-48.650714, -27.0257116, 1.0]
                    ],
                    [
                        [-48.650714, -27.0257116, 1.0],
                        [-48.6506788, -27.0248334, 1.0]
                    ],
                    [
                        [-48.650714, -27.0257116, 1.0],
                        [-48.6499872, -27.0258138, 1.0]
                    ],
                    [
                        [-48.6506788, -27.0248334, 1.0],
                        [-48.6506657, -27.0245076, 1.0]
                    ],
                    [
                        [-48.6499306, -27.0249122, 1.0],
                        [-48.6506788, -27.0248334, 1.0]
                    ],
                    [
                        [-48.6502402, -27.0312542, 1.0],
                        [-48.6502624, -27.0313463, 1.0],
                        [-48.6502893, -27.0314411, 1.0],
                        [-48.6503233, -27.0315415, 1.0],
                        [-48.6504269, -27.0318411, 1.0],
                        [-48.6504485, -27.0319307, 1.0],
                        [-48.6504654, -27.0320265, 1.0],
                        [-48.650534, -27.0324592, 1.0]
                    ],
                    [
                        [-48.650534, -27.0324592, 1.0],
                        [-48.6497761, -27.0325306, 1.0]
                    ],
                    [
                        [-48.6498479, -27.029337, 1.0],
                        [-48.6501765, -27.0293107, 1.0],
                        [-48.6502468, -27.0299002, 1.0],
                        [-48.6502512, -27.0299764, 1.0],
                        [-48.6502523, -27.0300711, 1.0],
                        [-48.6502426, -27.0302297, 1.0]
                    ],
                    [
                        [-48.6502426, -27.0302297, 1.0],
                        [-48.6502284, -27.0306749, 1.0],
                        [-48.6502193, -27.0310851, 1.0],
                        [-48.6502271, -27.0311721, 1.0],
                        [-48.6502402, -27.0312542, 1.0]
                    ],
                    [
                        [-48.6499058, -27.030552, 1.0],
                        [-48.6502426, -27.0302297, 1.0]
                    ],
                    [
                        [-48.6502402, -27.0312542, 1.0],
                        [-48.6500144, -27.0313464, 1.0],
                        [-48.6498521, -27.0311254, 1.0],
                        [-48.6498146, -27.0310609, 1.0],
                        [-48.6497958, -27.0309856, 1.0],
                        [-48.6497824, -27.030914, 1.0],
                        [-48.649781, -27.0308303, 1.0],
                        [-48.6497922, -27.0307549, 1.0],
                        [-48.6498014, -27.0307063, 1.0],
                        [-48.6498218, -27.0306467, 1.0]
                    ],
                    [
                        [-48.6501616, -27.029188, 1.0],
                        [-48.6501207, -27.0289008, 1.0],
                        [-48.6500734, -27.0286031, 1.0],
                        [-48.6493573, -27.028736, 1.0]
                    ],
                    [
                        [-48.6499701, -27.0279938, 1.0],
                        [-48.6500607, -27.0285157, 1.0]
                    ],
                    [
                        [-48.6500434, -27.0267096, 1.0],
                        [-48.6499872, -27.0258138, 1.0]
                    ],
                    [
                        [-48.6499872, -27.0258138, 1.0],
                        [-48.6499306, -27.0249122, 1.0]
                    ],
                    [
                        [-48.6499872, -27.0258138, 1.0],
                        [-48.6494587, -27.0258881, 1.0],
                        [-48.6494209, -27.0258934, 1.0],
                        [-48.6493377, -27.0259051, 1.0]
                    ],
                    [
                        [-48.6497067, -27.0272099, 1.0],
                        [-48.6498889, -27.0276797, 1.0],
                        [-48.6499151, -27.027758, 1.0],
                        [-48.6499469, -27.0278843, 1.0],
                        [-48.6499701, -27.0279938, 1.0]
                    ],
                    [
                        [-48.6499306, -27.0249122, 1.0],
                        [-48.6498557, -27.0237122, 1.0]
                    ],
                    [
                        [-48.6499058, -27.030552, 1.0],
                        [-48.6498647, -27.0305013, 1.0],
                        [-48.649845, -27.0304592, 1.0],
                        [-48.6498374, -27.0304254, 1.0],
                        [-48.6498367, -27.030387, 1.0],
                        [-48.6498394, -27.0303391, 1.0]
                    ],
                    [
                        [-48.6498218, -27.0306467, 1.0],
                        [-48.6498703, -27.0305873, 1.0],
                        [-48.6499058, -27.030552, 1.0]
                    ],
                    [
                        [-48.6498742, -27.0319121, 1.0],
                        [-48.6493662, -27.0319546, 1.0]
                    ],
                    [
                        [-48.6498479, -27.029337, 1.0],
                        [-48.6498558, -27.0294116, 1.0]
                    ],
                    [
                        [-48.6498479, -27.029337, 1.0],
                        [-48.6496473, -27.0293297, 1.0]
                    ],
                    [
                        [-48.6498218, -27.0306467, 1.0],
                        [-48.6494574, -27.0306645, 1.0],
                        [-48.6492473, -27.0306819, 1.0],
                        [-48.6490967, -27.0306964, 1.0],
                        [-48.6481114, -27.0308274, 1.0],
                        [-48.6480507, -27.0308311, 1.0],
                        [-48.6479983, -27.0308348, 1.0],
                        [-48.6476285, -27.0308557, 1.0]
                    ],
                    [
                        [-48.6497761, -27.0325306, 1.0],
                        [-48.6498989, -27.0333214, 1.0],
                        [-48.6491615, -27.0334208, 1.0],
                        [-48.6487253, -27.0334469, 1.0]
                    ],
                    [
                        [-48.6497761, -27.0325306, 1.0],
                        [-48.6495347, -27.0325521, 1.0]
                    ],
                    [
                        [-48.6494791, -27.0266292, 1.0],
                        [-48.6497067, -27.0272099, 1.0]
                    ],
                    [
                        [-48.6497067, -27.0272099, 1.0],
                        [-48.6495327, -27.027233, 1.0],
                        [-48.6493553, -27.0272637, 1.0],
                        [-48.6486901, -27.0274043, 1.0]
                    ],
                    [
                        [-48.6495347, -27.0325521, 1.0],
                        [-48.6494561, -27.0321041, 1.0],
                        [-48.6494361, -27.0320393, 1.0],
                        [-48.6494101, -27.0319979, 1.0],
                        [-48.6493662, -27.0319546, 1.0]
                    ],
                    [
                        [-48.6495347, -27.0325521, 1.0],
                        [-48.6487768, -27.0326294, 1.0]
                    ],
                    [
                        [-48.6494547, -27.0265668, 1.0],
                        [-48.6494791, -27.0266292, 1.0]
                    ],
                    [
                        [-48.6494791, -27.0266292, 1.0],
                        [-48.6486679, -27.026992, 1.0]
                    ],
                    [
                        [-48.6493377, -27.0259051, 1.0],
                        [-48.6493432, -27.0259718, 1.0],
                        [-48.6493686, -27.0262818, 1.0],
                        [-48.6493821, -27.0263548, 1.0],
                        [-48.6494547, -27.0265668, 1.0]
                    ],
                    [
                        [-48.6487472, -27.0259881, 1.0],
                        [-48.6488166, -27.0266979, 1.0],
                        [-48.6494547, -27.0265668, 1.0]
                    ],
                    [
                        [-48.6493662, -27.0319546, 1.0],
                        [-48.6493104, -27.0319337, 1.0],
                        [-48.6492434, -27.0319147, 1.0],
                        [-48.6491037, -27.03189, 1.0],
                        [-48.6489323, -27.0318696, 1.0],
                        [-48.648733, -27.0318562, 1.0],
                        [-48.6484233, -27.0318543, 1.0],
                        [-48.6483641, -27.0318499, 1.0],
                        [-48.6483016, -27.0318335, 1.0],
                        [-48.6482606, -27.031802, 1.0],
                        [-48.6482357, -27.0317721, 1.0]
                    ],
                    [
                        [-48.6493573, -27.028736, 1.0],
                        [-48.6492017, -27.0287649, 1.0],
                        [-48.6491641, -27.0287434, 1.0],
                        [-48.6490998, -27.0283443, 1.0],
                        [-48.6491346, -27.0283061, 1.0],
                        [-48.6492473, -27.0282918, 1.0],
                        [-48.6492875, -27.0283205, 1.0],
                        [-48.6493573, -27.028736, 1.0]
                    ],
                    [
                        [-48.6493377, -27.0259051, 1.0],
                        [-48.6492102, -27.0239787, 1.0],
                        [-48.6492051, -27.0239015, 1.0],
                        [-48.649141, -27.0239193, 1.0],
                        [-48.6487184, -27.0240381, 1.0]
                    ],
                    [
                        [-48.6493377, -27.0259051, 1.0],
                        [-48.649238, -27.0259191, 1.0],
                        [-48.6492012, -27.0259243, 1.0],
                        [-48.6488764, -27.0259699, 1.0],
                        [-48.6487472, -27.0259881, 1.0]
                    ],
                    [
                        [-48.6488593, -27.020605, 1.0],
                        [-48.6487035, -27.0193786, 1.0],
                        [-48.6486892, -27.0192652, 1.0],
                        [-48.648605, -27.0192779, 1.0],
                        [-48.6481878, -27.0193318, 1.0],
                        [-48.6481242, -27.0193379, 1.0]
                    ],
                    [
                        [-48.6484762, -27.0220773, 1.0],
                        [-48.6490379, -27.0220104, 1.0],
                        [-48.6488593, -27.020605, 1.0]
                    ],
                    [
                        [-48.6482947, -27.0206644, 1.0],
                        [-48.6487817, -27.0206131, 1.0],
                        [-48.6488593, -27.020605, 1.0]
                    ],
                    [
                        [-48.6487324, -27.0253328, 1.0],
                        [-48.6487454, -27.0259072, 1.0],
                        [-48.6487472, -27.0259881, 1.0]
                    ],
                    [
                        [-48.6487472, -27.0259881, 1.0],
                        [-48.6476125, -27.0261476, 1.0]
                    ],
                    [
                        [-48.6487224, -27.0248353, 1.0],
                        [-48.6487309, -27.0252573, 1.0],
                        [-48.6487324, -27.0253328, 1.0]
                    ],
                    [
                        [-48.6487324, -27.0253328, 1.0],
                        [-48.6476751, -27.0254683, 1.0],
                        [-48.6475978, -27.0250959, 1.0],
                        [-48.6487224, -27.0248353, 1.0]
                    ],
                    [
                        [-48.6487184, -27.0240381, 1.0],
                        [-48.6487081, -27.0241304, 1.0],
                        [-48.6487088, -27.0244797, 1.0],
                        [-48.6487224, -27.0248353, 1.0]
                    ],
                    [
                        [-48.6487184, -27.0240381, 1.0],
                        [-48.6487156, -27.0239692, 1.0],
                        [-48.6484762, -27.0220773, 1.0]
                    ],
                    [
                        [-48.6480531, -27.0241478, 1.0],
                        [-48.6481414, -27.0241345, 1.0],
                        [-48.6485821, -27.0240804, 1.0],
                        [-48.6487184, -27.0240381, 1.0]
                    ],
                    [
                        [-48.6486901, -27.0274043, 1.0],
                        [-48.6484279, -27.0267952, 1.0]
                    ],
                    [
                        [-48.6486901, -27.0274043, 1.0],
                        [-48.6473484, -27.0276895, 1.0]
                    ],
                    [
                        [-48.647655, -27.0302114, 1.0],
                        [-48.6486155, -27.0300914, 1.0]
                    ],
                    [
                        [-48.6481007, -27.031556, 1.0],
                        [-48.6486081, -27.0314434, 1.0]
                    ],
                    [
                        [-48.6485168, -27.0178805, 1.0],
                        [-48.6479303, -27.0179332, 1.0]
                    ],
                    [
                        [-48.6476838, -27.0291329, 1.0],
                        [-48.6480635, -27.0291417, 1.0],
                        [-48.6485058, -27.0290971, 1.0]
                    ],
                    [
                        [-48.6484762, -27.0220773, 1.0],
                        [-48.6484675, -27.0220096, 1.0],
                        [-48.6484157, -27.0216065, 1.0],
                        [-48.6483118, -27.0207974, 1.0],
                        [-48.6482947, -27.0206644, 1.0]
                    ],
                    [
                        [-48.6484762, -27.0220773, 1.0],
                        [-48.6477923, -27.0221588, 1.0],
                        [-48.6480531, -27.0241478, 1.0]
                    ],
                    [
                        [-48.6482947, -27.0206644, 1.0],
                        [-48.6482858, -27.020595, 1.0],
                        [-48.6481242, -27.0193379, 1.0]
                    ],
                    [
                        [-48.6482947, -27.0206644, 1.0],
                        [-48.647715, -27.0207253, 1.0],
                        [-48.6476996, -27.020607, 1.0],
                        [-48.6475503, -27.0194582, 1.0],
                        [-48.6475419, -27.0193939, 1.0]
                    ],
                    [
                        [-48.6482357, -27.0317721, 1.0],
                        [-48.6481354, -27.031589, 1.0],
                        [-48.6481007, -27.031556, 1.0]
                    ],
                    [
                        [-48.6482357, -27.0317721, 1.0],
                        [-48.6479536, -27.0318522, 1.0],
                        [-48.6480251, -27.0324376, 1.0]
                    ],
                    [
                        [-48.6476488, -27.0305172, 1.0],
                        [-48.6481775, -27.0304547, 1.0]
                    ],
                    [
                        [-48.6481242, -27.0193379, 1.0],
                        [-48.6481167, -27.0192838, 1.0],
                        [-48.6479303, -27.0179332, 1.0]
                    ],
                    [
                        [-48.6475419, -27.0193939, 1.0],
                        [-48.6476192, -27.0193865, 1.0],
                        [-48.6480547, -27.0193446, 1.0],
                        [-48.6481242, -27.0193379, 1.0]
                    ],
                    [
                        [-48.6481007, -27.031556, 1.0],
                        [-48.6480504, -27.0315498, 1.0],
                        [-48.6479965, -27.0315555, 1.0],
                        [-48.6475242, -27.0316323, 1.0]
                    ],
                    [
                        [-48.6468178, -27.0243166, 1.0],
                        [-48.6470504, -27.0242805, 1.0],
                        [-48.6471225, -27.0242717, 1.0],
                        [-48.6474213, -27.0242363, 1.0],
                        [-48.6479776, -27.0241644, 1.0],
                        [-48.6480531, -27.0241478, 1.0]
                    ],
                    [
                        [-48.6479303, -27.0179332, 1.0],
                        [-48.6477371, -27.0164923, 1.0]
                    ],
                    [
                        [-48.6479303, -27.0179332, 1.0],
                        [-48.6473595, -27.0179845, 1.0]
                    ],
                    [
                        [-48.6477371, -27.0164923, 1.0],
                        [-48.6476994, -27.0161784, 1.0]
                    ],
                    [
                        [-48.6477371, -27.0164923, 1.0],
                        [-48.647172, -27.0165355, 1.0]
                    ],
                    [
                        [-48.6476818, -27.0289247, 1.0],
                        [-48.6476838, -27.0291329, 1.0]
                    ],
                    [
                        [-48.6476838, -27.0291329, 1.0],
                        [-48.6476849, -27.029201, 1.0],
                        [-48.6476737, -27.0295505, 1.0]
                    ],
                    [
                        [-48.6473484, -27.0276895, 1.0],
                        [-48.6474138, -27.0278877, 1.0],
                        [-48.6475768, -27.0283821, 1.0],
                        [-48.6476479, -27.0286294, 1.0],
                        [-48.6476617, -27.0286979, 1.0],
                        [-48.6476749, -27.0288006, 1.0],
                        [-48.6476818, -27.0289247, 1.0]
                    ],
                    [
                        [-48.6459345, -27.029113, 1.0],
                        [-48.6476818, -27.0289247, 1.0]
                    ],
                    [
                        [-48.6476737, -27.0295505, 1.0],
                        [-48.647655, -27.0302114, 1.0]
                    ],
                    [
                        [-48.6466977, -27.0296575, 1.0],
                        [-48.6476737, -27.0295505, 1.0]
                    ],
                    [
                        [-48.6476125, -27.0261476, 1.0],
                        [-48.6476572, -27.0263993, 1.0]
                    ],
                    [
                        [-48.647655, -27.0302114, 1.0],
                        [-48.6476488, -27.0305172, 1.0]
                    ],
                    [
                        [-48.6476488, -27.0305172, 1.0],
                        [-48.6476389, -27.0306928, 1.0],
                        [-48.6476356, -27.0307506, 1.0]
                    ],
                    [
                        [-48.6476356, -27.0307506, 1.0],
                        [-48.6476285, -27.0308557, 1.0]
                    ],
                    [
                        [-48.6468329, -27.0308232, 1.0],
                        [-48.6476356, -27.0307506, 1.0]
                    ],
                    [
                        [-48.6476285, -27.0308557, 1.0],
                        [-48.6476137, -27.0309656, 1.0],
                        [-48.6475242, -27.0316323, 1.0]
                    ],
                    [
                        [-48.6475714, -27.0259166, 1.0],
                        [-48.6476125, -27.0261476, 1.0]
                    ],
                    [
                        [-48.6476125, -27.0261476, 1.0],
                        [-48.6470368, -27.0262286, 1.0]
                    ],
                    [
                        [-48.6475419, -27.0193939, 1.0],
                        [-48.6473595, -27.0179845, 1.0]
                    ],
                    [
                        [-48.6475242, -27.0316323, 1.0],
                        [-48.6474765, -27.0319252, 1.0],
                        [-48.6473789, -27.0325237, 1.0],
                        [-48.6473499, -27.0327016, 1.0],
                        [-48.6473074, -27.0328901, 1.0]
                    ],
                    [
                        [-48.6474234, -27.0255871, 1.0],
                        [-48.6469685, -27.0256375, 1.0]
                    ],
                    [
                        [-48.6473595, -27.0179845, 1.0],
                        [-48.647172, -27.0165355, 1.0]
                    ],
                    [
                        [-48.6470368, -27.0262286, 1.0],
                        [-48.6470498, -27.0263335, 1.0],
                        [-48.6471279, -27.0269646, 1.0],
                        [-48.6471553, -27.027104, 1.0],
                        [-48.6471872, -27.0272361, 1.0],
                        [-48.6472149, -27.0273188, 1.0],
                        [-48.6473107, -27.0275848, 1.0],
                        [-48.6473484, -27.0276895, 1.0]
                    ],
                    [
                        [-48.647172, -27.0165355, 1.0],
                        [-48.6471343, -27.0162445, 1.0]
                    ],
                    [
                        [-48.6469685, -27.0256375, 1.0],
                        [-48.6470123, -27.0260165, 1.0],
                        [-48.6470368, -27.0262286, 1.0]
                    ],
                    [
                        [-48.6470368, -27.0262286, 1.0],
                        [-48.6464189, -27.0263154, 1.0]
                    ],
                    [
                        [-48.6468178, -27.0243166, 1.0],
                        [-48.6468358, -27.0244422, 1.0],
                        [-48.6468426, -27.0245126, 1.0],
                        [-48.6469036, -27.0248496, 1.0],
                        [-48.6469242, -27.0251003, 1.0],
                        [-48.6469685, -27.0256375, 1.0]
                    ],
                    [
                        [-48.6469685, -27.0256375, 1.0],
                        [-48.6463313, -27.0257053, 1.0]
                    ],
                    [
                        [-48.6468827, -27.0312901, 1.0],
                        [-48.6468329, -27.0308232, 1.0]
                    ],
                    [
                        [-48.6468329, -27.0308232, 1.0],
                        [-48.6466977, -27.0296575, 1.0]
                    ],
                    [
                        [-48.6464845, -27.0308547, 1.0],
                        [-48.6468329, -27.0308232, 1.0]
                    ],
                    [
                        [-48.6455894, -27.0246701, 1.0],
                        [-48.6459987, -27.0245347, 1.0],
                        [-48.6465463, -27.0243779, 1.0],
                        [-48.6466357, -27.0243587, 1.0],
                        [-48.6468178, -27.0243166, 1.0]
                    ],
                    [
                        [-48.646339, -27.0296968, 1.0],
                        [-48.6466977, -27.0296575, 1.0]
                    ],
                    [
                        [-48.646534, -27.0270877, 1.0],
                        [-48.6465566, -27.0272338, 1.0]
                    ],
                    [
                        [-48.6464189, -27.0263154, 1.0],
                        [-48.646534, -27.0270877, 1.0]
                    ],
                    [
                        [-48.6459541, -27.0271661, 1.0],
                        [-48.646534, -27.0270877, 1.0]
                    ],
                    [
                        [-48.646339, -27.0296968, 1.0],
                        [-48.6464845, -27.0308547, 1.0]
                    ],
                    [
                        [-48.6461385, -27.030886, 1.0],
                        [-48.6464845, -27.0308547, 1.0]
                    ],
                    [
                        [-48.6463313, -27.0257053, 1.0],
                        [-48.6464189, -27.0263154, 1.0]
                    ],
                    [
                        [-48.6464189, -27.0263154, 1.0],
                        [-48.6458369, -27.0263972, 1.0]
                    ],
                    [
                        [-48.6460071, -27.0297332, 1.0],
                        [-48.646339, -27.0296968, 1.0]
                    ],
                    [
                        [-48.6463313, -27.0257053, 1.0],
                        [-48.6457433, -27.0257679, 1.0]
                    ],
                    [
                        [-48.6461385, -27.030886, 1.0],
                        [-48.6463237, -27.0330064, 1.0]
                    ],
                    [
                        [-48.6460071, -27.0297332, 1.0],
                        [-48.6461385, -27.030886, 1.0]
                    ],
                    [
                        [-48.6459345, -27.029113, 1.0],
                        [-48.6459993, -27.0296677, 1.0],
                        [-48.6460071, -27.0297332, 1.0]
                    ],
                    [
                        [-48.6459854, -27.0273956, 1.0],
                        [-48.6459541, -27.0271661, 1.0]
                    ],
                    [
                        [-48.6459541, -27.0271661, 1.0],
                        [-48.6458369, -27.0263972, 1.0]
                    ],
                    [
                        [-48.6458252, -27.028338, 1.0],
                        [-48.6459345, -27.029113, 1.0]
                    ],
                    [
                        [-48.6458369, -27.0263972, 1.0],
                        [-48.6457433, -27.0257679, 1.0]
                    ],
                    [
                        [-48.6457433, -27.0257679, 1.0],
                        [-48.6456474, -27.0251233, 1.0],
                        [-48.6455894, -27.0246701, 1.0]
                    ],
                    [
                        [-48.6455894, -27.0246701, 1.0],
                        [-48.64512, -27.024805, 1.0],
                        [-48.6449113, -27.0248695, 1.0],
                        [-48.6447865, -27.024901, 1.0],
                        [-48.6446399, -27.0249274, 1.0]
                    ]
                ]
            }
        },
        {
            "type": "Feature",
            "properties": {
                "SETOR": "M02",
                "FREQUENCIA": "SEG - QUA - SEX",
                "TURNO": "MANHÃ",
                "HORARIO": "06:00 ÀS 14:20",
                "OPERACAO": "DOMICILIAR",
                "FILIAL": "CAMBORIÚ"
            },
            "geometry": {
                "type": "MultiLineString",
                "coordinates": [
                    [
                        [-48.6745416, -27.0045527, 1.0],
                        [-48.6750533, -27.0046866, 1.0],
                        [-48.6751236, -27.0047104, 1.0],
                        [-48.6751952, -27.005092, 1.0]
                    ],
                    [
                        [-48.6731412, -27.0036669, 1.0],
                        [-48.6750637, -27.0042248, 1.0]
                    ],
                    [
                        [-48.6726498, -27.005127, 1.0],
                        [-48.6747859, -27.0056966, 1.0]
                    ],
                    [
                        [-48.6745834, -27.0061841, 1.0],
                        [-48.6724779, -27.0056214, 1.0]
                    ],
                    [
                        [-48.6729836, -27.0041353, 1.0],
                        [-48.6745416, -27.0045527, 1.0]
                    ],
                    [
                        [-48.6745416, -27.0045527, 1.0],
                        [-48.6744443, -27.0048469, 1.0]
                    ],
                    [
                        [-48.6743554, -27.0071998, 1.0],
                        [-48.6742343, -27.0071598, 1.0]
                    ],
                    [
                        [-48.6722966, -27.0061434, 1.0],
                        [-48.6743917, -27.0067075, 1.0],
                        [-48.6742343, -27.0071598, 1.0]
                    ],
                    [
                        [-48.6742343, -27.0071598, 1.0],
                        [-48.6742133, -27.0072201, 1.0]
                    ],
                    [
                        [-48.6721245, -27.0066387, 1.0],
                        [-48.6742133, -27.0072201, 1.0]
                    ],
                    [
                        [-48.6742133, -27.0072201, 1.0],
                        [-48.6740483, -27.0077076, 1.0],
                        [-48.6719464, -27.0071515, 1.0]
                    ],
                    [
                        [-48.6712356, -27.0024743, 1.0],
                        [-48.6713022, -27.0022581, 1.0],
                        [-48.671312, -27.0022262, 1.0],
                        [-48.6722715, -27.0024817, 1.0],
                        [-48.6734364, -27.0027897, 1.0]
                    ],
                    [
                        [-48.6723886, -27.0021239, 1.0],
                        [-48.6724317, -27.0021151, 1.0],
                        [-48.672467, -27.0021059, 1.0],
                        [-48.6725316, -27.0021129, 1.0],
                        [-48.6734713, -27.0023766, 1.0],
                        [-48.6735657, -27.002403, 1.0],
                        [-48.6735319, -27.002504, 1.0],
                        [-48.6734364, -27.0027897, 1.0]
                    ],
                    [
                        [-48.6734364, -27.0027897, 1.0],
                        [-48.6733001, -27.0031947, 1.0]
                    ],
                    [
                        [-48.671974, -27.0028388, 1.0],
                        [-48.6733001, -27.0031947, 1.0]
                    ],
                    [
                        [-48.6733001, -27.0031947, 1.0],
                        [-48.6731412, -27.0036669, 1.0]
                    ],
                    [
                        [-48.6731412, -27.0036669, 1.0],
                        [-48.6731119, -27.003754, 1.0],
                        [-48.6730044, -27.0040735, 1.0],
                        [-48.6729836, -27.0041353, 1.0]
                    ],
                    [
                        [-48.6715851, -27.0037661, 1.0],
                        [-48.6729836, -27.0041353, 1.0]
                    ],
                    [
                        [-48.6729836, -27.0041353, 1.0],
                        [-48.6728235, -27.004611, 1.0]
                    ],
                    [
                        [-48.670932, -27.0041101, 1.0],
                        [-48.6728235, -27.004611, 1.0]
                    ],
                    [
                        [-48.6728235, -27.004611, 1.0],
                        [-48.6726498, -27.005127, 1.0]
                    ],
                    [
                        [-48.6703305, -27.0045055, 1.0],
                        [-48.6704642, -27.0045413, 1.0],
                        [-48.6726498, -27.005127, 1.0]
                    ],
                    [
                        [-48.6726498, -27.005127, 1.0],
                        [-48.6725004, -27.0055567, 1.0],
                        [-48.6724779, -27.0056214, 1.0]
                    ],
                    [
                        [-48.6724779, -27.0056214, 1.0],
                        [-48.6715902, -27.0053824, 1.0],
                        [-48.6701648, -27.0049987, 1.0]
                    ],
                    [
                        [-48.6724779, -27.0056214, 1.0],
                        [-48.6722966, -27.0061434, 1.0]
                    ],
                    [
                        [-48.6702578, -27.0003838, 1.0],
                        [-48.6711043, -27.0006336, 1.0],
                        [-48.6715351, -27.0007607, 1.0],
                        [-48.6724656, -27.0010352, 1.0]
                    ],
                    [
                        [-48.66999, -27.0055185, 1.0],
                        [-48.6710672, -27.0058103, 1.0],
                        [-48.6722966, -27.0061434, 1.0]
                    ],
                    [
                        [-48.6722966, -27.0061434, 1.0],
                        [-48.6721245, -27.0066387, 1.0]
                    ],
                    [
                        [-48.6698182, -27.0060294, 1.0],
                        [-48.6698827, -27.0060464, 1.0],
                        [-48.6721245, -27.0066387, 1.0]
                    ],
                    [
                        [-48.6721245, -27.0066387, 1.0],
                        [-48.6719464, -27.0071515, 1.0]
                    ],
                    [
                        [-48.6712356, -27.0024743, 1.0],
                        [-48.671235, -27.0026404, 1.0],
                        [-48.671974, -27.0028388, 1.0]
                    ],
                    [
                        [-48.671974, -27.0028388, 1.0],
                        [-48.6718001, -27.0029985, 1.0],
                        [-48.6717759, -27.0030269, 1.0],
                        [-48.6717648, -27.0030503, 1.0],
                        [-48.6717573, -27.0030894, 1.0],
                        [-48.6717515, -27.0031877, 1.0],
                        [-48.6717333, -27.003339, 1.0],
                        [-48.6717269, -27.0033911, 1.0],
                        [-48.6717216, -27.0034218, 1.0],
                        [-48.6717016, -27.0035109, 1.0],
                        [-48.6716762, -27.003592, 1.0],
                        [-48.671644, -27.0036745, 1.0],
                        [-48.6716165, -27.0037212, 1.0],
                        [-48.6715851, -27.0037661, 1.0]
                    ],
                    [
                        [-48.6719464, -27.0071515, 1.0],
                        [-48.6697263, -27.0065623, 1.0],
                        [-48.6696462, -27.0065411, 1.0]
                    ],
                    [
                        [-48.6719464, -27.0071515, 1.0],
                        [-48.6717711, -27.0076562, 1.0],
                        [-48.6695489, -27.0070664, 1.0],
                        [-48.6694762, -27.0070471, 1.0]
                    ],
                    [
                        [-48.6693319, -26.9977584, 1.0],
                        [-48.6697516, -26.997911, 1.0],
                        [-48.6701287, -26.9980161, 1.0],
                        [-48.6704806, -26.9981076, 1.0],
                        [-48.6706479, -26.998164, 1.0],
                        [-48.6708812, -26.998245, 1.0],
                        [-48.6711333, -26.9983144, 1.0],
                        [-48.6716871, -26.9984708, 1.0]
                    ],
                    [
                        [-48.6715851, -27.0037661, 1.0],
                        [-48.6715486, -27.0038003, 1.0],
                        [-48.6714958, -27.0038404, 1.0],
                        [-48.6714121, -27.0038975, 1.0],
                        [-48.671335, -27.0039465, 1.0],
                        [-48.6712554, -27.003988, 1.0],
                        [-48.6711735, -27.0040283, 1.0],
                        [-48.6711053, -27.0040566, 1.0],
                        [-48.6710489, -27.004078, 1.0],
                        [-48.670932, -27.0041101, 1.0]
                    ],
                    [
                        [-48.6670724, -27.0012815, 1.0],
                        [-48.6679331, -27.0015249, 1.0],
                        [-48.6691529, -27.0018698, 1.0],
                        [-48.6693689, -27.0019302, 1.0],
                        [-48.6694845, -27.0019576, 1.0],
                        [-48.6696124, -27.0020086, 1.0],
                        [-48.6697937, -27.0020364, 1.0],
                        [-48.6699431, -27.0020608, 1.0],
                        [-48.6700478, -27.0020791, 1.0],
                        [-48.6701329, -27.0020856, 1.0],
                        [-48.6701891, -27.0020844, 1.0],
                        [-48.6702405, -27.0020948, 1.0],
                        [-48.6703663, -27.0021356, 1.0],
                        [-48.6705086, -27.002167, 1.0],
                        [-48.6706053, -27.0022095, 1.0],
                        [-48.6707104, -27.0022456, 1.0],
                        [-48.6708059, -27.0022786, 1.0],
                        [-48.6709412, -27.0023227, 1.0],
                        [-48.6712356, -27.0024743, 1.0]
                    ],
                    [
                        [-48.670932, -27.0041101, 1.0],
                        [-48.6708803, -27.0041197, 1.0],
                        [-48.6706551, -27.0041521, 1.0],
                        [-48.6705895, -27.0041649, 1.0],
                        [-48.6705401, -27.0041788, 1.0],
                        [-48.6705011, -27.0041942, 1.0],
                        [-48.6704389, -27.0042232, 1.0],
                        [-48.6703305, -27.0045055, 1.0]
                    ],
                    [
                        [-48.670189, -26.9985463, 1.0],
                        [-48.6708631, -26.9987482, 1.0]
                    ],
                    [
                        [-48.6692199, -27.0042079, 1.0],
                        [-48.6703305, -27.0045055, 1.0]
                    ],
                    [
                        [-48.6701648, -27.0049987, 1.0],
                        [-48.6703305, -27.0045055, 1.0]
                    ],
                    [
                        [-48.6695349, -27.0001706, 1.0],
                        [-48.6701506, -27.0003522, 1.0],
                        [-48.6702578, -27.0003838, 1.0]
                    ],
                    [
                        [-48.669729, -26.9997025, 1.0],
                        [-48.6704276, -26.9999165, 1.0],
                        [-48.6702578, -27.0003838, 1.0]
                    ],
                    [
                        [-48.6689945, -26.9981931, 1.0],
                        [-48.670189, -26.9985463, 1.0]
                    ],
                    [
                        [-48.670189, -26.9985463, 1.0],
                        [-48.6699416, -26.9991898, 1.0]
                    ],
                    [
                        [-48.6701658, -26.9972964, 1.0],
                        [-48.670084, -26.9972283, 1.0],
                        [-48.6700089, -26.9971924, 1.0],
                        [-48.6699016, -26.9971769, 1.0],
                        [-48.6697139, -26.9971709, 1.0],
                        [-48.6696441, -26.9972008, 1.0],
                        [-48.6695786, -26.9972695, 1.0],
                        [-48.6693319, -26.9977584, 1.0]
                    ],
                    [
                        [-48.6701648, -27.0049987, 1.0],
                        [-48.6690864, -27.0047248, 1.0],
                        [-48.6691216, -27.0045276, 1.0],
                        [-48.6691438, -27.0044372, 1.0]
                    ],
                    [
                        [-48.66999, -27.0055185, 1.0],
                        [-48.6701648, -27.0049987, 1.0]
                    ],
                    [
                        [-48.6698182, -27.0060294, 1.0],
                        [-48.6698389, -27.0059677, 1.0],
                        [-48.6699071, -27.0057651, 1.0],
                        [-48.66999, -27.0055185, 1.0]
                    ],
                    [
                        [-48.668733, -26.9988089, 1.0],
                        [-48.6699416, -26.9991898, 1.0]
                    ],
                    [
                        [-48.6699416, -26.9991898, 1.0],
                        [-48.669729, -26.9997025, 1.0]
                    ],
                    [
                        [-48.6695188, -27.0059482, 1.0],
                        [-48.6698182, -27.0060294, 1.0]
                    ],
                    [
                        [-48.6696462, -27.0065411, 1.0],
                        [-48.6696636, -27.0064894, 1.0],
                        [-48.6697916, -27.0061085, 1.0],
                        [-48.6698182, -27.0060294, 1.0]
                    ],
                    [
                        [-48.6677235, -26.9990882, 1.0],
                        [-48.669729, -26.9997025, 1.0]
                    ],
                    [
                        [-48.669729, -26.9997025, 1.0],
                        [-48.6695349, -27.0001706, 1.0]
                    ],
                    [
                        [-48.6694762, -27.0070471, 1.0],
                        [-48.6694976, -27.0069835, 1.0],
                        [-48.6696109, -27.0066461, 1.0],
                        [-48.6696462, -27.0065411, 1.0]
                    ],
                    [
                        [-48.6675475, -26.9995842, 1.0],
                        [-48.6695349, -27.0001706, 1.0]
                    ],
                    [
                        [-48.6691196, -27.0081078, 1.0],
                        [-48.6693036, -27.0075606, 1.0],
                        [-48.6694353, -27.0071689, 1.0],
                        [-48.6694762, -27.0070471, 1.0]
                    ],
                    [
                        [-48.6693319, -26.9977584, 1.0],
                        [-48.669307, -26.9978079, 1.0],
                        [-48.669271, -26.9978747, 1.0]
                    ],
                    [
                        [-48.669271, -26.9978747, 1.0],
                        [-48.6689163, -26.9977797, 1.0],
                        [-48.6691597, -26.9971779, 1.0]
                    ],
                    [
                        [-48.669271, -26.9978747, 1.0],
                        [-48.669235, -26.9979292, 1.0],
                        [-48.6691888, -26.9979871, 1.0],
                        [-48.6689945, -26.9981931, 1.0]
                    ],
                    [
                        [-48.6687443, -27.0040795, 1.0],
                        [-48.6692199, -27.0042079, 1.0]
                    ],
                    [
                        [-48.6692199, -27.0042079, 1.0],
                        [-48.6692202, -27.0041577, 1.0],
                        [-48.6692206, -27.0040906, 1.0],
                        [-48.6691984, -27.0039901, 1.0],
                        [-48.6691771, -27.003934, 1.0],
                        [-48.6691414, -27.0038633, 1.0],
                        [-48.6690847, -27.0037672, 1.0],
                        [-48.6690454, -27.0037042, 1.0],
                        [-48.6690114, -27.0036592, 1.0],
                        [-48.6689678, -27.0036079, 1.0],
                        [-48.6689088, -27.0035496, 1.0],
                        [-48.6687255, -27.003389, 1.0],
                        [-48.6686928, -27.003347, 1.0],
                        [-48.668667, -27.0033029, 1.0],
                        [-48.668615, -27.0032143, 1.0],
                        [-48.6684974, -27.0030144, 1.0],
                        [-48.6684935, -27.0029096, 1.0],
                        [-48.668464, -27.0028563, 1.0],
                        [-48.6684355, -27.0028165, 1.0],
                        [-48.6683994, -27.0027804, 1.0],
                        [-48.6683684, -27.002758, 1.0],
                        [-48.6683208, -27.0027294, 1.0],
                        [-48.6680098, -27.0025759, 1.0],
                        [-48.6676563, -27.0024091, 1.0],
                        [-48.667592, -27.0023763, 1.0],
                        [-48.6675253, -27.0023391, 1.0],
                        [-48.6672899, -27.0021878, 1.0],
                        [-48.6672224, -27.0021475, 1.0],
                        [-48.6671455, -27.0021071, 1.0],
                        [-48.6670658, -27.0020685, 1.0],
                        [-48.6669113, -27.0020055, 1.0]
                    ],
                    [
                        [-48.6691438, -27.0044372, 1.0],
                        [-48.6691892, -27.0043003, 1.0],
                        [-48.669204, -27.0042558, 1.0],
                        [-48.6692199, -27.0042079, 1.0]
                    ],
                    [
                        [-48.6691438, -27.0044372, 1.0],
                        [-48.6688678, -27.0042249, 1.0],
                        [-48.6688213, -27.0041843, 1.0],
                        [-48.6687933, -27.0041487, 1.0],
                        [-48.6687443, -27.0040795, 1.0]
                    ],
                    [
                        [-48.6689945, -26.9981931, 1.0],
                        [-48.668959, -26.99823, 1.0],
                        [-48.6689353, -26.9982638, 1.0],
                        [-48.668916, -26.9983008, 1.0],
                        [-48.668733, -26.9988089, 1.0]
                    ],
                    [
                        [-48.6687443, -27.0040795, 1.0],
                        [-48.6686167, -27.0039052, 1.0],
                        [-48.6684769, -27.0037357, 1.0],
                        [-48.6683774, -27.0036212, 1.0],
                        [-48.6682553, -27.0034997, 1.0],
                        [-48.6681192, -27.0033769, 1.0],
                        [-48.6679929, -27.0032664, 1.0],
                        [-48.6678868, -27.0031813, 1.0],
                        [-48.6677906, -27.0031137, 1.0],
                        [-48.6676863, -27.0030468, 1.0],
                        [-48.6676219, -27.0030097, 1.0],
                        [-48.6675312, -27.0029612, 1.0],
                        [-48.6674495, -27.0029198, 1.0],
                        [-48.6673696, -27.0028781, 1.0],
                        [-48.6673112, -27.0028462, 1.0],
                        [-48.6672457, -27.0028052, 1.0],
                        [-48.6671713, -27.0027526, 1.0],
                        [-48.66709, -27.0026881, 1.0],
                        [-48.6669145, -27.0025532, 1.0]
                    ],
                    [
                        [-48.668733, -26.9988089, 1.0],
                        [-48.667917, -26.9985674, 1.0],
                        [-48.6677235, -26.9990882, 1.0]
                    ],
                    [
                        [-48.6677235, -26.9990882, 1.0],
                        [-48.6675475, -26.9995842, 1.0]
                    ],
                    [
                        [-48.6675475, -26.9995842, 1.0],
                        [-48.6673607, -27.0001159, 1.0],
                        [-48.6672563, -27.000386, 1.0],
                        [-48.6672351, -27.0004613, 1.0],
                        [-48.6672202, -27.0005407, 1.0],
                        [-48.6672115, -27.000648, 1.0],
                        [-48.6672046, -27.0007776, 1.0],
                        [-48.6672016, -27.0008318, 1.0],
                        [-48.6671916, -27.000897, 1.0],
                        [-48.6671753, -27.0009542, 1.0],
                        [-48.6671225, -27.0010981, 1.0],
                        [-48.6670724, -27.0012815, 1.0]
                    ],
                    [
                        [-48.6670724, -27.0012815, 1.0],
                        [-48.6670619, -27.0013444, 1.0],
                        [-48.6670517, -27.0014035, 1.0],
                        [-48.6670437, -27.0014805, 1.0]
                    ],
                    [
                        [-48.6648413, -27.0008394, 1.0],
                        [-48.6670437, -27.0014805, 1.0]
                    ],
                    [
                        [-48.6670437, -27.0014805, 1.0],
                        [-48.6670316, -27.0015796, 1.0],
                        [-48.6670135, -27.0016789, 1.0],
                        [-48.6669815, -27.001802, 1.0],
                        [-48.666953, -27.0018946, 1.0],
                        [-48.6669113, -27.0020055, 1.0]
                    ],
                    [
                        [-48.6669145, -27.0025532, 1.0],
                        [-48.6668028, -27.0024663, 1.0],
                        [-48.6667413, -27.0024208, 1.0]
                    ],
                    [
                        [-48.6669145, -27.0025532, 1.0],
                        [-48.6667054, -27.0031097, 1.0]
                    ],
                    [
                        [-48.6669113, -27.0020055, 1.0],
                        [-48.6667624, -27.0023693, 1.0],
                        [-48.6667413, -27.0024208, 1.0]
                    ],
                    [
                        [-48.6667413, -27.0024208, 1.0],
                        [-48.6666983, -27.0023955, 1.0],
                        [-48.6664965, -27.0022951, 1.0],
                        [-48.6663623, -27.0022289, 1.0]
                    ],
                    [
                        [-48.6663623, -27.0022289, 1.0],
                        [-48.6659611, -27.0020267, 1.0],
                        [-48.6659131, -27.0020029, 1.0]
                    ],
                    [
                        [-48.6660813, -27.0014955, 1.0],
                        [-48.6665586, -27.0016396, 1.0],
                        [-48.6663799, -27.002176, 1.0],
                        [-48.6663623, -27.0022289, 1.0]
                    ],
                    [
                        [-48.6656116, -27.0013526, 1.0],
                        [-48.6660813, -27.0014955, 1.0]
                    ],
                    [
                        [-48.6660813, -27.0014955, 1.0],
                        [-48.6659131, -27.0020029, 1.0]
                    ],
                    [
                        [-48.6659131, -27.0020029, 1.0],
                        [-48.6655796, -27.0018379, 1.0],
                        [-48.6655267, -27.0018132, 1.0],
                        [-48.6654542, -27.0017842, 1.0]
                    ],
                    [
                        [-48.6647318, -27.0010006, 1.0],
                        [-48.6649192, -27.0011038, 1.0],
                        [-48.6649773, -27.0011375, 1.0],
                        [-48.665032, -27.0011655, 1.0],
                        [-48.6650855, -27.0011882, 1.0],
                        [-48.6651511, -27.0012113, 1.0],
                        [-48.6656116, -27.0013526, 1.0]
                    ],
                    [
                        [-48.6656116, -27.0013526, 1.0],
                        [-48.6654542, -27.0017842, 1.0]
                    ],
                    [
                        [-48.6654542, -27.0017842, 1.0],
                        [-48.6653858, -27.0017609, 1.0],
                        [-48.6652875, -27.0017361, 1.0],
                        [-48.6649799, -27.0016636, 1.0],
                        [-48.6648802, -27.0016401, 1.0],
                        [-48.6647802, -27.0016278, 1.0],
                        [-48.6647256, -27.0016261, 1.0],
                        [-48.6646709, -27.001629, 1.0],
                        [-48.6642648, -27.0016876, 1.0]
                    ]
                ]
            }
        },
        {
            "type": "Feature",
            "properties": {
                "SETOR": "N04",
                "FREQUENCIA": "TER - QUI - SAB",
                "TURNO": "NOITE",
                "HORARIO": "22:35 ÀS 06:07",
                "OPERACAO": "DOMICILIAR",
                "FILIAL": "CAMBORIÚ"
            },
            "geometry": {
                "type": "MultiLineString",
                "coordinates": [
                    [
                        [-48.6789992, -27.0375896, 1.0],
                        [-48.6795627, -27.0382702, 1.0]
                    ],
                    [
                        [-48.6786336, -27.0371481, 1.0],
                        [-48.6789992, -27.0375896, 1.0]
                    ],
                    [
                        [-48.6770024, -27.037836, 1.0],
                        [-48.6789992, -27.0375896, 1.0]
                    ],
                    [
                        [-48.6782735, -27.0367131, 1.0],
                        [-48.6786336, -27.0371481, 1.0]
                    ],
                    [
                        [-48.6786336, -27.0371481, 1.0],
                        [-48.6769336, -27.0373636, 1.0]
                    ],
                    [
                        [-48.6779373, -27.036313, 1.0],
                        [-48.6782735, -27.0367131, 1.0]
                    ],
                    [
                        [-48.6782735, -27.0367131, 1.0],
                        [-48.6768656, -27.0368971, 1.0]
                    ],
                    [
                        [-48.6778703, -27.0362324, 1.0],
                        [-48.6779373, -27.036313, 1.0]
                    ],
                    [
                        [-48.6778703, -27.0362324, 1.0],
                        [-48.6781408, -27.0362009, 1.0],
                        [-48.6782003, -27.0362826, 1.0],
                        [-48.6779373, -27.036313, 1.0]
                    ],
                    [
                        [-48.6779373, -27.036313, 1.0],
                        [-48.6767996, -27.0364444, 1.0]
                    ],
                    [
                        [-48.6775083, -27.035789, 1.0],
                        [-48.6778703, -27.0362324, 1.0]
                    ],
                    [
                        [-48.6767871, -27.0363586, 1.0],
                        [-48.6778703, -27.0362324, 1.0]
                    ],
                    [
                        [-48.6771466, -27.0353521, 1.0],
                        [-48.6775083, -27.035789, 1.0]
                    ],
                    [
                        [-48.6775083, -27.035789, 1.0],
                        [-48.675678, -27.0360162, 1.0]
                    ],
                    [
                        [-48.6767953, -27.0349278, 1.0],
                        [-48.6771466, -27.0353521, 1.0]
                    ],
                    [
                        [-48.6771466, -27.0353521, 1.0],
                        [-48.6756111, -27.0355399, 1.0]
                    ],
                    [
                        [-48.6770796, -27.038366, 1.0],
                        [-48.6771068, -27.0385523, 1.0]
                    ],
                    [
                        [-48.6770024, -27.037836, 1.0],
                        [-48.6770796, -27.038366, 1.0]
                    ],
                    [
                        [-48.6765489, -27.0384214, 1.0],
                        [-48.6770796, -27.038366, 1.0]
                    ],
                    [
                        [-48.6769336, -27.0373636, 1.0],
                        [-48.6770024, -27.037836, 1.0]
                    ],
                    [
                        [-48.6768656, -27.0368971, 1.0],
                        [-48.6769336, -27.0373636, 1.0]
                    ],
                    [
                        [-48.6767996, -27.0364444, 1.0],
                        [-48.6768656, -27.0368971, 1.0]
                    ],
                    [
                        [-48.6767871, -27.0363586, 1.0],
                        [-48.6767996, -27.0364444, 1.0]
                    ],
                    [
                        [-48.6767996, -27.0364444, 1.0],
                        [-48.6762667, -27.036506, 1.0]
                    ],
                    [
                        [-48.6764424, -27.0345006, 1.0],
                        [-48.6767953, -27.0349278, 1.0]
                    ],
                    [
                        [-48.6755465, -27.0350793, 1.0],
                        [-48.6767953, -27.0349278, 1.0]
                    ],
                    [
                        [-48.6762541, -27.0364207, 1.0],
                        [-48.6767871, -27.0363586, 1.0]
                    ],
                    [
                        [-48.6764424, -27.0345006, 1.0],
                        [-48.676654, -27.0344777, 1.0]
                    ],
                    [
                        [-48.6765489, -27.0384214, 1.0],
                        [-48.6762667, -27.036506, 1.0]
                    ],
                    [
                        [-48.6760357, -27.0384749, 1.0],
                        [-48.6765489, -27.0384214, 1.0]
                    ],
                    [
                        [-48.6754799, -27.0346047, 1.0],
                        [-48.6764424, -27.0345006, 1.0]
                    ],
                    [
                        [-48.6762667, -27.036506, 1.0],
                        [-48.6762541, -27.0364207, 1.0]
                    ],
                    [
                        [-48.6762667, -27.036506, 1.0],
                        [-48.6757559, -27.036565, 1.0]
                    ],
                    [
                        [-48.6757431, -27.0364802, 1.0],
                        [-48.6762541, -27.0364207, 1.0]
                    ],
                    [
                        [-48.6757559, -27.036565, 1.0],
                        [-48.6760357, -27.0384749, 1.0]
                    ],
                    [
                        [-48.6760357, -27.0384749, 1.0],
                        [-48.6760707, -27.0387112, 1.0],
                        [-48.6759691, -27.0387232, 1.0],
                        [-48.6759361, -27.0384853, 1.0]
                    ],
                    [
                        [-48.6759361, -27.0384853, 1.0],
                        [-48.6760357, -27.0384749, 1.0]
                    ],
                    [
                        [-48.6759361, -27.0384853, 1.0],
                        [-48.6756712, -27.0365751, 1.0]
                    ],
                    [
                        [-48.6751574, -27.0366396, 1.0],
                        [-48.6754274, -27.0385383, 1.0],
                        [-48.6759361, -27.0384853, 1.0]
                    ],
                    [
                        [-48.6757431, -27.0364802, 1.0],
                        [-48.6757592, -27.0364932, 1.0],
                        [-48.6757693, -27.0365104, 1.0],
                        [-48.6757721, -27.0365297, 1.0],
                        [-48.6757676, -27.0365487, 1.0],
                        [-48.6757559, -27.036565, 1.0]
                    ],
                    [
                        [-48.6757559, -27.036565, 1.0],
                        [-48.6757421, -27.0365755, 1.0],
                        [-48.6757255, -27.036582, 1.0],
                        [-48.6757075, -27.036584, 1.0],
                        [-48.6756897, -27.0365814, 1.0],
                        [-48.6756712, -27.0365751, 1.0]
                    ],
                    [
                        [-48.6756606, -27.0364897, 1.0],
                        [-48.6756748, -27.0364797, 1.0],
                        [-48.6756912, -27.0364731, 1.0],
                        [-48.6757091, -27.0364709, 1.0],
                        [-48.6757269, -27.0364733, 1.0],
                        [-48.6757431, -27.0364802, 1.0]
                    ],
                    [
                        [-48.675678, -27.0360162, 1.0],
                        [-48.6757431, -27.0364802, 1.0]
                    ],
                    [
                        [-48.6756111, -27.0355399, 1.0],
                        [-48.675678, -27.0360162, 1.0]
                    ],
                    [
                        [-48.675678, -27.0360162, 1.0],
                        [-48.6755901, -27.0360264, 1.0]
                    ],
                    [
                        [-48.6756712, -27.0365751, 1.0],
                        [-48.6756578, -27.0365612, 1.0],
                        [-48.6756481, -27.0365441, 1.0],
                        [-48.6756453, -27.0365251, 1.0],
                        [-48.6756498, -27.0365064, 1.0],
                        [-48.6756606, -27.0364897, 1.0]
                    ],
                    [
                        [-48.6756712, -27.0365751, 1.0],
                        [-48.6751574, -27.0366396, 1.0]
                    ],
                    [
                        [-48.6756606, -27.0364897, 1.0],
                        [-48.6755901, -27.0360264, 1.0]
                    ],
                    [
                        [-48.6751466, -27.0365551, 1.0],
                        [-48.6756606, -27.0364897, 1.0]
                    ],
                    [
                        [-48.6755465, -27.0350793, 1.0],
                        [-48.6756111, -27.0355399, 1.0]
                    ],
                    [
                        [-48.6756111, -27.0355399, 1.0],
                        [-48.6755176, -27.0355505, 1.0]
                    ],
                    [
                        [-48.6755901, -27.0360264, 1.0],
                        [-48.6755176, -27.0355505, 1.0]
                    ],
                    [
                        [-48.6754799, -27.0346047, 1.0],
                        [-48.6755465, -27.0350793, 1.0]
                    ],
                    [
                        [-48.6754475, -27.0350905, 1.0],
                        [-48.6755465, -27.0350793, 1.0]
                    ],
                    [
                        [-48.6755176, -27.0355505, 1.0],
                        [-48.6754475, -27.0350905, 1.0]
                    ],
                    [
                        [-48.6753753, -27.034616, 1.0],
                        [-48.6754799, -27.0346047, 1.0]
                    ],
                    [
                        [-48.6754475, -27.0350905, 1.0],
                        [-48.6753753, -27.034616, 1.0]
                    ],
                    [
                        [-48.6748733, -27.0346703, 1.0],
                        [-48.6753753, -27.034616, 1.0]
                    ],
                    [
                        [-48.6751466, -27.0365551, 1.0],
                        [-48.6751574, -27.0366396, 1.0]
                    ],
                    [
                        [-48.6748733, -27.0346703, 1.0],
                        [-48.6751466, -27.0365551, 1.0]
                    ],
                    [
                        [-48.6732002, -27.0348513, 1.0],
                        [-48.6748733, -27.0346703, 1.0]
                    ],
                    [
                        [-48.6744608, -27.0401138, 1.0],
                        [-48.6745007, -27.0404123, 1.0]
                    ],
                    [
                        [-48.6743859, -27.0395535, 1.0],
                        [-48.6744608, -27.0401138, 1.0]
                    ],
                    [
                        [-48.6731297, -27.0402706, 1.0],
                        [-48.6744608, -27.0401138, 1.0]
                    ],
                    [
                        [-48.6743127, -27.0390064, 1.0],
                        [-48.6743859, -27.0395535, 1.0]
                    ],
                    [
                        [-48.6730404, -27.0397263, 1.0],
                        [-48.6743859, -27.0395535, 1.0]
                    ],
                    [
                        [-48.6742383, -27.0384493, 1.0],
                        [-48.6743127, -27.0390064, 1.0]
                    ],
                    [
                        [-48.67295, -27.0391758, 1.0],
                        [-48.6743127, -27.0390064, 1.0]
                    ],
                    [
                        [-48.6727676, -27.0380641, 1.0],
                        [-48.6741635, -27.0378897, 1.0],
                        [-48.6742383, -27.0384493, 1.0]
                    ],
                    [
                        [-48.6728577, -27.0386134, 1.0],
                        [-48.6742383, -27.0384493, 1.0]
                    ],
                    [
                        [-48.6734547, -27.0366191, 1.0],
                        [-48.6735036, -27.0369592, 1.0]
                    ],
                    [
                        [-48.6732002, -27.0348513, 1.0],
                        [-48.6734547, -27.0366191, 1.0]
                    ],
                    [
                        [-48.672375, -27.0367332, 1.0],
                        [-48.6734547, -27.0366191, 1.0]
                    ],
                    [
                        [-48.6732262, -27.0372153, 1.0],
                        [-48.6724564, -27.0372966, 1.0]
                    ],
                    [
                        [-48.6720876, -27.034665, 1.0],
                        [-48.672144, -27.0346781, 1.0],
                        [-48.6722097, -27.0346936, 1.0],
                        [-48.672604, -27.034814, 1.0],
                        [-48.672851, -27.0348891, 1.0],
                        [-48.6732002, -27.0348513, 1.0]
                    ],
                    [
                        [-48.6731297, -27.0402706, 1.0],
                        [-48.6731745, -27.0405441, 1.0]
                    ],
                    [
                        [-48.6730404, -27.0397263, 1.0],
                        [-48.6731297, -27.0402706, 1.0]
                    ],
                    [
                        [-48.67295, -27.0391758, 1.0],
                        [-48.6730404, -27.0397263, 1.0]
                    ],
                    [
                        [-48.6728577, -27.0386134, 1.0],
                        [-48.67295, -27.0391758, 1.0]
                    ],
                    [
                        [-48.6727676, -27.0380641, 1.0],
                        [-48.6728577, -27.0386134, 1.0]
                    ],
                    [
                        [-48.6724564, -27.0372966, 1.0],
                        [-48.6727676, -27.0380641, 1.0]
                    ],
                    [
                        [-48.672375, -27.0367332, 1.0],
                        [-48.6724564, -27.0372966, 1.0]
                    ],
                    [
                        [-48.6720876, -27.034665, 1.0],
                        [-48.672375, -27.0367332, 1.0]
                    ],
                    [
                        [-48.6720742, -27.036765, 1.0],
                        [-48.672375, -27.0367332, 1.0]
                    ],
                    [
                        [-48.6695399, -27.0347658, 1.0],
                        [-48.6699789, -27.0349844, 1.0],
                        [-48.6705749, -27.0352537, 1.0],
                        [-48.6706349, -27.0352785, 1.0],
                        [-48.670686, -27.0352908, 1.0],
                        [-48.6707668, -27.0353053, 1.0],
                        [-48.6710005, -27.0353339, 1.0],
                        [-48.6710841, -27.0353393, 1.0],
                        [-48.67117, -27.0353393, 1.0],
                        [-48.6712612, -27.0353345, 1.0],
                        [-48.6713255, -27.0353249, 1.0],
                        [-48.6713738, -27.0353106, 1.0],
                        [-48.6714167, -27.0352867, 1.0],
                        [-48.6714489, -27.0352485, 1.0],
                        [-48.6714704, -27.0351959, 1.0],
                        [-48.6714757, -27.0351481, 1.0],
                        [-48.6715123, -27.0349708, 1.0],
                        [-48.6715257, -27.0349003, 1.0],
                        [-48.6715566, -27.0348143, 1.0],
                        [-48.6716022, -27.0347378, 1.0],
                        [-48.6716531, -27.0346841, 1.0],
                        [-48.6716893, -27.0346602, 1.0],
                        [-48.6717336, -27.0346387, 1.0],
                        [-48.6717819, -27.0346267, 1.0],
                        [-48.6718248, -27.0346267, 1.0],
                        [-48.6718865, -27.0346327, 1.0],
                        [-48.6719455, -27.0346399, 1.0],
                        [-48.6720192, -27.0346518, 1.0],
                        [-48.6720876, -27.034665, 1.0]
                    ],
                    [
                        [-48.6685607, -27.034775, 1.0],
                        [-48.6686417, -27.0347431, 1.0],
                        [-48.6687233, -27.0347177, 1.0],
                        [-48.6688157, -27.0346926, 1.0],
                        [-48.6688868, -27.0346756, 1.0],
                        [-48.668965, -27.0346606, 1.0],
                        [-48.6690422, -27.0346512, 1.0],
                        [-48.6691213, -27.0346491, 1.0],
                        [-48.6692434, -27.0346615, 1.0],
                        [-48.6693305, -27.0346794, 1.0],
                        [-48.6694214, -27.03471, 1.0],
                        [-48.6695399, -27.0347658, 1.0]
                    ],
                    [
                        [-48.6695399, -27.0347658, 1.0],
                        [-48.6693551, -27.0335883, 1.0]
                    ],
                    [
                        [-48.6693551, -27.0335883, 1.0],
                        [-48.6692945, -27.0331754, 1.0],
                        [-48.669253, -27.032935, 1.0]
                    ],
                    [
                        [-48.6693551, -27.0335883, 1.0],
                        [-48.6682998, -27.0343539, 1.0]
                    ],
                    [
                        [-48.669253, -27.032935, 1.0],
                        [-48.669137, -27.0321881, 1.0]
                    ],
                    [
                        [-48.6679743, -27.0338327, 1.0],
                        [-48.669253, -27.032935, 1.0]
                    ],
                    [
                        [-48.669137, -27.0321881, 1.0],
                        [-48.6690537, -27.0316651, 1.0],
                        [-48.6690334, -27.031583, 1.0],
                        [-48.6689986, -27.0314959, 1.0]
                    ],
                    [
                        [-48.669137, -27.0321881, 1.0],
                        [-48.6676205, -27.0332656, 1.0],
                        [-48.6676938, -27.0333839, 1.0],
                        [-48.6679743, -27.0338327, 1.0]
                    ],
                    [
                        [-48.6689452, -27.0385907, 1.0],
                        [-48.668712, -27.0386223, 1.0]
                    ],
                    [
                        [-48.6687417, -27.0388041, 1.0],
                        [-48.668712, -27.0386223, 1.0]
                    ],
                    [
                        [-48.668712, -27.0386223, 1.0],
                        [-48.6684177, -27.0368219, 1.0]
                    ],
                    [
                        [-48.668712, -27.0386223, 1.0],
                        [-48.6681902, -27.0386931, 1.0]
                    ],
                    [
                        [-48.6684177, -27.0368219, 1.0],
                        [-48.6686624, -27.036789, 1.0]
                    ],
                    [
                        [-48.6682998, -27.0343539, 1.0],
                        [-48.6683988, -27.0345124, 1.0],
                        [-48.6685607, -27.034775, 1.0]
                    ],
                    [
                        [-48.6684735, -27.034817, 1.0],
                        [-48.6685169, -27.0347961, 1.0],
                        [-48.6685607, -27.034775, 1.0]
                    ],
                    [
                        [-48.6684735, -27.034817, 1.0],
                        [-48.6683121, -27.0345584, 1.0],
                        [-48.6682116, -27.0343976, 1.0],
                        [-48.6681267, -27.0342616, 1.0],
                        [-48.6679322, -27.0339503, 1.0],
                        [-48.6678882, -27.0338823, 1.0]
                    ],
                    [
                        [-48.6681103, -27.0349719, 1.0],
                        [-48.6682156, -27.0349384, 1.0],
                        [-48.6682918, -27.0349076, 1.0],
                        [-48.6684735, -27.034817, 1.0]
                    ],
                    [
                        [-48.6684177, -27.0368219, 1.0],
                        [-48.6681103, -27.0349719, 1.0]
                    ],
                    [
                        [-48.6678914, -27.0368927, 1.0],
                        [-48.6684177, -27.0368219, 1.0]
                    ],
                    [
                        [-48.6679743, -27.0338327, 1.0],
                        [-48.6680202, -27.0339064, 1.0],
                        [-48.6682135, -27.0342159, 1.0],
                        [-48.6682998, -27.0343539, 1.0]
                    ],
                    [
                        [-48.6681902, -27.0386931, 1.0],
                        [-48.668223, -27.0388907, 1.0]
                    ],
                    [
                        [-48.6678914, -27.0368927, 1.0],
                        [-48.6681902, -27.0386931, 1.0]
                    ],
                    [
                        [-48.6681902, -27.0386931, 1.0],
                        [-48.6676728, -27.0387633, 1.0]
                    ],
                    [
                        [-48.66758, -27.0350244, 1.0],
                        [-48.667703, -27.035029, 1.0],
                        [-48.667797, -27.0350267, 1.0],
                        [-48.6678586, -27.0350225, 1.0],
                        [-48.6679142, -27.0350158, 1.0],
                        [-48.6681103, -27.0349719, 1.0]
                    ],
                    [
                        [-48.6678882, -27.0338823, 1.0],
                        [-48.6679318, -27.0338547, 1.0],
                        [-48.6679743, -27.0338327, 1.0]
                    ],
                    [
                        [-48.66758, -27.0350244, 1.0],
                        [-48.6678914, -27.0368927, 1.0]
                    ],
                    [
                        [-48.6673715, -27.0369626, 1.0],
                        [-48.6678914, -27.0368927, 1.0]
                    ],
                    [
                        [-48.6678882, -27.0338823, 1.0],
                        [-48.6676067, -27.0334292, 1.0],
                        [-48.6675378, -27.0333189, 1.0],
                        [-48.6675097, -27.0332734, 1.0]
                    ],
                    [
                        [-48.6677027, -27.0389421, 1.0],
                        [-48.6676728, -27.0387633, 1.0]
                    ],
                    [
                        [-48.6676728, -27.0387633, 1.0],
                        [-48.6673715, -27.0369626, 1.0]
                    ],
                    [
                        [-48.6676728, -27.0387633, 1.0],
                        [-48.6671249, -27.0388376, 1.0]
                    ],
                    [
                        [-48.6670505, -27.0350305, 1.0],
                        [-48.667488, -27.0350226, 1.0],
                        [-48.66758, -27.0350244, 1.0]
                    ],
                    [
                        [-48.6673715, -27.0369626, 1.0],
                        [-48.6670505, -27.0350305, 1.0]
                    ],
                    [
                        [-48.6668288, -27.0370356, 1.0],
                        [-48.6673715, -27.0369626, 1.0]
                    ],
                    [
                        [-48.6668288, -27.0370356, 1.0],
                        [-48.6671249, -27.0388376, 1.0]
                    ],
                    [
                        [-48.6671249, -27.0388376, 1.0],
                        [-48.6672108, -27.0393602, 1.0],
                        [-48.6667524, -27.0394251, 1.0]
                    ],
                    [
                        [-48.6671249, -27.0388376, 1.0],
                        [-48.6666667, -27.0388998, 1.0]
                    ],
                    [
                        [-48.6665006, -27.0350424, 1.0],
                        [-48.6666495, -27.0350341, 1.0],
                        [-48.6667702, -27.0350281, 1.0],
                        [-48.6668201, -27.0350285, 1.0],
                        [-48.6668692, -27.0350289, 1.0],
                        [-48.6670505, -27.0350305, 1.0]
                    ],
                    [
                        [-48.6665006, -27.0350424, 1.0],
                        [-48.6668288, -27.0370356, 1.0]
                    ],
                    [
                        [-48.6663727, -27.037097, 1.0],
                        [-48.6668288, -27.0370356, 1.0]
                    ],
                    [
                        [-48.6667524, -27.0394251, 1.0],
                        [-48.6666667, -27.0388998, 1.0]
                    ],
                    [
                        [-48.6667524, -27.0394251, 1.0],
                        [-48.6655099, -27.0396011, 1.0]
                    ],
                    [
                        [-48.6666667, -27.0388998, 1.0],
                        [-48.6663727, -27.037097, 1.0]
                    ],
                    [
                        [-48.6666667, -27.0388998, 1.0],
                        [-48.666059, -27.0389823, 1.0]
                    ],
                    [
                        [-48.6661305, -27.0350448, 1.0],
                        [-48.6665006, -27.0350424, 1.0]
                    ],
                    [
                        [-48.6663727, -27.037097, 1.0],
                        [-48.6662118, -27.0360978, 1.0],
                        [-48.6661814, -27.0358625, 1.0],
                        [-48.6661609, -27.0356387, 1.0],
                        [-48.666155, -27.0355181, 1.0]
                    ],
                    [
                        [-48.665745, -27.0371814, 1.0],
                        [-48.6663727, -27.037097, 1.0]
                    ],
                    [
                        [-48.666155, -27.0355181, 1.0],
                        [-48.6661305, -27.0350448, 1.0]
                    ],
                    [
                        [-48.666155, -27.0355181, 1.0],
                        [-48.6654814, -27.0356088, 1.0]
                    ],
                    [
                        [-48.6648269, -27.0351249, 1.0],
                        [-48.6654747, -27.0350819, 1.0],
                        [-48.6659595, -27.0350545, 1.0],
                        [-48.6661305, -27.0350448, 1.0]
                    ],
                    [
                        [-48.665745, -27.0371814, 1.0],
                        [-48.666059, -27.0389823, 1.0]
                    ],
                    [
                        [-48.666059, -27.0389823, 1.0],
                        [-48.6654223, -27.0390686, 1.0]
                    ],
                    [
                        [-48.6654814, -27.0356088, 1.0],
                        [-48.665745, -27.0371814, 1.0]
                    ],
                    [
                        [-48.6651255, -27.0372648, 1.0],
                        [-48.665745, -27.0371814, 1.0]
                    ],
                    [
                        [-48.6655099, -27.0396011, 1.0],
                        [-48.6655619, -27.0399169, 1.0]
                    ],
                    [
                        [-48.6654223, -27.0390686, 1.0],
                        [-48.6655099, -27.0396011, 1.0]
                    ],
                    [
                        [-48.6654814, -27.0356088, 1.0],
                        [-48.6648666, -27.0356917, 1.0]
                    ],
                    [
                        [-48.6651255, -27.0372648, 1.0],
                        [-48.6654223, -27.0390686, 1.0]
                    ],
                    [
                        [-48.6654223, -27.0390686, 1.0],
                        [-48.6648468, -27.0391467, 1.0]
                    ],
                    [
                        [-48.6648666, -27.0356917, 1.0],
                        [-48.6651255, -27.0372648, 1.0]
                    ],
                    [
                        [-48.6645587, -27.037341, 1.0],
                        [-48.6651255, -27.0372648, 1.0]
                    ],
                    [
                        [-48.6648468, -27.0391467, 1.0],
                        [-48.6648819, -27.0393668, 1.0]
                    ],
                    [
                        [-48.6648269, -27.0351249, 1.0],
                        [-48.6648328, -27.0352092, 1.0],
                        [-48.6648624, -27.0356324, 1.0],
                        [-48.6648666, -27.0356917, 1.0]
                    ],
                    [
                        [-48.6645587, -27.037341, 1.0],
                        [-48.6648468, -27.0391467, 1.0]
                    ],
                    [
                        [-48.6631411, -27.0351046, 1.0],
                        [-48.6640424, -27.0351523, 1.0],
                        [-48.6642314, -27.035157, 1.0],
                        [-48.6644326, -27.03515, 1.0],
                        [-48.6647236, -27.035132, 1.0],
                        [-48.6648269, -27.0351249, 1.0]
                    ],
                    [
                        [-48.6643088, -27.0357751, 1.0],
                        [-48.6645587, -27.037341, 1.0]
                    ],
                    [
                        [-48.6645082, -27.0357474, 1.0],
                        [-48.6643088, -27.0357751, 1.0]
                    ],
                    [
                        [-48.6643088, -27.0357751, 1.0],
                        [-48.6641169, -27.0358018, 1.0]
                    ],
                    [
                        [-48.6632596, -27.0362857, 1.0],
                        [-48.6633237, -27.036757, 1.0]
                    ],
                    [
                        [-48.6631411, -27.0351046, 1.0],
                        [-48.6631503, -27.0353671, 1.0],
                        [-48.6631586, -27.0355001, 1.0],
                        [-48.6631834, -27.0357082, 1.0],
                        [-48.6632072, -27.035891, 1.0],
                        [-48.6632614, -27.0362364, 1.0],
                        [-48.6632596, -27.0362857, 1.0]
                    ],
                    [
                        [-48.6632596, -27.0362857, 1.0],
                        [-48.6632355, -27.0363094, 1.0],
                        [-48.663098, -27.0363961, 1.0],
                        [-48.6630425, -27.0364365, 1.0],
                        [-48.6629958, -27.0364816, 1.0],
                        [-48.6629648, -27.0365199, 1.0],
                        [-48.6629304, -27.0365801, 1.0],
                        [-48.6628052, -27.0368439, 1.0],
                        [-48.6627312, -27.0370049, 1.0],
                        [-48.6626942, -27.0370955, 1.0]
                    ],
                    [
                        [-48.6615559, -27.0349266, 1.0],
                        [-48.6615841, -27.0349493, 1.0],
                        [-48.6616418, -27.0349863, 1.0],
                        [-48.6617088, -27.0350162, 1.0],
                        [-48.6617813, -27.0350353, 1.0],
                        [-48.6618778, -27.0350568, 1.0],
                        [-48.6619958, -27.0350747, 1.0],
                        [-48.6627777, -27.0350795, 1.0],
                        [-48.6631411, -27.0351046, 1.0]
                    ],
                    [
                        [-48.6626942, -27.0370955, 1.0],
                        [-48.6626613, -27.0372131, 1.0],
                        [-48.6626201, -27.0373827, 1.0],
                        [-48.6625813, -27.0375778, 1.0],
                        [-48.6624783, -27.0381615, 1.0],
                        [-48.6624535, -27.0382463, 1.0],
                        [-48.662425, -27.0383133, 1.0],
                        [-48.6623899, -27.0383629, 1.0],
                        [-48.6623443, -27.0384046, 1.0],
                        [-48.66229, -27.0384405, 1.0],
                        [-48.6622374, -27.0384669, 1.0],
                        [-48.6621784, -27.038481, 1.0]
                    ],
                    [
                        [-48.6626942, -27.0370955, 1.0],
                        [-48.6618593, -27.0371789, 1.0]
                    ],
                    [
                        [-48.6621784, -27.038481, 1.0],
                        [-48.6624037, -27.0400599, 1.0]
                    ],
                    [
                        [-48.6621784, -27.038481, 1.0],
                        [-48.6621004, -27.0384839, 1.0],
                        [-48.6620052, -27.0384851, 1.0]
                    ],
                    [
                        [-48.6620052, -27.0384851, 1.0],
                        [-48.6618593, -27.0371789, 1.0]
                    ],
                    [
                        [-48.6620052, -27.0384851, 1.0],
                        [-48.6616834, -27.0385126, 1.0]
                    ],
                    [
                        [-48.6618382, -27.0395822, 1.0],
                        [-48.6618916, -27.0399574, 1.0]
                    ],
                    [
                        [-48.6618593, -27.0371789, 1.0],
                        [-48.6615559, -27.0349266, 1.0]
                    ],
                    [
                        [-48.6618593, -27.0371789, 1.0],
                        [-48.6612242, -27.0372423, 1.0]
                    ],
                    [
                        [-48.6616834, -27.0385126, 1.0],
                        [-48.6618382, -27.0395822, 1.0]
                    ],
                    [
                        [-48.6618382, -27.0395822, 1.0],
                        [-48.6615559, -27.0396115, 1.0]
                    ],
                    [
                        [-48.6616834, -27.0385126, 1.0],
                        [-48.6615975, -27.0385221, 1.0],
                        [-48.6614969, -27.038546, 1.0],
                        [-48.6614004, -27.0385699, 1.0]
                    ],
                    [
                        [-48.6608411, -27.0344929, 1.0],
                        [-48.6609364, -27.0345336, 1.0],
                        [-48.6610316, -27.0345754, 1.0],
                        [-48.6611415, -27.0346339, 1.0],
                        [-48.6612234, -27.0346865, 1.0],
                        [-48.6613494, -27.0347808, 1.0],
                        [-48.6615559, -27.0349266, 1.0]
                    ],
                    [
                        [-48.6615559, -27.0349266, 1.0],
                        [-48.6615339, -27.0347732, 1.0],
                        [-48.6615191, -27.0346863, 1.0],
                        [-48.6614205, -27.0340112, 1.0],
                        [-48.6612113, -27.0327572, 1.0]
                    ],
                    [
                        [-48.6612242, -27.0372423, 1.0],
                        [-48.6614004, -27.0385699, 1.0]
                    ],
                    [
                        [-48.6614004, -27.0385699, 1.0],
                        [-48.6612274, -27.0386213, 1.0],
                        [-48.6611268, -27.0386392, 1.0],
                        [-48.6610302, -27.0386559, 1.0],
                        [-48.6609457, -27.0386667, 1.0],
                        [-48.6608572, -27.0386727, 1.0],
                        [-48.6607674, -27.0386822, 1.0]
                    ],
                    [
                        [-48.6608411, -27.0344929, 1.0],
                        [-48.6612242, -27.0372423, 1.0]
                    ],
                    [
                        [-48.6608411, -27.0344929, 1.0],
                        [-48.6605528, -27.0343998, 1.0],
                        [-48.6604831, -27.034383, 1.0],
                        [-48.6604227, -27.0343759, 1.0],
                        [-48.6603597, -27.0343759, 1.0],
                        [-48.6602886, -27.034383, 1.0],
                        [-48.6602202, -27.0343974, 1.0],
                        [-48.6602321, -27.0344936, 1.0],
                        [-48.6603662, -27.0355763, 1.0],
                        [-48.6604416, -27.0361855, 1.0]
                    ],
                    [
                        [-48.6607674, -27.0386822, 1.0],
                        [-48.6606132, -27.0375003, 1.0],
                        [-48.6604416, -27.0361855, 1.0]
                    ],
                    [
                        [-48.6607674, -27.0386822, 1.0],
                        [-48.6604072, -27.0387227, 1.0],
                        [-48.6603247, -27.0387377, 1.0],
                        [-48.6600304, -27.0388105, 1.0],
                        [-48.6598029, -27.0388701, 1.0]
                    ],
                    [
                        [-48.6604416, -27.0361855, 1.0],
                        [-48.6603749, -27.0361888, 1.0],
                        [-48.6601285, -27.0362012, 1.0],
                        [-48.6600758, -27.0361947, 1.0],
                        [-48.6595804, -27.0360382, 1.0],
                        [-48.6590494, -27.0358798, 1.0],
                        [-48.6589864, -27.035862, 1.0],
                        [-48.6588784, -27.0358293, 1.0]
                    ]
                ]
            }
        },
        {
            "type": "Feature",
            "properties": {
                "SETOR": "M03",
                "FREQUENCIA": "TER - QUI - SAB",
                "TURNO": "MANHÃ",
                "HORARIO": "06:00 ÀS 14:20",
                "OPERACAO": "DOMICILIAR",
                "FILIAL": "CAMBORIÚ"
            },
            "geometry": {
                "type": "MultiLineString",
                "coordinates": [
                    [
                        [-48.6562796, -27.0020096, 1.0],
                        [-48.6580973, -27.0032508, 1.0],
                        [-48.6604591, -27.0048633, 1.0],
                        [-48.6605267, -27.0049628, 1.0]
                    ],
                    [
                        [-48.657976, -27.0041117, 1.0],
                        [-48.6600508, -27.0054992, 1.0]
                    ],
                    [
                        [-48.6576379, -27.0045274, 1.0],
                        [-48.6588424, -27.0053322, 1.0]
                    ],
                    [
                        [-48.6564361, -27.0018127, 1.0],
                        [-48.658284, -27.0030293, 1.0]
                    ],
                    [
                        [-48.6579849, -27.0037026, 1.0],
                        [-48.6581938, -27.0038441, 1.0],
                        [-48.657976, -27.0041117, 1.0]
                    ],
                    [
                        [-48.6567539, -27.0032945, 1.0],
                        [-48.657976, -27.0041117, 1.0]
                    ],
                    [
                        [-48.657976, -27.0041117, 1.0],
                        [-48.6576379, -27.0045274, 1.0]
                    ],
                    [
                        [-48.6564162, -27.0037111, 1.0],
                        [-48.6576379, -27.0045274, 1.0]
                    ],
                    [
                        [-48.6576379, -27.0045274, 1.0],
                        [-48.6572538, -27.0049999, 1.0],
                        [-48.6568923, -27.0054444, 1.0]
                    ],
                    [
                        [-48.6574017, -27.0057832, 1.0],
                        [-48.6564789, -27.0069268, 1.0]
                    ],
                    [
                        [-48.6568923, -27.0054444, 1.0],
                        [-48.6556698, -27.0046312, 1.0]
                    ],
                    [
                        [-48.6568923, -27.0054444, 1.0],
                        [-48.6565821, -27.005826, 1.0]
                    ],
                    [
                        [-48.6568813, -27.0031376, 1.0],
                        [-48.6567539, -27.0032945, 1.0]
                    ],
                    [
                        [-48.6565329, -27.0031467, 1.0],
                        [-48.6567539, -27.0032945, 1.0]
                    ],
                    [
                        [-48.6567539, -27.0032945, 1.0],
                        [-48.6564162, -27.0037111, 1.0]
                    ],
                    [
                        [-48.6565821, -27.005826, 1.0],
                        [-48.6553621, -27.0050107, 1.0]
                    ],
                    [
                        [-48.6565821, -27.005826, 1.0],
                        [-48.6562808, -27.0061964, 1.0]
                    ],
                    [
                        [-48.6564812, -27.0027739, 1.0],
                        [-48.6563995, -27.0028799, 1.0],
                        [-48.6558784, -27.0024986, 1.0]
                    ],
                    [
                        [-48.6546448, -27.0006011, 1.0],
                        [-48.6564361, -27.0018127, 1.0]
                    ],
                    [
                        [-48.6564361, -27.0018127, 1.0],
                        [-48.6562796, -27.0020096, 1.0]
                    ],
                    [
                        [-48.6554225, -27.0030471, 1.0],
                        [-48.6555008, -27.0030994, 1.0],
                        [-48.6555875, -27.0031573, 1.0],
                        [-48.6564162, -27.0037111, 1.0]
                    ],
                    [
                        [-48.6564162, -27.0037111, 1.0],
                        [-48.6560323, -27.0041844, 1.0],
                        [-48.6556698, -27.0046312, 1.0]
                    ],
                    [
                        [-48.6550641, -27.0053781, 1.0],
                        [-48.6562808, -27.0061964, 1.0]
                    ],
                    [
                        [-48.6562808, -27.0061964, 1.0],
                        [-48.655961, -27.0065985, 1.0]
                    ],
                    [
                        [-48.6544707, -27.0008066, 1.0],
                        [-48.6545541, -27.0008614, 1.0],
                        [-48.6562796, -27.0020096, 1.0]
                    ],
                    [
                        [-48.6562796, -27.0020096, 1.0],
                        [-48.6558784, -27.0024986, 1.0]
                    ],
                    [
                        [-48.6553448, -27.0021333, 1.0],
                        [-48.6558784, -27.0024986, 1.0]
                    ],
                    [
                        [-48.6558784, -27.0024986, 1.0],
                        [-48.6554225, -27.0030471, 1.0]
                    ],
                    [
                        [-48.6556698, -27.0046312, 1.0],
                        [-48.654667, -27.0039642, 1.0]
                    ],
                    [
                        [-48.6556698, -27.0046312, 1.0],
                        [-48.6553621, -27.0050107, 1.0]
                    ],
                    [
                        [-48.6555171, -27.0087789, 1.0],
                        [-48.6554995, -27.0086503, 1.0],
                        [-48.6555156, -27.0085236, 1.0],
                        [-48.6555599, -27.0081807, 1.0],
                        [-48.6555478, -27.0081294, 1.0],
                        [-48.6541419, -27.0071764, 1.0]
                    ],
                    [
                        [-48.6535895, -27.0018465, 1.0],
                        [-48.6552832, -27.0029548, 1.0],
                        [-48.6553652, -27.0030091, 1.0],
                        [-48.6554225, -27.0030471, 1.0]
                    ],
                    [
                        [-48.6554225, -27.0030471, 1.0],
                        [-48.6550315, -27.0035162, 1.0],
                        [-48.654667, -27.0039642, 1.0]
                    ],
                    [
                        [-48.6553621, -27.0050107, 1.0],
                        [-48.6550641, -27.0053781, 1.0]
                    ],
                    [
                        [-48.6550162, -27.0019083, 1.0],
                        [-48.6553448, -27.0021333, 1.0]
                    ],
                    [
                        [-48.6553448, -27.0021333, 1.0],
                        [-48.6550713, -27.0024501, 1.0]
                    ],
                    [
                        [-48.6550641, -27.0053781, 1.0],
                        [-48.6549256, -27.005549, 1.0]
                    ],
                    [
                        [-48.6519536, -26.9998117, 1.0],
                        [-48.6528924, -27.0004544, 1.0],
                        [-48.6545142, -27.0015647, 1.0],
                        [-48.6550162, -27.0019083, 1.0]
                    ],
                    [
                        [-48.6550162, -27.0019083, 1.0],
                        [-48.6547495, -27.0022207, 1.0]
                    ],
                    [
                        [-48.6549256, -27.005549, 1.0],
                        [-48.6539071, -27.0048725, 1.0]
                    ],
                    [
                        [-48.6549256, -27.005549, 1.0],
                        [-48.6547359, -27.0057741, 1.0]
                    ],
                    [
                        [-48.6548024, -27.0063732, 1.0],
                        [-48.653455, -27.0054759, 1.0],
                        [-48.6531641, -27.0052822, 1.0]
                    ],
                    [
                        [-48.6548024, -27.0063732, 1.0],
                        [-48.6550959, -27.0060163, 1.0],
                        [-48.6547359, -27.0057741, 1.0]
                    ],
                    [
                        [-48.6548024, -27.0063732, 1.0],
                        [-48.6544668, -27.0067814, 1.0]
                    ],
                    [
                        [-48.6547359, -27.0057741, 1.0],
                        [-48.6537233, -27.0051026, 1.0]
                    ],
                    [
                        [-48.654667, -27.0039642, 1.0],
                        [-48.652828, -27.0027435, 1.0]
                    ],
                    [
                        [-48.654667, -27.0039642, 1.0],
                        [-48.6546041, -27.0040388, 1.0],
                        [-48.6542929, -27.0044078, 1.0]
                    ],
                    [
                        [-48.6546448, -27.0006011, 1.0],
                        [-48.6546477, -27.0005342, 1.0],
                        [-48.6546345, -27.0004891, 1.0],
                        [-48.6546091, -27.000452, 1.0],
                        [-48.6545739, -27.0004165, 1.0],
                        [-48.6544932, -27.0003543, 1.0],
                        [-48.6538905, -26.9999781, 1.0],
                        [-48.6538506, -26.9999572, 1.0],
                        [-48.6538151, -26.9999423, 1.0],
                        [-48.6537769, -26.9999294, 1.0],
                        [-48.6536045, -26.9998888, 1.0],
                        [-48.6535499, -26.9998676, 1.0],
                        [-48.6534932, -26.999838, 1.0],
                        [-48.6534485, -26.9998089, 1.0],
                        [-48.6526824, -26.9993014, 1.0],
                        [-48.6525745, -26.9993214, 1.0],
                        [-48.6525079, -26.9993425, 1.0],
                        [-48.6524383, -26.9993706, 1.0],
                        [-48.6523888, -26.9993958, 1.0]
                    ],
                    [
                        [-48.6546448, -27.0006011, 1.0],
                        [-48.6544707, -27.0008066, 1.0]
                    ],
                    [
                        [-48.6523888, -26.9993958, 1.0],
                        [-48.6544707, -27.0008066, 1.0]
                    ],
                    [
                        [-48.6544707, -27.0008066, 1.0],
                        [-48.6543146, -27.0010104, 1.0]
                    ],
                    [
                        [-48.6528337, -27.0056848, 1.0],
                        [-48.652935, -27.0057528, 1.0],
                        [-48.653559, -27.0061718, 1.0],
                        [-48.6536682, -27.0062452, 1.0],
                        [-48.6543667, -27.0067142, 1.0],
                        [-48.6544668, -27.0067814, 1.0]
                    ],
                    [
                        [-48.6544668, -27.0067814, 1.0],
                        [-48.6541419, -27.0071764, 1.0]
                    ],
                    [
                        [-48.6543146, -27.0010104, 1.0],
                        [-48.6543943, -27.0010647, 1.0]
                    ],
                    [
                        [-48.6543146, -27.0010104, 1.0],
                        [-48.6521879, -26.9995862, 1.0]
                    ],
                    [
                        [-48.6542929, -27.0044078, 1.0],
                        [-48.6524633, -27.0031839, 1.0]
                    ],
                    [
                        [-48.6542929, -27.0044078, 1.0],
                        [-48.6539071, -27.0048725, 1.0]
                    ],
                    [
                        [-48.6541419, -27.0071764, 1.0],
                        [-48.6525454, -27.0060584, 1.0]
                    ],
                    [
                        [-48.6541419, -27.0071764, 1.0],
                        [-48.6537641, -27.0076359, 1.0]
                    ],
                    [
                        [-48.6539071, -27.0048725, 1.0],
                        [-48.6528274, -27.0041539, 1.0],
                        [-48.6521607, -27.0037101, 1.0],
                        [-48.6520748, -27.0036531, 1.0]
                    ],
                    [
                        [-48.6539071, -27.0048725, 1.0],
                        [-48.6537233, -27.0051026, 1.0]
                    ],
                    [
                        [-48.6521468, -27.0065402, 1.0],
                        [-48.653202, -27.0072551, 1.0],
                        [-48.6537641, -27.0076359, 1.0]
                    ],
                    [
                        [-48.6537641, -27.0076359, 1.0],
                        [-48.6536662, -27.007747, 1.0],
                        [-48.6535724, -27.0078587, 1.0]
                    ],
                    [
                        [-48.6537233, -27.0051026, 1.0],
                        [-48.6534624, -27.0049207, 1.0]
                    ],
                    [
                        [-48.6514033, -27.0003616, 1.0],
                        [-48.6528738, -27.0013743, 1.0],
                        [-48.6532777, -27.0016379, 1.0],
                        [-48.6535895, -27.0018465, 1.0]
                    ],
                    [
                        [-48.652828, -27.0027435, 1.0],
                        [-48.6532049, -27.002296, 1.0],
                        [-48.6534222, -27.0020346, 1.0],
                        [-48.6535895, -27.0018465, 1.0]
                    ],
                    [
                        [-48.6534624, -27.0049207, 1.0],
                        [-48.6530524, -27.0046453, 1.0],
                        [-48.6518666, -27.0038505, 1.0]
                    ],
                    [
                        [-48.6534624, -27.0049207, 1.0],
                        [-48.6531641, -27.0052822, 1.0]
                    ],
                    [
                        [-48.6531641, -27.0052822, 1.0],
                        [-48.6519506, -27.0044546, 1.0],
                        [-48.6516166, -27.0042267, 1.0],
                        [-48.651556, -27.0041851, 1.0]
                    ],
                    [
                        [-48.6531641, -27.0052822, 1.0],
                        [-48.6530326, -27.0054433, 1.0],
                        [-48.6528337, -27.0056848, 1.0]
                    ],
                    [
                        [-48.6512029, -27.0045898, 1.0],
                        [-48.6512895, -27.0046479, 1.0],
                        [-48.6517727, -27.0049724, 1.0],
                        [-48.6522671, -27.0053044, 1.0],
                        [-48.6527234, -27.0056107, 1.0],
                        [-48.6528337, -27.0056848, 1.0]
                    ],
                    [
                        [-48.6528337, -27.0056848, 1.0],
                        [-48.6525454, -27.0060584, 1.0]
                    ],
                    [
                        [-48.652828, -27.0027435, 1.0],
                        [-48.6509022, -27.0014626, 1.0]
                    ],
                    [
                        [-48.6524633, -27.0031839, 1.0],
                        [-48.652828, -27.0027435, 1.0]
                    ],
                    [
                        [-48.6527543, -27.0035566, 1.0],
                        [-48.6524588, -27.0033537, 1.0]
                    ],
                    [
                        [-48.6526309, -27.0036713, 1.0],
                        [-48.6523455, -27.0034872, 1.0]
                    ],
                    [
                        [-48.6525454, -27.0060584, 1.0],
                        [-48.6519, -27.0056596, 1.0],
                        [-48.6508968, -27.0049713, 1.0]
                    ],
                    [
                        [-48.6525454, -27.0060584, 1.0],
                        [-48.6521468, -27.0065402, 1.0]
                    ],
                    [
                        [-48.6522433, -27.003608, 1.0],
                        [-48.6525451, -27.0037968, 1.0]
                    ],
                    [
                        [-48.6524633, -27.0031839, 1.0],
                        [-48.6506555, -27.0019771, 1.0]
                    ],
                    [
                        [-48.6523714, -27.0032949, 1.0],
                        [-48.6524633, -27.0031839, 1.0]
                    ],
                    [
                        [-48.6524588, -27.0033537, 1.0],
                        [-48.6523714, -27.0032949, 1.0]
                    ],
                    [
                        [-48.6524588, -27.0033537, 1.0],
                        [-48.6523455, -27.0034872, 1.0]
                    ],
                    [
                        [-48.6523888, -26.9993958, 1.0],
                        [-48.6523309, -26.9994326, 1.0],
                        [-48.6522993, -26.9994568, 1.0],
                        [-48.6522575, -26.9995128, 1.0],
                        [-48.6521879, -26.9995862, 1.0]
                    ],
                    [
                        [-48.6521561, -27.0035549, 1.0],
                        [-48.6523714, -27.0032949, 1.0]
                    ],
                    [
                        [-48.6523455, -27.0034872, 1.0],
                        [-48.6522433, -27.003608, 1.0]
                    ],
                    [
                        [-48.6522433, -27.003608, 1.0],
                        [-48.6521561, -27.0035549, 1.0]
                    ],
                    [
                        [-48.6521879, -26.9995862, 1.0],
                        [-48.6519536, -26.9998117, 1.0]
                    ],
                    [
                        [-48.6520748, -27.0036531, 1.0],
                        [-48.6521094, -27.0036113, 1.0],
                        [-48.6521561, -27.0035549, 1.0]
                    ],
                    [
                        [-48.6505073, -27.0054331, 1.0],
                        [-48.6515406, -27.0061316, 1.0],
                        [-48.6521468, -27.0065402, 1.0]
                    ],
                    [
                        [-48.6521468, -27.0065402, 1.0],
                        [-48.6519805, -27.006729, 1.0],
                        [-48.6518437, -27.0068843, 1.0]
                    ],
                    [
                        [-48.6520748, -27.0036531, 1.0],
                        [-48.6503658, -27.00252, 1.0]
                    ],
                    [
                        [-48.6518666, -27.0038505, 1.0],
                        [-48.6519445, -27.0038105, 1.0],
                        [-48.6520748, -27.0036531, 1.0]
                    ],
                    [
                        [-48.6519536, -26.9998117, 1.0],
                        [-48.6514829, -27.0002682, 1.0],
                        [-48.6514416, -27.0003127, 1.0],
                        [-48.6514033, -27.0003616, 1.0]
                    ],
                    [
                        [-48.6518666, -27.0038505, 1.0],
                        [-48.6516884, -27.003732, 1.0],
                        [-48.650181, -27.0027291, 1.0]
                    ],
                    [
                        [-48.6518666, -27.0038505, 1.0],
                        [-48.6517704, -27.0038924, 1.0],
                        [-48.651556, -27.0041851, 1.0]
                    ],
                    [
                        [-48.651556, -27.0041851, 1.0],
                        [-48.6507873, -27.0036832, 1.0],
                        [-48.6498423, -27.0030661, 1.0]
                    ],
                    [
                        [-48.651556, -27.0041851, 1.0],
                        [-48.6513837, -27.0043787, 1.0],
                        [-48.6512029, -27.0045898, 1.0]
                    ],
                    [
                        [-48.6514033, -27.0003616, 1.0],
                        [-48.6513796, -27.0003982, 1.0],
                        [-48.6513604, -27.0004663, 1.0],
                        [-48.6513438, -27.0005126, 1.0],
                        [-48.6511628, -27.000936, 1.0],
                        [-48.6511014, -27.0010696, 1.0],
                        [-48.6509372, -27.0013936, 1.0],
                        [-48.6509022, -27.0014626, 1.0]
                    ],
                    [
                        [-48.6494809, -27.0034335, 1.0],
                        [-48.6495823, -27.0035016, 1.0],
                        [-48.6505243, -27.0041341, 1.0],
                        [-48.6511061, -27.0045248, 1.0],
                        [-48.6512029, -27.0045898, 1.0]
                    ],
                    [
                        [-48.6512029, -27.0045898, 1.0],
                        [-48.6510169, -27.0048059, 1.0],
                        [-48.6508968, -27.0049713, 1.0]
                    ],
                    [
                        [-48.6509022, -27.0014626, 1.0],
                        [-48.6506555, -27.0019771, 1.0]
                    ],
                    [
                        [-48.6508968, -27.0049713, 1.0],
                        [-48.6491548, -27.0038021, 1.0]
                    ],
                    [
                        [-48.6508968, -27.0049713, 1.0],
                        [-48.6508207, -27.0050615, 1.0],
                        [-48.6505073, -27.0054331, 1.0]
                    ],
                    [
                        [-48.6506555, -27.0019771, 1.0],
                        [-48.6505355, -27.0022298, 1.0],
                        [-48.6504547, -27.0023844, 1.0],
                        [-48.6504007, -27.0024779, 1.0],
                        [-48.6503658, -27.00252, 1.0]
                    ],
                    [
                        [-48.6487444, -27.0042281, 1.0],
                        [-48.6503506, -27.0053252, 1.0],
                        [-48.6505073, -27.0054331, 1.0]
                    ],
                    [
                        [-48.6505073, -27.0054331, 1.0],
                        [-48.6504218, -27.0055165, 1.0],
                        [-48.6503254, -27.0056363, 1.0]
                    ],
                    [
                        [-48.6503658, -27.00252, 1.0],
                        [-48.6502946, -27.0026058, 1.0],
                        [-48.650181, -27.0027291, 1.0]
                    ],
                    [
                        [-48.650181, -27.0027291, 1.0],
                        [-48.6498423, -27.0030661, 1.0]
                    ],
                    [
                        [-48.6498423, -27.0030661, 1.0],
                        [-48.6494809, -27.0034335, 1.0]
                    ],
                    [
                        [-48.6494809, -27.0034335, 1.0],
                        [-48.6493506, -27.0035808, 1.0],
                        [-48.6491548, -27.0038021, 1.0]
                    ],
                    [
                        [-48.6491548, -27.0038021, 1.0],
                        [-48.6489724, -27.0039885, 1.0]
                    ]
                ]
            }
        },
        {
            "type": "Feature",
            "properties": {
                "SETOR": "M04",
                "FREQUENCIA": "TER - QUI - SAB",
                "TURNO": "MANHÃ",
                "HORARIO": "06:00 ÀS 14:20",
                "OPERACAO": "DOMICILIAR",
                "FILIAL": "CAMBORIÚ"
            },
            "geometry": {
                "type": "MultiLineString",
                "coordinates": [
                    [
                        [-48.6647802, -27.0016278, 1.0],
                        [-48.6647434, -27.0017442, 1.0],
                        [-48.6645891, -27.0022324, 1.0],
                        [-48.6644165, -27.0027785, 1.0]
                    ],
                    [
                        [-48.6644165, -27.0027785, 1.0],
                        [-48.6643754, -27.0029174, 1.0]
                    ],
                    [
                        [-48.6644165, -27.0027785, 1.0],
                        [-48.6643803, -27.0028046, 1.0],
                        [-48.6643396, -27.0028246, 1.0],
                        [-48.6642955, -27.0028379, 1.0]
                    ],
                    [
                        [-48.6643754, -27.0029174, 1.0],
                        [-48.6643539, -27.0028871, 1.0],
                        [-48.664327, -27.0028603, 1.0],
                        [-48.6642955, -27.0028379, 1.0]
                    ],
                    [
                        [-48.6642273, -27.0034, 1.0],
                        [-48.6643754, -27.0029174, 1.0]
                    ],
                    [
                        [-48.6642955, -27.0028379, 1.0],
                        [-48.6641742, -27.0028212, 1.0]
                    ],
                    [
                        [-48.6642014, -27.0023739, 1.0],
                        [-48.6642563, -27.0017797, 1.0],
                        [-48.6642648, -27.0016876, 1.0]
                    ],
                    [
                        [-48.6642273, -27.0034, 1.0],
                        [-48.6624705, -27.0029271, 1.0]
                    ],
                    [
                        [-48.6640742, -27.0039077, 1.0],
                        [-48.6641967, -27.0035013, 1.0],
                        [-48.6642273, -27.0034, 1.0]
                    ],
                    [
                        [-48.6642014, -27.0023739, 1.0],
                        [-48.6633714, -27.0021404, 1.0]
                    ],
                    [
                        [-48.6641742, -27.0028212, 1.0],
                        [-48.6642014, -27.0023739, 1.0]
                    ],
                    [
                        [-48.6626207, -27.0024299, 1.0],
                        [-48.664009, -27.0027906, 1.0],
                        [-48.6641742, -27.0028212, 1.0]
                    ],
                    [
                        [-48.6640742, -27.0039077, 1.0],
                        [-48.6634765, -27.0037415, 1.0]
                    ],
                    [
                        [-48.6639127, -27.0044431, 1.0],
                        [-48.6640742, -27.0039077, 1.0]
                    ],
                    [
                        [-48.6633041, -27.0042934, 1.0],
                        [-48.6635345, -27.0043605, 1.0],
                        [-48.6639127, -27.0044431, 1.0]
                    ],
                    [
                        [-48.6622183, -27.0062573, 1.0],
                        [-48.6622819, -27.0061913, 1.0],
                        [-48.6631427, -27.0052967, 1.0],
                        [-48.6636562, -27.0047631, 1.0],
                        [-48.6639127, -27.0044431, 1.0]
                    ],
                    [
                        [-48.663783, -27.0015373, 1.0],
                        [-48.6633714, -27.0021404, 1.0]
                    ],
                    [
                        [-48.6634765, -27.0037415, 1.0],
                        [-48.6623188, -27.0034193, 1.0]
                    ],
                    [
                        [-48.6633041, -27.0042934, 1.0],
                        [-48.6634765, -27.0037415, 1.0]
                    ],
                    [
                        [-48.6633714, -27.0021404, 1.0],
                        [-48.6631061, -27.0020658, 1.0],
                        [-48.6628265, -27.0019871, 1.0]
                    ],
                    [
                        [-48.6627388, -27.0041144, 1.0],
                        [-48.6633041, -27.0042934, 1.0]
                    ],
                    [
                        [-48.6618173, -27.0059593, 1.0],
                        [-48.6631336, -27.004607, 1.0],
                        [-48.6631885, -27.0045286, 1.0],
                        [-48.6632085, -27.0044942, 1.0],
                        [-48.6632255, -27.0044617, 1.0],
                        [-48.6633041, -27.0042934, 1.0]
                    ],
                    [
                        [-48.6632429, -27.0013779, 1.0],
                        [-48.6628265, -27.0019871, 1.0]
                    ],
                    [
                        [-48.6628265, -27.0019871, 1.0],
                        [-48.6623564, -27.0018602, 1.0]
                    ],
                    [
                        [-48.6628265, -27.0019871, 1.0],
                        [-48.662789, -27.0020443, 1.0],
                        [-48.6627489, -27.0021136, 1.0],
                        [-48.6627106, -27.0021874, 1.0],
                        [-48.6626797, -27.0022505, 1.0],
                        [-48.6626613, -27.0022989, 1.0],
                        [-48.6626453, -27.0023473, 1.0],
                        [-48.6626207, -27.0024299, 1.0]
                    ],
                    [
                        [-48.6621541, -27.0039502, 1.0],
                        [-48.6627388, -27.0041144, 1.0]
                    ],
                    [
                        [-48.6627388, -27.0041144, 1.0],
                        [-48.6626951, -27.0041868, 1.0],
                        [-48.6626579, -27.0042528, 1.0],
                        [-48.6626188, -27.0043119, 1.0],
                        [-48.6625624, -27.0043805, 1.0],
                        [-48.6613946, -27.0056452, 1.0]
                    ],
                    [
                        [-48.6626657, -27.0013773, 1.0],
                        [-48.6623564, -27.0018602, 1.0]
                    ],
                    [
                        [-48.6624426, -27.0023779, 1.0],
                        [-48.6626207, -27.0024299, 1.0]
                    ],
                    [
                        [-48.6626207, -27.0024299, 1.0],
                        [-48.6624705, -27.0029271, 1.0]
                    ],
                    [
                        [-48.6624705, -27.0029271, 1.0],
                        [-48.6617779, -27.0027449, 1.0]
                    ],
                    [
                        [-48.6624705, -27.0029271, 1.0],
                        [-48.6623188, -27.0034193, 1.0]
                    ],
                    [
                        [-48.6623564, -27.0018602, 1.0],
                        [-48.6618893, -27.0017389, 1.0],
                        [-48.6618191, -27.0017216, 1.0]
                    ],
                    [
                        [-48.6623564, -27.0018602, 1.0],
                        [-48.6620196, -27.002338, 1.0],
                        [-48.6618913, -27.0025435, 1.0]
                    ],
                    [
                        [-48.6623188, -27.0034193, 1.0],
                        [-48.6613889, -27.0031662, 1.0]
                    ],
                    [
                        [-48.6623188, -27.0034193, 1.0],
                        [-48.6621541, -27.0039502, 1.0]
                    ],
                    [
                        [-48.6618173, -27.0059593, 1.0],
                        [-48.6622183, -27.0062573, 1.0]
                    ],
                    [
                        [-48.6622183, -27.0062573, 1.0],
                        [-48.6610808, -27.0075018, 1.0],
                        [-48.660981, -27.0076109, 1.0],
                        [-48.6606398, -27.0073586, 1.0],
                        [-48.6605712, -27.0073079, 1.0]
                    ],
                    [
                        [-48.6621813, -27.0011617, 1.0],
                        [-48.6618191, -27.0017216, 1.0]
                    ],
                    [
                        [-48.6621541, -27.0039502, 1.0],
                        [-48.6615901, -27.0037923, 1.0],
                        [-48.6611379, -27.0042937, 1.0],
                        [-48.6605267, -27.0049628, 1.0]
                    ],
                    [
                        [-48.6621541, -27.0039502, 1.0],
                        [-48.6621314, -27.0040057, 1.0],
                        [-48.6620904, -27.0041063, 1.0],
                        [-48.6620197, -27.0042319, 1.0],
                        [-48.6609585, -27.0053211, 1.0]
                    ],
                    [
                        [-48.6614407, -27.002241, 1.0],
                        [-48.6618913, -27.0025435, 1.0]
                    ],
                    [
                        [-48.6618913, -27.0025435, 1.0],
                        [-48.6617779, -27.0027449, 1.0]
                    ],
                    [
                        [-48.6618191, -27.0017216, 1.0],
                        [-48.6612153, -27.0015553, 1.0]
                    ],
                    [
                        [-48.6618191, -27.0017216, 1.0],
                        [-48.6614407, -27.002241, 1.0]
                    ],
                    [
                        [-48.6613946, -27.0056452, 1.0],
                        [-48.6618173, -27.0059593, 1.0]
                    ],
                    [
                        [-48.6605712, -27.0073079, 1.0],
                        [-48.6609751, -27.0068707, 1.0],
                        [-48.6615342, -27.0062657, 1.0],
                        [-48.6618173, -27.0059593, 1.0]
                    ],
                    [
                        [-48.6617779, -27.0027449, 1.0],
                        [-48.6613889, -27.0031662, 1.0]
                    ],
                    [
                        [-48.6616759, -27.0008738, 1.0],
                        [-48.6612153, -27.0015553, 1.0]
                    ],
                    [
                        [-48.6609598, -27.0019266, 1.0],
                        [-48.6614407, -27.002241, 1.0]
                    ],
                    [
                        [-48.6614407, -27.002241, 1.0],
                        [-48.6608696, -27.0029314, 1.0],
                        [-48.660832, -27.0029768, 1.0]
                    ],
                    [
                        [-48.6609585, -27.0053211, 1.0],
                        [-48.6613946, -27.0056452, 1.0]
                    ],
                    [
                        [-48.6613946, -27.0056452, 1.0],
                        [-48.6601483, -27.0069951, 1.0]
                    ],
                    [
                        [-48.6613889, -27.0031662, 1.0],
                        [-48.6612573, -27.0032683, 1.0],
                        [-48.660832, -27.0029768, 1.0]
                    ],
                    [
                        [-48.6612153, -27.0015553, 1.0],
                        [-48.660665, -27.0014135, 1.0]
                    ],
                    [
                        [-48.6612153, -27.0015553, 1.0],
                        [-48.6609598, -27.0019266, 1.0]
                    ],
                    [
                        [-48.6611749, -27.0005578, 1.0],
                        [-48.660665, -27.0014135, 1.0]
                    ],
                    [
                        [-48.6605016, -27.0016243, 1.0],
                        [-48.6609598, -27.0019266, 1.0]
                    ],
                    [
                        [-48.6609598, -27.0019266, 1.0],
                        [-48.6603228, -27.0026282, 1.0]
                    ],
                    [
                        [-48.6605267, -27.0049628, 1.0],
                        [-48.6605863, -27.0050532, 1.0],
                        [-48.6609585, -27.0053211, 1.0]
                    ],
                    [
                        [-48.6609585, -27.0053211, 1.0],
                        [-48.6597177, -27.0066766, 1.0]
                    ],
                    [
                        [-48.6603228, -27.0026282, 1.0],
                        [-48.660832, -27.0029768, 1.0]
                    ],
                    [
                        [-48.6607778, -27.000238, 1.0],
                        [-48.6601245, -27.0012709, 1.0]
                    ],
                    [
                        [-48.660665, -27.0014135, 1.0],
                        [-48.6603207, -27.0013199, 1.0],
                        [-48.6601245, -27.0012709, 1.0]
                    ],
                    [
                        [-48.660665, -27.0014135, 1.0],
                        [-48.6605016, -27.0016243, 1.0]
                    ],
                    [
                        [-48.6605712, -27.0073079, 1.0],
                        [-48.6604814, -27.0072415, 1.0],
                        [-48.6602224, -27.0070499, 1.0],
                        [-48.6601483, -27.0069951, 1.0]
                    ],
                    [
                        [-48.6605267, -27.0049628, 1.0],
                        [-48.6600508, -27.0054992, 1.0],
                        [-48.6592806, -27.0063533, 1.0]
                    ],
                    [
                        [-48.6601245, -27.0012709, 1.0],
                        [-48.6601497, -27.001334, 1.0],
                        [-48.6602265, -27.0014008, 1.0],
                        [-48.6605016, -27.0016243, 1.0]
                    ],
                    [
                        [-48.6605016, -27.0016243, 1.0],
                        [-48.6598771, -27.0023326, 1.0]
                    ],
                    [
                        [-48.6596892, -27.0009911, 1.0],
                        [-48.6603487, -26.9999922, 1.0],
                        [-48.6603838, -26.999939, 1.0]
                    ],
                    [
                        [-48.6598771, -27.0023326, 1.0],
                        [-48.6603228, -27.0026282, 1.0]
                    ],
                    [
                        [-48.6601483, -27.0069951, 1.0],
                        [-48.6600636, -27.0069325, 1.0],
                        [-48.65979, -27.0067301, 1.0],
                        [-48.6597177, -27.0066766, 1.0]
                    ],
                    [
                        [-48.6601245, -27.0012709, 1.0],
                        [-48.6596892, -27.0009911, 1.0]
                    ],
                    [
                        [-48.6601245, -27.0012709, 1.0],
                        [-48.659432, -27.0020374, 1.0]
                    ],
                    [
                        [-48.6599029, -26.9996753, 1.0],
                        [-48.6592732, -27.0006802, 1.0]
                    ],
                    [
                        [-48.659432, -27.0020374, 1.0],
                        [-48.6598771, -27.0023326, 1.0]
                    ],
                    [
                        [-48.6597177, -27.0066766, 1.0],
                        [-48.6596148, -27.0066005, 1.0],
                        [-48.6594023, -27.0064433, 1.0],
                        [-48.6592806, -27.0063533, 1.0]
                    ],
                    [
                        [-48.6596892, -27.0009911, 1.0],
                        [-48.6592732, -27.0006802, 1.0]
                    ],
                    [
                        [-48.6590197, -27.0017573, 1.0],
                        [-48.6596892, -27.0009911, 1.0]
                    ],
                    [
                        [-48.6588389, -27.0003886, 1.0],
                        [-48.6588879, -27.0003049, 1.0],
                        [-48.6591206, -26.9999683, 1.0],
                        [-48.6593679, -26.9995981, 1.0],
                        [-48.659397, -26.9995445, 1.0],
                        [-48.6594485, -26.9994747, 1.0]
                    ],
                    [
                        [-48.6590197, -27.0017573, 1.0],
                        [-48.659432, -27.0020374, 1.0]
                    ],
                    [
                        [-48.6592806, -27.0063533, 1.0],
                        [-48.6592033, -27.0063017, 1.0],
                        [-48.6573952, -27.0050943, 1.0],
                        [-48.6572538, -27.0049999, 1.0],
                        [-48.6571435, -27.0049263, 1.0],
                        [-48.6561388, -27.0042555, 1.0],
                        [-48.6560323, -27.0041844, 1.0],
                        [-48.6558966, -27.0040938, 1.0],
                        [-48.6552247, -27.0036452, 1.0],
                        [-48.6551492, -27.0035948, 1.0],
                        [-48.6550315, -27.0035162, 1.0],
                        [-48.6549649, -27.0034717, 1.0],
                        [-48.6548826, -27.0034168, 1.0],
                        [-48.6548387, -27.0033875, 1.0],
                        [-48.6533118, -27.0023674, 1.0],
                        [-48.6532049, -27.002296, 1.0],
                        [-48.6531083, -27.0022315, 1.0],
                        [-48.6525192, -27.0018384, 1.0],
                        [-48.6513852, -27.0010817, 1.0],
                        [-48.6511628, -27.000936, 1.0]
                    ],
                    [
                        [-48.6592732, -27.0006802, 1.0],
                        [-48.6588389, -27.0003886, 1.0]
                    ],
                    [
                        [-48.6592732, -27.0006802, 1.0],
                        [-48.6585772, -27.0014294, 1.0]
                    ],
                    [
                        [-48.6585772, -27.0014294, 1.0],
                        [-48.6590197, -27.0017573, 1.0]
                    ],
                    [
                        [-48.6589756, -26.9992355, 1.0],
                        [-48.6584053, -27.0001005, 1.0]
                    ],
                    [
                        [-48.6588974, -27.0067782, 1.0],
                        [-48.6586061, -27.0065842, 1.0],
                        [-48.6574017, -27.0057832, 1.0],
                        [-48.6568923, -27.0054444, 1.0]
                    ],
                    [
                        [-48.6588389, -27.0003886, 1.0],
                        [-48.6584053, -27.0001005, 1.0]
                    ],
                    [
                        [-48.658168, -27.0011484, 1.0],
                        [-48.6588389, -27.0003886, 1.0]
                    ],
                    [
                        [-48.658168, -27.0011484, 1.0],
                        [-48.6585772, -27.0014294, 1.0]
                    ],
                    [
                        [-48.6585288, -26.999, 1.0],
                        [-48.658001, -26.9998148, 1.0]
                    ],
                    [
                        [-48.6584053, -27.0001005, 1.0],
                        [-48.6581009, -26.9998825, 1.0],
                        [-48.658001, -26.9998148, 1.0]
                    ],
                    [
                        [-48.6584053, -27.0001005, 1.0],
                        [-48.6577418, -27.0008557, 1.0]
                    ],
                    [
                        [-48.6583214, -27.0069402, 1.0],
                        [-48.658101, -27.0069531, 1.0]
                    ],
                    [
                        [-48.6577418, -27.0008557, 1.0],
                        [-48.658168, -27.0011484, 1.0]
                    ],
                    [
                        [-48.6581222, -26.998775, 1.0],
                        [-48.6575584, -26.9995174, 1.0]
                    ],
                    [
                        [-48.658101, -27.0069531, 1.0],
                        [-48.6575362, -27.0065637, 1.0],
                        [-48.6571828, -27.0070017, 1.0],
                        [-48.658101, -27.0069531, 1.0]
                    ],
                    [
                        [-48.658001, -26.9998148, 1.0],
                        [-48.6575584, -26.9995174, 1.0]
                    ],
                    [
                        [-48.658001, -26.9998148, 1.0],
                        [-48.6573605, -27.0005867, 1.0]
                    ],
                    [
                        [-48.6573605, -27.0005867, 1.0],
                        [-48.6577418, -27.0008557, 1.0]
                    ],
                    [
                        [-48.6576656, -26.9984593, 1.0],
                        [-48.6571355, -26.9992328, 1.0]
                    ],
                    [
                        [-48.6575584, -26.9995174, 1.0],
                        [-48.6571355, -26.9992328, 1.0]
                    ],
                    [
                        [-48.6575584, -26.9995174, 1.0],
                        [-48.656942, -27.0002901, 1.0]
                    ],
                    [
                        [-48.656942, -27.0002901, 1.0],
                        [-48.6573605, -27.0005867, 1.0]
                    ],
                    [
                        [-48.6572351, -26.9982028, 1.0],
                        [-48.6567225, -26.9989548, 1.0]
                    ],
                    [
                        [-48.6571355, -26.9992328, 1.0],
                        [-48.6567225, -26.9989548, 1.0]
                    ],
                    [
                        [-48.6571355, -26.9992328, 1.0],
                        [-48.6565326, -27.0000035, 1.0]
                    ],
                    [
                        [-48.6565326, -27.0000035, 1.0],
                        [-48.656942, -27.0002901, 1.0]
                    ],
                    [
                        [-48.6567761, -26.9979552, 1.0],
                        [-48.6562933, -26.9986683, 1.0]
                    ],
                    [
                        [-48.6567225, -26.9989548, 1.0],
                        [-48.6562933, -26.9986683, 1.0]
                    ],
                    [
                        [-48.6567225, -26.9989548, 1.0],
                        [-48.656114, -26.9997131, 1.0]
                    ],
                    [
                        [-48.6555666, -26.9981793, 1.0],
                        [-48.655803, -26.9980815, 1.0],
                        [-48.6559933, -26.9980028, 1.0],
                        [-48.6565379, -26.9977769, 1.0]
                    ],
                    [
                        [-48.656114, -26.9997131, 1.0],
                        [-48.6565326, -27.0000035, 1.0]
                    ],
                    [
                        [-48.6562933, -26.9986683, 1.0],
                        [-48.6555666, -26.9981793, 1.0]
                    ],
                    [
                        [-48.65454, -26.9986465, 1.0],
                        [-48.656114, -26.9997131, 1.0]
                    ],
                    [
                        [-48.6555666, -26.9981793, 1.0],
                        [-48.6552926, -26.9982923, 1.0],
                        [-48.65454, -26.9986465, 1.0]
                    ],
                    [
                        [-48.65454, -26.9986465, 1.0],
                        [-48.654095, -26.998824, 1.0],
                        [-48.6535317, -26.9990356, 1.0],
                        [-48.6533821, -26.9990869, 1.0],
                        [-48.6526824, -26.9993014, 1.0]
                    ]
                ]
            }
        },
        {
            "type": "Feature",
            "properties": {
                "SETOR": "N05",
                "FREQUENCIA": "TER - QUI - SAB",
                "TURNO": "NOITE",
                "HORARIO": "22:35 ÀS 06:07",
                "OPERACAO": "DOMICILIAR",
                "FILIAL": "CAMBORIÚ"
            },
            "geometry": {
                "type": "MultiLineString",
                "coordinates": [
                    [
                        [-48.6693773, -27.0312276, 1.0],
                        [-48.6689986, -27.0314959, 1.0]
                    ],
                    [
                        [-48.6689631, -27.0314264, 1.0],
                        [-48.6692755, -27.0311941, 1.0],
                        [-48.6693616, -27.03113, 1.0]
                    ],
                    [
                        [-48.6689986, -27.0314959, 1.0],
                        [-48.6689807, -27.0314608, 1.0],
                        [-48.6689631, -27.0314264, 1.0]
                    ],
                    [
                        [-48.6689986, -27.0314959, 1.0],
                        [-48.6685334, -27.0318315, 1.0]
                    ],
                    [
                        [-48.6689631, -27.0314264, 1.0],
                        [-48.6686848, -27.02969, 1.0],
                        [-48.6685148, -27.0285904, 1.0]
                    ],
                    [
                        [-48.6684886, -27.0317775, 1.0],
                        [-48.6689631, -27.0314264, 1.0]
                    ],
                    [
                        [-48.6684886, -27.0317775, 1.0],
                        [-48.6685101, -27.0318034, 1.0],
                        [-48.6685334, -27.0318315, 1.0]
                    ],
                    [
                        [-48.6685334, -27.0318315, 1.0],
                        [-48.6684699, -27.0318752, 1.0]
                    ],
                    [
                        [-48.6685148, -27.0285904, 1.0],
                        [-48.6684893, -27.0284352, 1.0],
                        [-48.6684675, -27.0283559, 1.0],
                        [-48.668422, -27.0282779, 1.0],
                        [-48.6683706, -27.0282223, 1.0],
                        [-48.6683112, -27.0281837, 1.0],
                        [-48.6679338, -27.0280036, 1.0]
                    ],
                    [
                        [-48.6679668, -27.0292443, 1.0],
                        [-48.6685148, -27.0285904, 1.0]
                    ],
                    [
                        [-48.6685148, -27.0285904, 1.0],
                        [-48.6665925, -27.0288352, 1.0]
                    ],
                    [
                        [-48.6682994, -27.0315757, 1.0],
                        [-48.6684886, -27.0317775, 1.0]
                    ],
                    [
                        [-48.6684263, -27.0318253, 1.0],
                        [-48.6684886, -27.0317775, 1.0]
                    ],
                    [
                        [-48.6684699, -27.0318752, 1.0],
                        [-48.668447, -27.031849, 1.0],
                        [-48.6684263, -27.0318253, 1.0]
                    ],
                    [
                        [-48.6684699, -27.0318752, 1.0],
                        [-48.6680246, -27.0321999, 1.0]
                    ],
                    [
                        [-48.6684672, -27.0255441, 1.0],
                        [-48.6675615, -27.0256569, 1.0]
                    ],
                    [
                        [-48.6684263, -27.0318253, 1.0],
                        [-48.6682473, -27.0316245, 1.0]
                    ],
                    [
                        [-48.6679764, -27.0321531, 1.0],
                        [-48.6684263, -27.0318253, 1.0]
                    ],
                    [
                        [-48.6675346, -27.0309331, 1.0],
                        [-48.6682513, -27.0315353, 1.0],
                        [-48.6682994, -27.0315757, 1.0]
                    ],
                    [
                        [-48.6682994, -27.0315757, 1.0],
                        [-48.6681563, -27.0305554, 1.0]
                    ],
                    [
                        [-48.6682473, -27.0316245, 1.0],
                        [-48.6682994, -27.0315757, 1.0]
                    ],
                    [
                        [-48.6682473, -27.0316245, 1.0],
                        [-48.6675252, -27.0310215, 1.0]
                    ],
                    [
                        [-48.6681563, -27.0305554, 1.0],
                        [-48.6674401, -27.0300956, 1.0]
                    ],
                    [
                        [-48.6681563, -27.0305554, 1.0],
                        [-48.6679668, -27.0292443, 1.0]
                    ],
                    [
                        [-48.6680246, -27.0321999, 1.0],
                        [-48.6679994, -27.0321754, 1.0],
                        [-48.6679764, -27.0321531, 1.0]
                    ],
                    [
                        [-48.6680246, -27.0321999, 1.0],
                        [-48.6673765, -27.0326648, 1.0],
                        [-48.667326, -27.0326868, 1.0],
                        [-48.6672721, -27.0326912, 1.0]
                    ],
                    [
                        [-48.6669266, -27.0313393, 1.0],
                        [-48.6679764, -27.0321531, 1.0]
                    ],
                    [
                        [-48.6672645, -27.0326387, 1.0],
                        [-48.6673208, -27.0326106, 1.0],
                        [-48.6673276, -27.0326072, 1.0],
                        [-48.6679764, -27.0321531, 1.0]
                    ],
                    [
                        [-48.6673231, -27.0293264, 1.0],
                        [-48.6679668, -27.0292443, 1.0]
                    ],
                    [
                        [-48.6676937, -27.0265239, 1.0],
                        [-48.6677721, -27.026514, 1.0],
                        [-48.6679512, -27.0264915, 1.0]
                    ],
                    [
                        [-48.6679338, -27.0280036, 1.0],
                        [-48.6676937, -27.0265239, 1.0]
                    ],
                    [
                        [-48.6679338, -27.0280036, 1.0],
                        [-48.6672035, -27.0280957, 1.0]
                    ],
                    [
                        [-48.6676937, -27.0265239, 1.0],
                        [-48.6675615, -27.0256569, 1.0]
                    ],
                    [
                        [-48.6669743, -27.0266144, 1.0],
                        [-48.6670788, -27.0266013, 1.0],
                        [-48.6676197, -27.0265332, 1.0],
                        [-48.6676937, -27.0265239, 1.0]
                    ],
                    [
                        [-48.6672629, -27.032718, 1.0],
                        [-48.6673963, -27.0329066, 1.0],
                        [-48.6676205, -27.0332656, 1.0]
                    ],
                    [
                        [-48.6675829, -27.0237041, 1.0],
                        [-48.6672598, -27.0237444, 1.0]
                    ],
                    [
                        [-48.6675615, -27.0256569, 1.0],
                        [-48.6672598, -27.0237444, 1.0]
                    ],
                    [
                        [-48.6675615, -27.0256569, 1.0],
                        [-48.6668401, -27.0257467, 1.0]
                    ],
                    [
                        [-48.6667983, -27.0303549, 1.0],
                        [-48.6675346, -27.0309331, 1.0]
                    ],
                    [
                        [-48.6674401, -27.0300956, 1.0],
                        [-48.6675346, -27.0309331, 1.0]
                    ],
                    [
                        [-48.6675346, -27.0309331, 1.0],
                        [-48.6675297, -27.0309792, 1.0],
                        [-48.6675252, -27.0310215, 1.0]
                    ],
                    [
                        [-48.6675252, -27.0310215, 1.0],
                        [-48.6668037, -27.0304529, 1.0]
                    ],
                    [
                        [-48.6673051, -27.0338282, 1.0],
                        [-48.667488, -27.0350226, 1.0]
                    ],
                    [
                        [-48.6673231, -27.0293264, 1.0],
                        [-48.6674401, -27.0300956, 1.0]
                    ],
                    [
                        [-48.6665925, -27.0288352, 1.0],
                        [-48.6673231, -27.0293264, 1.0]
                    ],
                    [
                        [-48.6672469, -27.0334002, 1.0],
                        [-48.6673051, -27.0338282, 1.0]
                    ],
                    [
                        [-48.6666851, -27.0338981, 1.0],
                        [-48.6673051, -27.0338282, 1.0]
                    ],
                    [
                        [-48.6672645, -27.0326387, 1.0],
                        [-48.6672742, -27.0326654, 1.0],
                        [-48.6672721, -27.0326912, 1.0]
                    ],
                    [
                        [-48.6672721, -27.0326912, 1.0],
                        [-48.6672629, -27.032718, 1.0]
                    ],
                    [
                        [-48.667157, -27.0325976, 1.0],
                        [-48.6671883, -27.0325946, 1.0],
                        [-48.667219, -27.0326012, 1.0],
                        [-48.6672454, -27.0326164, 1.0],
                        [-48.6672645, -27.0326387, 1.0]
                    ],
                    [
                        [-48.6672629, -27.032718, 1.0],
                        [-48.6672472, -27.0327361, 1.0],
                        [-48.6672265, -27.0327497, 1.0],
                        [-48.6672024, -27.0327577, 1.0],
                        [-48.6671768, -27.0327595, 1.0]
                    ],
                    [
                        [-48.6672598, -27.0237444, 1.0],
                        [-48.6672206, -27.0234777, 1.0]
                    ],
                    [
                        [-48.6672598, -27.0237444, 1.0],
                        [-48.666544, -27.0238332, 1.0]
                    ],
                    [
                        [-48.667146, -27.032753, 1.0],
                        [-48.6671935, -27.0330423, 1.0],
                        [-48.6672469, -27.0334002, 1.0]
                    ],
                    [
                        [-48.6672469, -27.0334002, 1.0],
                        [-48.6672608, -27.0333621, 1.0],
                        [-48.6672971, -27.0332964, 1.0],
                        [-48.6673181, -27.0332689, 1.0],
                        [-48.667346, -27.0332519, 1.0],
                        [-48.6673763, -27.0332437, 1.0],
                        [-48.6674202, -27.0332455, 1.0],
                        [-48.6675097, -27.0332734, 1.0],
                        [-48.6673093, -27.0329485, 1.0],
                        [-48.6671768, -27.0327595, 1.0]
                    ],
                    [
                        [-48.6672035, -27.0280957, 1.0],
                        [-48.6669901, -27.0267166, 1.0],
                        [-48.6669743, -27.0266144, 1.0]
                    ],
                    [
                        [-48.6672035, -27.0280957, 1.0],
                        [-48.6664906, -27.028188, 1.0]
                    ],
                    [
                        [-48.6671768, -27.0327595, 1.0],
                        [-48.667146, -27.032753, 1.0]
                    ],
                    [
                        [-48.6669266, -27.0313393, 1.0],
                        [-48.667092, -27.0324268, 1.0],
                        [-48.6671161, -27.0324924, 1.0],
                        [-48.667157, -27.0325976, 1.0]
                    ],
                    [
                        [-48.6671254, -27.0326119, 1.0],
                        [-48.6671404, -27.0326034, 1.0],
                        [-48.667157, -27.0325976, 1.0]
                    ],
                    [
                        [-48.667146, -27.032753, 1.0],
                        [-48.6671195, -27.0327377, 1.0],
                        [-48.6671002, -27.0327154, 1.0],
                        [-48.6670906, -27.0326886, 1.0]
                    ],
                    [
                        [-48.6664736, -27.0325565, 1.0],
                        [-48.6665395, -27.0325553, 1.0],
                        [-48.6667198, -27.0325671, 1.0],
                        [-48.6668667, -27.032578, 1.0],
                        [-48.6671254, -27.0326119, 1.0]
                    ],
                    [
                        [-48.6670906, -27.0326886, 1.0],
                        [-48.6670917, -27.0326599, 1.0],
                        [-48.6671038, -27.0326332, 1.0],
                        [-48.6671254, -27.0326119, 1.0]
                    ],
                    [
                        [-48.6670906, -27.0326886, 1.0],
                        [-48.6668671, -27.0326562, 1.0],
                        [-48.6667146, -27.0326453, 1.0],
                        [-48.6665516, -27.0326366, 1.0],
                        [-48.6664868, -27.0326412, 1.0]
                    ],
                    [
                        [-48.6669743, -27.0266144, 1.0],
                        [-48.6669645, -27.0265512, 1.0],
                        [-48.6668401, -27.0257467, 1.0]
                    ],
                    [
                        [-48.666257, -27.0267047, 1.0],
                        [-48.6663592, -27.0266918, 1.0],
                        [-48.6668737, -27.0266271, 1.0],
                        [-48.6669743, -27.0266144, 1.0]
                    ],
                    [
                        [-48.6668037, -27.0304529, 1.0],
                        [-48.6668322, -27.03066, 1.0],
                        [-48.666836, -27.0307265, 1.0],
                        [-48.6668416, -27.0308039, 1.0],
                        [-48.6669266, -27.0313393, 1.0]
                    ],
                    [
                        [-48.6662885, -27.0314052, 1.0],
                        [-48.6669266, -27.0313393, 1.0]
                    ],
                    [
                        [-48.6666851, -27.0338981, 1.0],
                        [-48.6668692, -27.0350289, 1.0]
                    ],
                    [
                        [-48.6668401, -27.0257467, 1.0],
                        [-48.666544, -27.0238332, 1.0]
                    ],
                    [
                        [-48.6668401, -27.0257467, 1.0],
                        [-48.6665791, -27.0257792, 1.0],
                        [-48.6661203, -27.0258363, 1.0]
                    ],
                    [
                        [-48.6668359, -27.0264401, 1.0],
                        [-48.6664434, -27.0264898, 1.0]
                    ],
                    [
                        [-48.6668037, -27.0304529, 1.0],
                        [-48.6666776, -27.0303465, 1.0],
                        [-48.6665972, -27.0302856, 1.0],
                        [-48.6664805, -27.0302008, 1.0],
                        [-48.6663772, -27.0301255, 1.0],
                        [-48.6662418, -27.0300574, 1.0],
                        [-48.6660527, -27.0299922, 1.0]
                    ],
                    [
                        [-48.6667983, -27.0303549, 1.0],
                        [-48.6668009, -27.0304013, 1.0],
                        [-48.6668013, -27.0304085, 1.0],
                        [-48.6668037, -27.0304529, 1.0]
                    ],
                    [
                        [-48.6660299, -27.0298962, 1.0],
                        [-48.6662351, -27.0299535, 1.0],
                        [-48.6664067, -27.0300479, 1.0],
                        [-48.6665395, -27.0301423, 1.0],
                        [-48.6666387, -27.030208, 1.0],
                        [-48.6667098, -27.0302713, 1.0],
                        [-48.6667983, -27.0303549, 1.0]
                    ],
                    [
                        [-48.6665925, -27.0288352, 1.0],
                        [-48.6667983, -27.0303549, 1.0]
                    ],
                    [
                        [-48.6667702, -27.0350281, 1.0],
                        [-48.6665914, -27.0339087, 1.0]
                    ],
                    [
                        [-48.6664868, -27.0326412, 1.0],
                        [-48.6666851, -27.0338981, 1.0]
                    ],
                    [
                        [-48.6665914, -27.0339087, 1.0],
                        [-48.6666457, -27.0339026, 1.0],
                        [-48.6666851, -27.0338981, 1.0]
                    ],
                    [
                        [-48.6664906, -27.028188, 1.0],
                        [-48.6665925, -27.0288352, 1.0]
                    ],
                    [
                        [-48.6665914, -27.0339087, 1.0],
                        [-48.6664005, -27.0326474, 1.0]
                    ],
                    [
                        [-48.6659733, -27.0339774, 1.0],
                        [-48.6665914, -27.0339087, 1.0]
                    ],
                    [
                        [-48.666544, -27.0238332, 1.0],
                        [-48.6665035, -27.0235714, 1.0]
                    ],
                    [
                        [-48.666544, -27.0238332, 1.0],
                        [-48.6658192, -27.0239243, 1.0]
                    ],
                    [
                        [-48.666257, -27.0267047, 1.0],
                        [-48.6662777, -27.0268362, 1.0],
                        [-48.6664494, -27.0279267, 1.0],
                        [-48.6664906, -27.028188, 1.0]
                    ],
                    [
                        [-48.6664736, -27.0325565, 1.0],
                        [-48.6664807, -27.032602, 1.0],
                        [-48.6664868, -27.0326412, 1.0]
                    ],
                    [
                        [-48.6664868, -27.0326412, 1.0],
                        [-48.6664499, -27.0326438, 1.0],
                        [-48.6664005, -27.0326474, 1.0]
                    ],
                    [
                        [-48.6662885, -27.0314052, 1.0],
                        [-48.6664736, -27.0325565, 1.0]
                    ],
                    [
                        [-48.6663862, -27.0325632, 1.0],
                        [-48.6664365, -27.0325594, 1.0],
                        [-48.6664736, -27.0325565, 1.0]
                    ],
                    [
                        [-48.6663646, -27.0264998, 1.0],
                        [-48.6662686, -27.0259861, 1.0],
                        [-48.6662753, -27.0259401, 1.0],
                        [-48.6663095, -27.0259198, 1.0],
                        [-48.6663578, -27.0259294, 1.0],
                        [-48.6663792, -27.0259754, 1.0],
                        [-48.6664434, -27.0264898, 1.0]
                    ],
                    [
                        [-48.6664434, -27.0264898, 1.0],
                        [-48.6663646, -27.0264998, 1.0]
                    ],
                    [
                        [-48.6664005, -27.0326474, 1.0],
                        [-48.6663936, -27.032609, 1.0],
                        [-48.6663862, -27.0325632, 1.0]
                    ],
                    [
                        [-48.6664005, -27.0326474, 1.0],
                        [-48.6663108, -27.0326554, 1.0],
                        [-48.6657705, -27.0327247, 1.0]
                    ],
                    [
                        [-48.6663862, -27.0325632, 1.0],
                        [-48.6662017, -27.0314142, 1.0]
                    ],
                    [
                        [-48.6657551, -27.0326346, 1.0],
                        [-48.6662955, -27.0325702, 1.0],
                        [-48.6663862, -27.0325632, 1.0]
                    ],
                    [
                        [-48.6663646, -27.0264998, 1.0],
                        [-48.6662275, -27.0265172, 1.0]
                    ],
                    [
                        [-48.6660527, -27.0299922, 1.0],
                        [-48.6662885, -27.0314052, 1.0]
                    ],
                    [
                        [-48.6662017, -27.0314142, 1.0],
                        [-48.6662533, -27.0314089, 1.0],
                        [-48.6662885, -27.0314052, 1.0]
                    ],
                    [
                        [-48.6662275, -27.0265172, 1.0],
                        [-48.6662442, -27.0266236, 1.0],
                        [-48.666257, -27.0267047, 1.0]
                    ],
                    [
                        [-48.6655935, -27.0267881, 1.0],
                        [-48.6656814, -27.0267771, 1.0],
                        [-48.6661419, -27.0267192, 1.0],
                        [-48.666257, -27.0267047, 1.0]
                    ],
                    [
                        [-48.6661203, -27.0258363, 1.0],
                        [-48.6662275, -27.0265172, 1.0]
                    ],
                    [
                        [-48.6662017, -27.0314142, 1.0],
                        [-48.6659747, -27.0299791, 1.0]
                    ],
                    [
                        [-48.665576, -27.0314853, 1.0],
                        [-48.6662017, -27.0314142, 1.0]
                    ],
                    [
                        [-48.6661305, -27.0350448, 1.0],
                        [-48.6659733, -27.0339774, 1.0]
                    ],
                    [
                        [-48.6658192, -27.0239243, 1.0],
                        [-48.6661203, -27.0258363, 1.0]
                    ],
                    [
                        [-48.6661203, -27.0258363, 1.0],
                        [-48.6654595, -27.0259185, 1.0]
                    ],
                    [
                        [-48.6660527, -27.0299922, 1.0],
                        [-48.6660131, -27.0299856, 1.0],
                        [-48.6659747, -27.0299791, 1.0]
                    ],
                    [
                        [-48.6660299, -27.0298962, 1.0],
                        [-48.6660415, -27.0299452, 1.0],
                        [-48.6660527, -27.0299922, 1.0]
                    ],
                    [
                        [-48.6659534, -27.0298866, 1.0],
                        [-48.665998, -27.0298922, 1.0],
                        [-48.6660299, -27.0298962, 1.0]
                    ],
                    [
                        [-48.6658099, -27.0287309, 1.0],
                        [-48.6658629, -27.0288146, 1.0],
                        [-48.6660299, -27.0298962, 1.0]
                    ],
                    [
                        [-48.6659747, -27.0299791, 1.0],
                        [-48.665965, -27.0299371, 1.0],
                        [-48.6659534, -27.0298866, 1.0]
                    ],
                    [
                        [-48.6659747, -27.0299791, 1.0],
                        [-48.6653504, -27.030057, 1.0]
                    ],
                    [
                        [-48.6659733, -27.0339774, 1.0],
                        [-48.6657705, -27.0327247, 1.0]
                    ],
                    [
                        [-48.6653146, -27.0340441, 1.0],
                        [-48.6659733, -27.0339774, 1.0]
                    ],
                    [
                        [-48.6659534, -27.0298866, 1.0],
                        [-48.6657899, -27.0288213, 1.0],
                        [-48.6658099, -27.0287309, 1.0]
                    ],
                    [
                        [-48.6653352, -27.0299607, 1.0],
                        [-48.6659534, -27.0298866, 1.0]
                    ],
                    [
                        [-48.6657781, -27.0236636, 1.0],
                        [-48.6658192, -27.0239243, 1.0]
                    ],
                    [
                        [-48.6658192, -27.0239243, 1.0],
                        [-48.6651667, -27.0240031, 1.0]
                    ],
                    [
                        [-48.6658099, -27.0287309, 1.0],
                        [-48.6658191, -27.0286111, 1.0],
                        [-48.665828, -27.028532, 1.0],
                        [-48.6658414, -27.0284075, 1.0],
                        [-48.6658413, -27.0283601, 1.0],
                        [-48.6656117, -27.0269033, 1.0],
                        [-48.6655935, -27.0267881, 1.0]
                    ],
                    [
                        [-48.6658099, -27.0287309, 1.0],
                        [-48.6656798, -27.0287423, 1.0],
                        [-48.6652513, -27.0287823, 1.0],
                        [-48.6651518, -27.0287916, 1.0]
                    ],
                    [
                        [-48.6657705, -27.0327247, 1.0],
                        [-48.6657641, -27.0326874, 1.0],
                        [-48.6657551, -27.0326346, 1.0]
                    ],
                    [
                        [-48.6657705, -27.0327247, 1.0],
                        [-48.6656081, -27.0327456, 1.0],
                        [-48.6651189, -27.0328085, 1.0]
                    ],
                    [
                        [-48.6657551, -27.0326346, 1.0],
                        [-48.665576, -27.0314853, 1.0]
                    ],
                    [
                        [-48.6651062, -27.0327186, 1.0],
                        [-48.6655921, -27.0326557, 1.0],
                        [-48.6657551, -27.0326346, 1.0]
                    ],
                    [
                        [-48.6655935, -27.0267881, 1.0],
                        [-48.6655831, -27.0267208, 1.0],
                        [-48.6654595, -27.0259185, 1.0]
                    ],
                    [
                        [-48.6648508, -27.0268816, 1.0],
                        [-48.6654793, -27.0268025, 1.0],
                        [-48.6655935, -27.0267881, 1.0]
                    ],
                    [
                        [-48.665576, -27.0314853, 1.0],
                        [-48.6654974, -27.0309715, 1.0]
                    ],
                    [
                        [-48.6649353, -27.0315629, 1.0],
                        [-48.665576, -27.0314853, 1.0]
                    ],
                    [
                        [-48.6654974, -27.0309715, 1.0],
                        [-48.6653504, -27.030057, 1.0]
                    ],
                    [
                        [-48.6654974, -27.0309715, 1.0],
                        [-48.6652052, -27.031011, 1.0]
                    ],
                    [
                        [-48.6653146, -27.0340441, 1.0],
                        [-48.6654747, -27.0350819, 1.0]
                    ],
                    [
                        [-48.6654595, -27.0259185, 1.0],
                        [-48.6653358, -27.0251139, 1.0]
                    ],
                    [
                        [-48.6654595, -27.0259185, 1.0],
                        [-48.6641657, -27.0260835, 1.0]
                    ],
                    [
                        [-48.6653504, -27.030057, 1.0],
                        [-48.665343, -27.0300101, 1.0],
                        [-48.6653352, -27.0299607, 1.0]
                    ],
                    [
                        [-48.6653504, -27.030057, 1.0],
                        [-48.6646944, -27.0301384, 1.0]
                    ],
                    [
                        [-48.6653358, -27.0251139, 1.0],
                        [-48.6651667, -27.0240031, 1.0]
                    ],
                    [
                        [-48.6646959, -27.0251993, 1.0],
                        [-48.6653358, -27.0251139, 1.0]
                    ],
                    [
                        [-48.6653352, -27.0299607, 1.0],
                        [-48.6651518, -27.0287916, 1.0]
                    ],
                    [
                        [-48.664678, -27.0300371, 1.0],
                        [-48.6653352, -27.0299607, 1.0]
                    ],
                    [
                        [-48.6651189, -27.0328085, 1.0],
                        [-48.6653146, -27.0340441, 1.0]
                    ],
                    [
                        [-48.6646618, -27.0341196, 1.0],
                        [-48.6648455, -27.0340957, 1.0],
                        [-48.6653146, -27.0340441, 1.0]
                    ],
                    [
                        [-48.6651249, -27.0305414, 1.0],
                        [-48.6652052, -27.031011, 1.0]
                    ],
                    [
                        [-48.6652052, -27.031011, 1.0],
                        [-48.6648395, -27.0310604, 1.0]
                    ],
                    [
                        [-48.6651667, -27.0240031, 1.0],
                        [-48.6651305, -27.02377, 1.0]
                    ],
                    [
                        [-48.6651518, -27.0287916, 1.0],
                        [-48.6648508, -27.0268816, 1.0]
                    ],
                    [
                        [-48.6651518, -27.0287916, 1.0],
                        [-48.6650455, -27.0288029, 1.0],
                        [-48.664584, -27.0288519, 1.0],
                        [-48.6644929, -27.0288616, 1.0]
                    ],
                    [
                        [-48.6651189, -27.0328085, 1.0],
                        [-48.6649613, -27.032828, 1.0],
                        [-48.6644702, -27.0328887, 1.0]
                    ],
                    [
                        [-48.6649353, -27.0315629, 1.0],
                        [-48.6651062, -27.0327186, 1.0]
                    ],
                    [
                        [-48.6644572, -27.032801, 1.0],
                        [-48.6649488, -27.0327386, 1.0],
                        [-48.6651062, -27.0327186, 1.0]
                    ],
                    [
                        [-48.6648395, -27.0310604, 1.0],
                        [-48.6649353, -27.0315629, 1.0]
                    ],
                    [
                        [-48.6642749, -27.0316571, 1.0],
                        [-48.6649353, -27.0315629, 1.0]
                    ],
                    [
                        [-48.6641949, -27.0269641, 1.0],
                        [-48.6648508, -27.0268816, 1.0]
                    ],
                    [
                        [-48.6646944, -27.0301384, 1.0],
                        [-48.6648395, -27.0310604, 1.0]
                    ],
                    [
                        [-48.6646618, -27.0341196, 1.0],
                        [-48.6648269, -27.0351249, 1.0]
                    ],
                    [
                        [-48.6643823, -27.0233087, 1.0],
                        [-48.6646959, -27.0251993, 1.0]
                    ],
                    [
                        [-48.6640653, -27.0252835, 1.0],
                        [-48.6646959, -27.0251993, 1.0]
                    ],
                    [
                        [-48.664678, -27.0300371, 1.0],
                        [-48.664686, -27.0300867, 1.0],
                        [-48.6646944, -27.0301384, 1.0]
                    ],
                    [
                        [-48.6646944, -27.0301384, 1.0],
                        [-48.6640497, -27.0302056, 1.0]
                    ],
                    [
                        [-48.6644929, -27.0288616, 1.0],
                        [-48.664678, -27.0300371, 1.0]
                    ],
                    [
                        [-48.6640343, -27.0301124, 1.0],
                        [-48.664678, -27.0300371, 1.0]
                    ],
                    [
                        [-48.6643823, -27.0233087, 1.0],
                        [-48.6646725, -27.0232712, 1.0]
                    ],
                    [
                        [-48.6644702, -27.0328887, 1.0],
                        [-48.6646618, -27.0341196, 1.0]
                    ],
                    [
                        [-48.6642831, -27.0226873, 1.0],
                        [-48.6645588, -27.0226512, 1.0]
                    ],
                    [
                        [-48.6641949, -27.0269641, 1.0],
                        [-48.6644929, -27.0288616, 1.0]
                    ],
                    [
                        [-48.6644929, -27.0288616, 1.0],
                        [-48.6643904, -27.0288725, 1.0],
                        [-48.6639487, -27.0289194, 1.0],
                        [-48.6638466, -27.0289303, 1.0]
                    ],
                    [
                        [-48.6644572, -27.032801, 1.0],
                        [-48.6644637, -27.0328446, 1.0],
                        [-48.6644702, -27.0328887, 1.0]
                    ],
                    [
                        [-48.6644702, -27.0328887, 1.0],
                        [-48.6639418, -27.0329444, 1.0],
                        [-48.6638055, -27.032955, 1.0]
                    ],
                    [
                        [-48.6642749, -27.0316571, 1.0],
                        [-48.6644572, -27.032801, 1.0]
                    ],
                    [
                        [-48.6637949, -27.0328844, 1.0],
                        [-48.66383, -27.0328801, 1.0],
                        [-48.6639316, -27.0328677, 1.0],
                        [-48.6644572, -27.032801, 1.0]
                    ],
                    [
                        [-48.6642831, -27.0226873, 1.0],
                        [-48.6643823, -27.0233087, 1.0]
                    ],
                    [
                        [-48.663768, -27.023388, 1.0],
                        [-48.6643823, -27.0233087, 1.0]
                    ],
                    [
                        [-48.6624246, -27.0229308, 1.0],
                        [-48.6641367, -27.0227065, 1.0],
                        [-48.6642831, -27.0226873, 1.0]
                    ],
                    [
                        [-48.6640497, -27.0302056, 1.0],
                        [-48.6642749, -27.0316571, 1.0]
                    ],
                    [
                        [-48.6636176, -27.0317404, 1.0],
                        [-48.6642749, -27.0316571, 1.0]
                    ],
                    [
                        [-48.6640688, -27.0262119, 1.0],
                        [-48.6641949, -27.0269641, 1.0]
                    ],
                    [
                        [-48.6641949, -27.0269641, 1.0],
                        [-48.6635391, -27.0270463, 1.0]
                    ],
                    [
                        [-48.6641657, -27.0260835, 1.0],
                        [-48.6641178, -27.0261369, 1.0],
                        [-48.664099, -27.0261593, 1.0],
                        [-48.6640866, -27.026177, 1.0],
                        [-48.6640688, -27.0262119, 1.0]
                    ],
                    [
                        [-48.6639377, -27.0261068, 1.0],
                        [-48.6641657, -27.0260835, 1.0]
                    ],
                    [
                        [-48.6639377, -27.0261068, 1.0],
                        [-48.663984, -27.0261331, 1.0],
                        [-48.6640387, -27.0261716, 1.0],
                        [-48.6640688, -27.0262119, 1.0]
                    ],
                    [
                        [-48.663768, -27.023388, 1.0],
                        [-48.6640653, -27.0252835, 1.0]
                    ],
                    [
                        [-48.6634543, -27.0253651, 1.0],
                        [-48.6640653, -27.0252835, 1.0]
                    ],
                    [
                        [-48.6640343, -27.0301124, 1.0],
                        [-48.6640424, -27.0301613, 1.0],
                        [-48.6640425, -27.030162, 1.0],
                        [-48.6640497, -27.0302056, 1.0]
                    ],
                    [
                        [-48.6640497, -27.0302056, 1.0],
                        [-48.6633832, -27.0302898, 1.0]
                    ],
                    [
                        [-48.6638466, -27.0289303, 1.0],
                        [-48.6640343, -27.0301124, 1.0]
                    ],
                    [
                        [-48.6633691, -27.0302068, 1.0],
                        [-48.6634456, -27.0301959, 1.0],
                        [-48.6640343, -27.0301124, 1.0]
                    ],
                    [
                        [-48.6635746, -27.0261531, 1.0],
                        [-48.6639377, -27.0261068, 1.0]
                    ],
                    [
                        [-48.6635391, -27.0270463, 1.0],
                        [-48.6638466, -27.0289303, 1.0]
                    ],
                    [
                        [-48.6638466, -27.0289303, 1.0],
                        [-48.6637274, -27.0289429, 1.0],
                        [-48.6631843, -27.0290006, 1.0]
                    ],
                    [
                        [-48.6631576, -27.0234668, 1.0],
                        [-48.663768, -27.023388, 1.0]
                    ],
                    [
                        [-48.6635746, -27.0261531, 1.0],
                        [-48.6634543, -27.0253651, 1.0]
                    ],
                    [
                        [-48.6629513, -27.0262307, 1.0],
                        [-48.6631185, -27.0262099, 1.0],
                        [-48.6635746, -27.0261531, 1.0]
                    ],
                    [
                        [-48.6635391, -27.0270463, 1.0],
                        [-48.6634171, -27.0270589, 1.0],
                        [-48.6633498, -27.0270618, 1.0],
                        [-48.6632856, -27.0270541, 1.0],
                        [-48.6632257, -27.0270336, 1.0],
                        [-48.6628587, -27.0268494, 1.0]
                    ],
                    [
                        [-48.6634543, -27.0253651, 1.0],
                        [-48.6631576, -27.0234668, 1.0]
                    ],
                    [
                        [-48.6628287, -27.0254486, 1.0],
                        [-48.6634543, -27.0253651, 1.0]
                    ],
                    [
                        [-48.6625259, -27.0235483, 1.0],
                        [-48.6631576, -27.0234668, 1.0]
                    ],
                    [
                        [-48.6629513, -27.0262307, 1.0],
                        [-48.6628287, -27.0254486, 1.0]
                    ],
                    [
                        [-48.6629513, -27.0262307, 1.0],
                        [-48.6623196, -27.0263094, 1.0],
                        [-48.6622178, -27.0255302, 1.0]
                    ],
                    [
                        [-48.6628287, -27.0254486, 1.0],
                        [-48.6625259, -27.0235483, 1.0]
                    ],
                    [
                        [-48.6622178, -27.0255302, 1.0],
                        [-48.6628287, -27.0254486, 1.0]
                    ],
                    [
                        [-48.6625259, -27.0235483, 1.0],
                        [-48.6624246, -27.0229308, 1.0]
                    ],
                    [
                        [-48.6619779, -27.0236191, 1.0],
                        [-48.6625259, -27.0235483, 1.0]
                    ],
                    [
                        [-48.6619779, -27.0236191, 1.0],
                        [-48.6618952, -27.0230001, 1.0],
                        [-48.6621691, -27.0229642, 1.0],
                        [-48.6624246, -27.0229308, 1.0]
                    ],
                    [
                        [-48.6622178, -27.0255302, 1.0],
                        [-48.6620071, -27.0238632, 1.0],
                        [-48.6619779, -27.0236191, 1.0]
                    ]
                ]
            }
        }
    ]
}