{
    "type": "FeatureCollection",
    "name": "domiciliar",
    "crs": {
        "type": "name",
        "properties": {
            "name": "urn:ogc:def:crs:OGC:1.3:CRS84"
        }
    },
    "features": [{
            "type": "Feature",
            "properties": {
                "SETOR": "N01",
                "FREQUENCIA": "DIÁRIO",
                "TURNO": "NOITE",
                "HORARIO": "21:00 ÀS 05:00",
                "OPERACAO": "DOMICILIAR",
                "FILIAL": "Joaçaba"
            },
            "geometry": {
                "type": "MultiLineString",
                "coordinates": [
                    [
                        [-51.5158568, -27.1685521, 1.0],
                        [-51.5151052, -27.1686729, 1.0]
                    ],
                    [
                        [-51.5144916, -27.1681425, 1.0],
                        [-51.5146303, -27.1682397, 1.0],
                        [-51.5151052, -27.1686729, 1.0]
                    ],
                    [
                        [-51.5151052, -27.1686729, 1.0],
                        [-51.5154619, -27.1692923, 1.0],
                        [-51.5154691, -27.169334, 1.0],
                        [-51.5154681, -27.1693692, 1.0],
                        [-51.5154496, -27.1693971, 1.0],
                        [-51.5154218, -27.1694117, 1.0],
                        [-51.5153879, -27.1694131, 1.0],
                        [-51.5147394, -27.169301, 1.0],
                        [-51.5147061, -27.1692961, 1.0],
                        [-51.514672, -27.1693089, 1.0],
                        [-51.5146177, -27.1694373, 1.0],
                        [-51.5145879, -27.1694533, 1.0],
                        [-51.5145592, -27.1694496, 1.0],
                        [-51.5142707, -27.1693479, 1.0],
                        [-51.5134731, -27.1690891, 1.0],
                        [-51.5126877, -27.1688546, 1.0]
                    ],
                    [
                        [-51.5149073, -27.1652622, 1.0],
                        [-51.5142381, -27.1657121, 1.0]
                    ],
                    [
                        [-51.5148179, -27.1650681, 1.0],
                        [-51.5146351, -27.1650009, 1.0],
                        [-51.5145177, -27.1649617, 1.0],
                        [-51.5144251, -27.1649484, 1.0],
                        [-51.514108, -27.1649389, 1.0],
                        [-51.513003, -27.1649835, 1.0],
                        [-51.512855, -27.1649939, 1.0],
                        [-51.512728, -27.1650146, 1.0],
                        [-51.5126208, -27.1650479, 1.0]
                    ],
                    [
                        [-51.5146899, -27.1714195, 1.0],
                        [-51.5139912, -27.1710563, 1.0],
                        [-51.5136521, -27.17091, 1.0]
                    ],
                    [
                        [-51.5139374, -27.1680971, 1.0],
                        [-51.5143314, -27.168124, 1.0],
                        [-51.5144916, -27.1681425, 1.0]
                    ],
                    [
                        [-51.5144705, -27.1675072, 1.0],
                        [-51.5144916, -27.1681425, 1.0]
                    ],
                    [
                        [-51.5140288, -27.1658806, 1.0],
                        [-51.5142029, -27.166427, 1.0],
                        [-51.5144705, -27.1675072, 1.0]
                    ],
                    [
                        [-51.5144705, -27.1675072, 1.0],
                        [-51.5155135, -27.1673395, 1.0],
                        [-51.5154668, -27.1670484, 1.0],
                        [-51.5154237, -27.1667799, 1.0],
                        [-51.5153821, -27.1666821, 1.0],
                        [-51.51526, -27.166447, 1.0],
                        [-51.5151246, -27.1662203, 1.0],
                        [-51.5150213, -27.1661452, 1.0],
                        [-51.5149167, -27.1660652, 1.0],
                        [-51.5142381, -27.1657121, 1.0]
                    ],
                    [
                        [-51.5144705, -27.1675072, 1.0],
                        [-51.5137995, -27.1675879, 1.0]
                    ],
                    [
                        [-51.5138768, -27.1711623, 1.0],
                        [-51.514006, -27.1712382, 1.0],
                        [-51.514412, -27.1715134, 1.0],
                        [-51.5146995, -27.171633, 1.0],
                        [-51.5150005, -27.1717428, 1.0],
                        [-51.5152446, -27.1718406, 1.0],
                        [-51.5152902, -27.1718776, 1.0],
                        [-51.5153137, -27.1719348, 1.0],
                        [-51.5153217, -27.1720011, 1.0],
                        [-51.5153157, -27.1720542, 1.0],
                        [-51.5152781, -27.1721466, 1.0],
                        [-51.5152067, -27.1722037, 1.0],
                        [-51.5151059, -27.1722466, 1.0],
                        [-51.5149124, -27.1722402, 1.0],
                        [-51.5143186, -27.1720897, 1.0],
                        [-51.5140981, -27.1720593, 1.0],
                        [-51.5139286, -27.1720514, 1.0],
                        [-51.5137219, -27.1721296, 1.0],
                        [-51.5136277, -27.1722025, 1.0],
                        [-51.5135561, -27.1722896, 1.0],
                        [-51.513509, -27.1724002, 1.0],
                        [-51.5134977, -27.1725159, 1.0],
                        [-51.5135137, -27.1727522, 1.0],
                        [-51.5135196, -27.1728231, 1.0],
                        [-51.513525, -27.1730698, 1.0],
                        [-51.5135241, -27.1732726, 1.0],
                        [-51.5135212, -27.1733572, 1.0],
                        [-51.5135297, -27.1736017, 1.0],
                        [-51.5135426, -27.1738946, 1.0],
                        [-51.5135862, -27.1742606, 1.0],
                        [-51.5136493, -27.1744399, 1.0],
                        [-51.5137652, -27.1746041, 1.0],
                        [-51.5138622, -27.1747206, 1.0],
                        [-51.5139699, -27.1748478, 1.0],
                        [-51.5141275, -27.1749139, 1.0],
                        [-51.514247, -27.1749653, 1.0],
                        [-51.5143207, -27.1749833, 1.0],
                        [-51.5144064, -27.1749999, 1.0]
                    ],
                    [
                        [-51.5142381, -27.1657121, 1.0],
                        [-51.5139256, -27.1655832, 1.0]
                    ],
                    [
                        [-51.5139256, -27.1655832, 1.0],
                        [-51.5140288, -27.1658806, 1.0]
                    ],
                    [
                        [-51.5140288, -27.1658806, 1.0],
                        [-51.5131609, -27.166443, 1.0]
                    ],
                    [
                        [-51.5124451, -27.1686873, 1.0],
                        [-51.5125591, -27.1685981, 1.0],
                        [-51.5131448, -27.16814, 1.0],
                        [-51.5132346, -27.1680958, 1.0],
                        [-51.5133299, -27.16807, 1.0],
                        [-51.5139374, -27.1680971, 1.0]
                    ],
                    [
                        [-51.5139374, -27.1680971, 1.0],
                        [-51.5137995, -27.1675879, 1.0]
                    ],
                    [
                        [-51.5139256, -27.1655832, 1.0],
                        [-51.5137076, -27.1654935, 1.0],
                        [-51.5133342, -27.1653398, 1.0]
                    ],
                    [
                        [-51.5138768, -27.1711623, 1.0],
                        [-51.5137707, -27.1711283, 1.0],
                        [-51.5135736, -27.1710436, 1.0],
                        [-51.5134241, -27.1709764, 1.0]
                    ],
                    [
                        [-51.5134882, -27.1709431, 1.0],
                        [-51.5135702, -27.1709833, 1.0],
                        [-51.5136226, -27.171006, 1.0],
                        [-51.5136883, -27.1710382, 1.0],
                        [-51.5137788, -27.1710854, 1.0],
                        [-51.5138768, -27.1711623, 1.0]
                    ],
                    [
                        [-51.5137995, -27.1675879, 1.0],
                        [-51.513369, -27.1675772, 1.0],
                        [-51.5133337, -27.167566, 1.0],
                        [-51.5133077, -27.1675399, 1.0],
                        [-51.513297, -27.1675111, 1.0],
                        [-51.5132793, -27.1673375, 1.0],
                        [-51.5132649, -27.1672338, 1.0]
                    ],
                    [
                        [-51.5136521, -27.17091, 1.0],
                        [-51.5135981, -27.1709083, 1.0],
                        [-51.5135603, -27.1709171, 1.0],
                        [-51.5134882, -27.1709431, 1.0]
                    ],
                    [
                        [-51.5134127, -27.1709123, 1.0],
                        [-51.5134373, -27.1708919, 1.0],
                        [-51.5135022, -27.1708834, 1.0],
                        [-51.5136521, -27.17091, 1.0]
                    ],
                    [
                        [-51.513368, -27.1716717, 1.0],
                        [-51.5136484, -27.1720221, 1.0]
                    ],
                    [
                        [-51.5135253, -27.1715667, 1.0],
                        [-51.513368, -27.1716717, 1.0]
                    ],
                    [
                        [-51.5134127, -27.1709123, 1.0],
                        [-51.5134882, -27.1709431, 1.0]
                    ],
                    [
                        [-51.5134882, -27.1709431, 1.0],
                        [-51.5134241, -27.1709764, 1.0]
                    ],
                    [
                        [-51.5134241, -27.1709764, 1.0],
                        [-51.5133684, -27.1709517, 1.0],
                        [-51.513294, -27.1709338, 1.0],
                        [-51.5131887, -27.1709183, 1.0],
                        [-51.513074, -27.1709249, 1.0],
                        [-51.5129341, -27.1709388, 1.0]
                    ],
                    [
                        [-51.5134241, -27.1709764, 1.0],
                        [-51.5134133, -27.1709368, 1.0],
                        [-51.5134127, -27.1709123, 1.0]
                    ],
                    [
                        [-51.5129341, -27.1709388, 1.0],
                        [-51.5130533, -27.1708974, 1.0],
                        [-51.5131746, -27.1708801, 1.0],
                        [-51.5132819, -27.170883, 1.0],
                        [-51.5134127, -27.1709123, 1.0]
                    ],
                    [
                        [-51.513368, -27.1716717, 1.0],
                        [-51.5131584, -27.1718037, 1.0],
                        [-51.5129551, -27.1719562, 1.0],
                        [-51.5125226, -27.1723665, 1.0],
                        [-51.5123941, -27.1724884, 1.0]
                    ],
                    [
                        [-51.5133342, -27.1653398, 1.0],
                        [-51.5126208, -27.1650479, 1.0]
                    ],
                    [
                        [-51.5123713, -27.1659841, 1.0],
                        [-51.5133342, -27.1653398, 1.0]
                    ],
                    [
                        [-51.5132649, -27.1672338, 1.0],
                        [-51.5132532, -27.1671494, 1.0],
                        [-51.5131609, -27.166443, 1.0]
                    ],
                    [
                        [-51.5132649, -27.1672338, 1.0],
                        [-51.5130136, -27.1672431, 1.0],
                        [-51.5128422, -27.1672402, 1.0],
                        [-51.5127432, -27.1672554, 1.0],
                        [-51.5126325, -27.1673037, 1.0],
                        [-51.5125559, -27.1673169, 1.0],
                        [-51.5124548, -27.1672923, 1.0],
                        [-51.5123515, -27.1672298, 1.0],
                        [-51.511706, -27.1665498, 1.0]
                    ],
                    [
                        [-51.5131609, -27.166443, 1.0],
                        [-51.5123713, -27.1659841, 1.0]
                    ],
                    [
                        [-51.5117148, -27.1719727, 1.0],
                        [-51.5117753, -27.1719159, 1.0],
                        [-51.5119364, -27.1717649, 1.0],
                        [-51.5120439, -27.1716645, 1.0],
                        [-51.5121184, -27.1715556, 1.0],
                        [-51.5121578, -27.1714448, 1.0],
                        [-51.5122195, -27.1713359, 1.0],
                        [-51.5123069, -27.1712267, 1.0],
                        [-51.5124008, -27.1711528, 1.0],
                        [-51.5125138, -27.1710866, 1.0],
                        [-51.5128241, -27.1709775, 1.0],
                        [-51.5128707, -27.1709611, 1.0],
                        [-51.5129341, -27.1709388, 1.0]
                    ],
                    [
                        [-51.5126877, -27.1688546, 1.0],
                        [-51.5126216, -27.1688344, 1.0]
                    ],
                    [
                        [-51.5126877, -27.1688546, 1.0],
                        [-51.5127452, -27.1689383, 1.0],
                        [-51.5129334, -27.1691819, 1.0],
                        [-51.5129964, -27.1692652, 1.0],
                        [-51.5137832, -27.1702175, 1.0],
                        [-51.5135211, -27.1701364, 1.0],
                        [-51.5130753, -27.1699986, 1.0],
                        [-51.5127227, -27.1699155, 1.0],
                        [-51.5124549, -27.1699033, 1.0],
                        [-51.512258, -27.1699544, 1.0]
                    ],
                    [
                        [-51.5126545, -27.170411, 1.0],
                        [-51.512258, -27.1699544, 1.0]
                    ],
                    [
                        [-51.5126216, -27.1688344, 1.0],
                        [-51.5123549, -27.1687583, 1.0]
                    ],
                    [
                        [-51.5124451, -27.1686873, 1.0],
                        [-51.5126216, -27.1688344, 1.0]
                    ],
                    [
                        [-51.5126208, -27.1650479, 1.0],
                        [-51.5124495, -27.1651331, 1.0],
                        [-51.5110593, -27.1659864, 1.0]
                    ],
                    [
                        [-51.5123549, -27.1687583, 1.0],
                        [-51.5124451, -27.1686873, 1.0]
                    ],
                    [
                        [-51.5123941, -27.1724884, 1.0],
                        [-51.5120305, -27.1722124, 1.0],
                        [-51.5117692, -27.172014, 1.0],
                        [-51.5117148, -27.1719727, 1.0]
                    ],
                    [
                        [-51.5123941, -27.1724884, 1.0],
                        [-51.5122941, -27.172585, 1.0],
                        [-51.511741, -27.1731512, 1.0],
                        [-51.5116523, -27.1732516, 1.0]
                    ],
                    [
                        [-51.511706, -27.1665498, 1.0],
                        [-51.5119314, -27.1662872, 1.0],
                        [-51.5119918, -27.1662323, 1.0],
                        [-51.5123713, -27.1659841, 1.0]
                    ],
                    [
                        [-51.5107897, -27.169278, 1.0],
                        [-51.5109015, -27.1692787, 1.0],
                        [-51.5114931, -27.1692826, 1.0],
                        [-51.5116149, -27.1692748, 1.0],
                        [-51.5117316, -27.1692366, 1.0],
                        [-51.5119113, -27.1691078, 1.0],
                        [-51.5122736, -27.1688223, 1.0],
                        [-51.5123549, -27.1687583, 1.0]
                    ],
                    [
                        [-51.5116735, -27.1704837, 1.0],
                        [-51.5119209, -27.1701732, 1.0],
                        [-51.5120941, -27.1700409, 1.0],
                        [-51.512258, -27.1699544, 1.0]
                    ],
                    [
                        [-51.5106049, -27.1659826, 1.0],
                        [-51.5108183, -27.1658433, 1.0],
                        [-51.5110678, -27.1654949, 1.0],
                        [-51.511513, -27.1651942, 1.0],
                        [-51.5118483, -27.1650224, 1.0],
                        [-51.512036, -27.1647671, 1.0]
                    ],
                    [
                        [-51.5110911, -27.1727998, 1.0],
                        [-51.5111509, -27.1727205, 1.0],
                        [-51.5111761, -27.1726612, 1.0],
                        [-51.511226, -27.1725034, 1.0],
                        [-51.5113199, -27.172316, 1.0],
                        [-51.5114392, -27.1721955, 1.0],
                        [-51.5117148, -27.1719727, 1.0]
                    ],
                    [
                        [-51.511349, -27.1669569, 1.0],
                        [-51.511706, -27.1665498, 1.0]
                    ],
                    [
                        [-51.5116735, -27.1704837, 1.0],
                        [-51.5115257, -27.1702858, 1.0],
                        [-51.5111863, -27.1698313, 1.0],
                        [-51.5110465, -27.169644, 1.0],
                        [-51.5108733, -27.1694118, 1.0],
                        [-51.5107897, -27.169278, 1.0]
                    ],
                    [
                        [-51.5112594, -27.1710547, 1.0],
                        [-51.5116735, -27.1704837, 1.0]
                    ],
                    [
                        [-51.5116523, -27.1732516, 1.0],
                        [-51.5110911, -27.1727998, 1.0]
                    ],
                    [
                        [-51.5116523, -27.1732516, 1.0],
                        [-51.511599, -27.1733918, 1.0],
                        [-51.511577, -27.1735571, 1.0],
                        [-51.5115564, -27.1737213, 1.0]
                    ],
                    [
                        [-51.5103543, -27.1735485, 1.0],
                        [-51.5105008, -27.1735696, 1.0],
                        [-51.5115564, -27.1737213, 1.0]
                    ],
                    [
                        [-51.5115564, -27.1737213, 1.0],
                        [-51.5115399, -27.1738463, 1.0],
                        [-51.5114191, -27.1746211, 1.0],
                        [-51.5113816, -27.1747786, 1.0],
                        [-51.5110677, -27.1752856, 1.0],
                        [-51.5110168, -27.1753477, 1.0]
                    ],
                    [
                        [-51.511349, -27.1669569, 1.0],
                        [-51.5106426, -27.1666081, 1.0]
                    ],
                    [
                        [-51.510363, -27.1692706, 1.0],
                        [-51.5104477, -27.168983, 1.0],
                        [-51.5104813, -27.1688067, 1.0],
                        [-51.5105026, -27.1684344, 1.0],
                        [-51.5105069, -27.1682043, 1.0],
                        [-51.5105122, -27.1681285, 1.0],
                        [-51.5105803, -27.1679429, 1.0],
                        [-51.5107017, -27.1676673, 1.0],
                        [-51.5107345, -27.1676271, 1.0],
                        [-51.5108198, -27.1675395, 1.0],
                        [-51.5110646, -27.1672753, 1.0],
                        [-51.511349, -27.1669569, 1.0]
                    ],
                    [
                        [-51.5112594, -27.1710547, 1.0],
                        [-51.510911, -27.1706565, 1.0],
                        [-51.5106901, -27.1703586, 1.0]
                    ],
                    [
                        [-51.5099705, -27.1732949, 1.0],
                        [-51.5099727, -27.1732043, 1.0],
                        [-51.509981, -27.1729647, 1.0],
                        [-51.5099864, -27.1728833, 1.0],
                        [-51.5100247, -27.1727971, 1.0],
                        [-51.5108698, -27.171603, 1.0],
                        [-51.511074, -27.1713156, 1.0],
                        [-51.5112594, -27.1710547, 1.0]
                    ],
                    [
                        [-51.5104085, -27.1732332, 1.0],
                        [-51.5104261, -27.1731992, 1.0],
                        [-51.5104923, -27.173121, 1.0],
                        [-51.5105667, -27.1730503, 1.0],
                        [-51.5106668, -27.1730027, 1.0],
                        [-51.5107373, -27.1729692, 1.0],
                        [-51.5108522, -27.1729286, 1.0],
                        [-51.5109484, -27.1728971, 1.0],
                        [-51.5110061, -27.1728661, 1.0],
                        [-51.5110911, -27.1727998, 1.0]
                    ],
                    [
                        [-51.5110593, -27.1659864, 1.0],
                        [-51.5108723, -27.1659645, 1.0],
                        [-51.5106049, -27.1659826, 1.0]
                    ],
                    [
                        [-51.5110593, -27.1659864, 1.0],
                        [-51.5109457, -27.166113, 1.0],
                        [-51.5106426, -27.1666081, 1.0]
                    ],
                    [
                        [-51.510173, -27.1745265, 1.0],
                        [-51.5110168, -27.1753477, 1.0]
                    ],
                    [
                        [-51.5110168, -27.1753477, 1.0],
                        [-51.5108612, -27.1755505, 1.0],
                        [-51.5105983, -27.1758744, 1.0],
                        [-51.5103355, -27.1761983, 1.0]
                    ],
                    [
                        [-51.510363, -27.1692706, 1.0],
                        [-51.5104817, -27.1692727, 1.0],
                        [-51.5107897, -27.169278, 1.0]
                    ],
                    [
                        [-51.5041544, -27.1767411, 1.0],
                        [-51.5041266, -27.1768623, 1.0],
                        [-51.504033, -27.1771918, 1.0],
                        [-51.5037936, -27.1780611, 1.0],
                        [-51.5037395, -27.1782528, 1.0],
                        [-51.5037306, -27.1783386, 1.0],
                        [-51.5037194, -27.1784443, 1.0],
                        [-51.5037347, -27.1785752, 1.0],
                        [-51.5037807, -27.1789844, 1.0],
                        [-51.5038931, -27.179834, 1.0],
                        [-51.5039693, -27.1804729, 1.0],
                        [-51.5040191, -27.180884, 1.0],
                        [-51.5040628, -27.1811878, 1.0],
                        [-51.5040564, -27.1814292, 1.0],
                        [-51.5040362, -27.1815817, 1.0],
                        [-51.5039819, -27.181915, 1.0],
                        [-51.5039723, -27.1821886, 1.0],
                        [-51.5039872, -27.1824168, 1.0],
                        [-51.5040445, -27.1826636, 1.0],
                        [-51.504116, -27.1828979, 1.0],
                        [-51.504221, -27.1831139, 1.0],
                        [-51.5042329, -27.1831385, 1.0],
                        [-51.504319, -27.1833154, 1.0],
                        [-51.5043849, -27.1834379, 1.0],
                        [-51.5044332, -27.1835275, 1.0],
                        [-51.5044981, -27.1837339, 1.0],
                        [-51.5045194, -27.1839129, 1.0],
                        [-51.5045184, -27.1840757, 1.0],
                        [-51.5044959, -27.1843027, 1.0],
                        [-51.5044055, -27.184641, 1.0],
                        [-51.5043278, -27.1849809, 1.0],
                        [-51.5042544, -27.1854837, 1.0],
                        [-51.5042501, -27.1857583, 1.0],
                        [-51.5042522, -27.1860329, 1.0],
                        [-51.5042962, -27.1867331, 1.0],
                        [-51.5043469, -27.1872156, 1.0],
                        [-51.5044145, -27.187459, 1.0],
                        [-51.5045301, -27.1877807, 1.0],
                        [-51.5046675, -27.188001, 1.0],
                        [-51.5048004, -27.1881718, 1.0],
                        [-51.5049984, -27.1883848, 1.0],
                        [-51.5052098, -27.1885589, 1.0],
                        [-51.5055692, -27.1888118, 1.0],
                        [-51.5064738, -27.1894661, 1.0],
                        [-51.5081715, -27.1907263, 1.0],
                        [-51.5092349, -27.1914923, 1.0],
                        [-51.5094303, -27.1916389, 1.0],
                        [-51.5104451, -27.1924097, 1.0],
                        [-51.5105601, -27.1925413, 1.0],
                        [-51.5106685, -27.1926802, 1.0],
                        [-51.5107835, -27.192872, 1.0],
                        [-51.5108634, -27.193026, 1.0],
                        [-51.5109331, -27.1932872, 1.0],
                        [-51.5111031, -27.1943697, 1.0],
                        [-51.5111728, -27.1950618, 1.0],
                        [-51.5111681, -27.1954033, 1.0],
                        [-51.5111315, -27.1957233, 1.0],
                        [-51.5110918, -27.195932, 1.0],
                        [-51.5110079, -27.1962743, 1.0],
                        [-51.5107279, -27.1972149, 1.0],
                        [-51.510607, -27.1976462, 1.0],
                        [-51.5104828, -27.1981677, 1.0],
                        [-51.5104149, -27.1985254, 1.0],
                        [-51.5103622, -27.1989605, 1.0],
                        [-51.5103437, -27.1992397, 1.0],
                        [-51.5103335, -27.1995428, 1.0],
                        [-51.510325, -27.1999091, 1.0],
                        [-51.5103294, -27.2009818, 1.0],
                        [-51.5103342, -27.2012783, 1.0],
                        [-51.5103512, -27.2014678, 1.0],
                        [-51.5103892, -27.201637, 1.0],
                        [-51.5104444, -27.2018077, 1.0],
                        [-51.510617, -27.202172, 1.0],
                        [-51.5106661, -27.2023154, 1.0],
                        [-51.5106921, -27.2024484, 1.0],
                        [-51.5107031, -27.2025644, 1.0],
                        [-51.5107162, -27.2027751, 1.0],
                        [-51.5107087, -27.2031033, 1.0],
                        [-51.5107316, -27.2032266, 1.0],
                        [-51.5107458, -27.2032941, 1.0],
                        [-51.510766, -27.2034278, 1.0]
                    ],
                    [
                        [-51.5099023, -27.1766481, 1.0],
                        [-51.5107491, -27.1774005, 1.0]
                    ],
                    [
                        [-51.5106426, -27.1666081, 1.0],
                        [-51.5103784, -27.1670818, 1.0],
                        [-51.5099161, -27.1679123, 1.0],
                        [-51.5097015, -27.1683392, 1.0],
                        [-51.509353, -27.1693408, 1.0],
                        [-51.508812, -27.1707018, 1.0]
                    ],
                    [
                        [-51.5106049, -27.1659826, 1.0],
                        [-51.509835, -27.1662587, 1.0],
                        [-51.5097674, -27.1664511, 1.0],
                        [-51.509705, -27.1668305, 1.0],
                        [-51.5096864, -27.1669482, 1.0],
                        [-51.5096542, -27.1670329, 1.0],
                        [-51.5091097, -27.1677607, 1.0],
                        [-51.5090561, -27.1679444, 1.0],
                        [-51.509032, -27.1680876, 1.0],
                        [-51.5089688, -27.1683401, 1.0],
                        [-51.5089062, -27.168579, 1.0],
                        [-51.5087517, -27.1691686, 1.0],
                        [-51.5086229, -27.1699155, 1.0],
                        [-51.5085746, -27.1701374, 1.0],
                        [-51.5084079, -27.1705536, 1.0]
                    ],
                    [
                        [-51.5103227, -27.1732902, 1.0],
                        [-51.5103267, -27.1732635, 1.0],
                        [-51.5103416, -27.1732446, 1.0],
                        [-51.5103636, -27.1732324, 1.0],
                        [-51.5103891, -27.1732288, 1.0],
                        [-51.5104085, -27.1732332, 1.0]
                    ],
                    [
                        [-51.5104085, -27.1732332, 1.0],
                        [-51.5104353, -27.1732485, 1.0],
                        [-51.5104482, -27.1732687, 1.0],
                        [-51.510451, -27.1732918, 1.0],
                        [-51.5104435, -27.1733141, 1.0],
                        [-51.5104284, -27.1733306, 1.0],
                        [-51.5104077, -27.1733411, 1.0],
                        [-51.510384, -27.1733443, 1.0]
                    ],
                    [
                        [-51.510384, -27.1733443, 1.0],
                        [-51.5103607, -27.1733396, 1.0],
                        [-51.5103409, -27.1733278, 1.0],
                        [-51.5103264, -27.1733087, 1.0],
                        [-51.5103227, -27.1732902, 1.0]
                    ],
                    [
                        [-51.5103543, -27.1735485, 1.0],
                        [-51.5103677, -27.1734592, 1.0],
                        [-51.5103777, -27.1733926, 1.0],
                        [-51.510384, -27.1733443, 1.0]
                    ],
                    [
                        [-51.5096462, -27.1709607, 1.0],
                        [-51.509786, -27.1707827, 1.0],
                        [-51.5098088, -27.1707482, 1.0],
                        [-51.5098527, -27.1706684, 1.0],
                        [-51.5103219, -27.1693833, 1.0],
                        [-51.510363, -27.1692706, 1.0]
                    ],
                    [
                        [-51.510173, -27.1745265, 1.0],
                        [-51.5101932, -27.1744558, 1.0],
                        [-51.5102101, -27.1743596, 1.0],
                        [-51.5103044, -27.1738293, 1.0],
                        [-51.5103543, -27.1735485, 1.0]
                    ],
                    [
                        [-51.5103355, -27.1761983, 1.0],
                        [-51.5094732, -27.1754813, 1.0]
                    ],
                    [
                        [-51.5103355, -27.1761983, 1.0],
                        [-51.5102131, -27.1763434, 1.0],
                        [-51.5099023, -27.1766481, 1.0]
                    ],
                    [
                        [-51.5099705, -27.1732949, 1.0],
                        [-51.5100408, -27.173294, 1.0],
                        [-51.5102786, -27.1732908, 1.0],
                        [-51.5103227, -27.1732902, 1.0]
                    ],
                    [
                        [-51.5094732, -27.1754813, 1.0],
                        [-51.5097736, -27.1751027, 1.0],
                        [-51.5100651, -27.1747355, 1.0],
                        [-51.510084, -27.1747066, 1.0],
                        [-51.5101141, -27.1746607, 1.0],
                        [-51.5101407, -27.1746058, 1.0],
                        [-51.510173, -27.1745265, 1.0]
                    ],
                    [
                        [-51.5089171, -27.1732995, 1.0],
                        [-51.5089569, -27.1732995, 1.0],
                        [-51.5094269, -27.1733001, 1.0],
                        [-51.5095702, -27.1733003, 1.0],
                        [-51.5098675, -27.1732963, 1.0],
                        [-51.5099705, -27.1732949, 1.0]
                    ],
                    [
                        [-51.5090696, -27.1759236, 1.0],
                        [-51.5099023, -27.1766481, 1.0]
                    ],
                    [
                        [-51.5099023, -27.1766481, 1.0],
                        [-51.5097903, -27.176737, 1.0],
                        [-51.5094151, -27.1769645, 1.0],
                        [-51.5091744, -27.1771104, 1.0]
                    ],
                    [
                        [-51.5096462, -27.1709607, 1.0],
                        [-51.508812, -27.1707018, 1.0]
                    ],
                    [
                        [-51.5083205, -27.172667, 1.0],
                        [-51.5084014, -27.1725708, 1.0],
                        [-51.508444, -27.1725253, 1.0],
                        [-51.5096462, -27.1709607, 1.0]
                    ],
                    [
                        [-51.5090696, -27.1759236, 1.0],
                        [-51.5091902, -27.175832, 1.0],
                        [-51.5092331, -27.1757804, 1.0],
                        [-51.5094732, -27.1754813, 1.0]
                    ],
                    [
                        [-51.5091744, -27.1771104, 1.0],
                        [-51.5086463, -27.1765181, 1.0],
                        [-51.5083212, -27.1761387, 1.0]
                    ],
                    [
                        [-51.5091744, -27.1771104, 1.0],
                        [-51.5089577, -27.1772143, 1.0],
                        [-51.5086356, -27.1773434, 1.0],
                        [-51.5081386, -27.1770495, 1.0],
                        [-51.5080017, -27.1769954, 1.0],
                        [-51.5077082, -27.1769213, 1.0],
                        [-51.5075876, -27.1768909, 1.0],
                        [-51.5073419, -27.1768015, 1.0],
                        [-51.5071037, -27.1766993, 1.0],
                        [-51.5067556, -27.1766256, 1.0],
                        [-51.5063568, -27.1764956, 1.0],
                        [-51.5062028, -27.1764075, 1.0],
                        [-51.5061196, -27.1763392, 1.0]
                    ],
                    [
                        [-51.5084351, -27.1760822, 1.0],
                        [-51.5085138, -27.1760457, 1.0],
                        [-51.5086201, -27.1760011, 1.0],
                        [-51.5087173, -27.1759823, 1.0],
                        [-51.5090696, -27.1759236, 1.0]
                    ],
                    [
                        [-51.5087631, -27.1732496, 1.0],
                        [-51.508787, -27.1732598, 1.0],
                        [-51.5088149, -27.1732695, 1.0],
                        [-51.5088344, -27.173276, 1.0],
                        [-51.5088457, -27.1732803, 1.0],
                        [-51.5088795, -27.1732911, 1.0],
                        [-51.5089171, -27.1732995, 1.0]
                    ],
                    [
                        [-51.5089171, -27.1732995, 1.0],
                        [-51.5088809, -27.1733115, 1.0],
                        [-51.5088512, -27.173325, 1.0],
                        [-51.5088225, -27.173342, 1.0],
                        [-51.5087678, -27.173374, 1.0]
                    ],
                    [
                        [-51.5088257, -27.1742131, 1.0],
                        [-51.5087921, -27.1742131, 1.0],
                        [-51.5087543, -27.1742047, 1.0],
                        [-51.5087186, -27.1741935, 1.0],
                        [-51.5086798, -27.174173, 1.0],
                        [-51.5086263, -27.1741248, 1.0],
                        [-51.5077851, -27.173478, 1.0],
                        [-51.5076505, -27.173372, 1.0]
                    ],
                    [
                        [-51.5087678, -27.173374, 1.0],
                        [-51.5088261, -27.1740158, 1.0],
                        [-51.5088257, -27.1742131, 1.0]
                    ],
                    [
                        [-51.5088257, -27.1742131, 1.0],
                        [-51.5088221, -27.1742484, 1.0],
                        [-51.5088128, -27.174289, 1.0],
                        [-51.5087899, -27.1743207, 1.0],
                        [-51.5086803, -27.1744382, 1.0],
                        [-51.5081991, -27.1749241, 1.0],
                        [-51.5081028, -27.1750215, 1.0],
                        [-51.5079847, -27.1751407, 1.0]
                    ],
                    [
                        [-51.508812, -27.1707018, 1.0],
                        [-51.5084079, -27.1705536, 1.0]
                    ],
                    [
                        [-51.508812, -27.1707018, 1.0],
                        [-51.5087369, -27.1709106, 1.0],
                        [-51.5086766, -27.1710442, 1.0],
                        [-51.5085411, -27.1711921, 1.0],
                        [-51.5077372, -27.1720265, 1.0],
                        [-51.5076355, -27.1721223, 1.0]
                    ],
                    [
                        [-51.5087631, -27.1732496, 1.0],
                        [-51.5087678, -27.173374, 1.0]
                    ],
                    [
                        [-51.5083205, -27.172667, 1.0],
                        [-51.5084461, -27.1727554, 1.0],
                        [-51.5086767, -27.1729308, 1.0],
                        [-51.5087122, -27.1729774, 1.0],
                        [-51.5087393, -27.1730413, 1.0],
                        [-51.508762, -27.1732186, 1.0],
                        [-51.5087631, -27.1732496, 1.0]
                    ],
                    [
                        [-51.5084351, -27.1760822, 1.0],
                        [-51.5082923, -27.1760153, 1.0],
                        [-51.507701, -27.1757117, 1.0],
                        [-51.5076021, -27.1756426, 1.0],
                        [-51.5074958, -27.1755347, 1.0]
                    ],
                    [
                        [-51.5083212, -27.1761387, 1.0],
                        [-51.5084351, -27.1760822, 1.0]
                    ],
                    [
                        [-51.5072072, -27.1718022, 1.0],
                        [-51.5073115, -27.1716943, 1.0],
                        [-51.5076256, -27.1713468, 1.0],
                        [-51.5078564, -27.1711816, 1.0],
                        [-51.5079618, -27.171117, 1.0],
                        [-51.5080842, -27.1710168, 1.0],
                        [-51.5082032, -27.1708855, 1.0],
                        [-51.5084079, -27.1705536, 1.0]
                    ],
                    [
                        [-51.5061196, -27.1763392, 1.0],
                        [-51.506407, -27.1763961, 1.0],
                        [-51.5064733, -27.1764092, 1.0],
                        [-51.5067816, -27.1764376, 1.0],
                        [-51.507062, -27.1764388, 1.0],
                        [-51.5073019, -27.1764292, 1.0],
                        [-51.5079745, -27.176277, 1.0],
                        [-51.5081108, -27.1762226, 1.0],
                        [-51.5083212, -27.1761387, 1.0]
                    ],
                    [
                        [-51.5076355, -27.1721223, 1.0],
                        [-51.5081859, -27.1725608, 1.0],
                        [-51.5082395, -27.1726031, 1.0],
                        [-51.5083205, -27.172667, 1.0]
                    ],
                    [
                        [-51.5076505, -27.173372, 1.0],
                        [-51.5077275, -27.1732912, 1.0],
                        [-51.5082042, -27.1727895, 1.0],
                        [-51.5082277, -27.1727647, 1.0],
                        [-51.5083205, -27.172667, 1.0]
                    ],
                    [
                        [-51.5068586, -27.1742059, 1.0],
                        [-51.5069421, -27.1742696, 1.0],
                        [-51.5079356, -27.1750237, 1.0],
                        [-51.5079623, -27.1750447, 1.0],
                        [-51.5079783, -27.1750636, 1.0],
                        [-51.5079852, -27.1750821, 1.0],
                        [-51.5079842, -27.1751039, 1.0],
                        [-51.5079847, -27.1751407, 1.0]
                    ],
                    [
                        [-51.5079847, -27.1751407, 1.0],
                        [-51.5076934, -27.1754584, 1.0],
                        [-51.5076241, -27.1755223, 1.0],
                        [-51.5075717, -27.1755396, 1.0],
                        [-51.5074958, -27.1755347, 1.0]
                    ],
                    [
                        [-51.5076505, -27.173372, 1.0],
                        [-51.5075691, -27.1733078, 1.0],
                        [-51.5070669, -27.1729122, 1.0],
                        [-51.5069478, -27.1728184, 1.0]
                    ],
                    [
                        [-51.5068586, -27.1742059, 1.0],
                        [-51.5069221, -27.1741391, 1.0],
                        [-51.5075557, -27.173472, 1.0],
                        [-51.5076505, -27.173372, 1.0]
                    ],
                    [
                        [-51.5072072, -27.1718022, 1.0],
                        [-51.5073441, -27.1718999, 1.0],
                        [-51.5076355, -27.1721223, 1.0]
                    ],
                    [
                        [-51.5069478, -27.1728184, 1.0],
                        [-51.5070337, -27.1727314, 1.0],
                        [-51.507563, -27.1721957, 1.0],
                        [-51.5076355, -27.1721223, 1.0]
                    ],
                    [
                        [-51.5074958, -27.1755347, 1.0],
                        [-51.5073636, -27.1754892, 1.0],
                        [-51.5063524, -27.1750338, 1.0],
                        [-51.5061693, -27.1749315, 1.0]
                    ],
                    [
                        [-51.5049888, -27.1712687, 1.0],
                        [-51.5057733, -27.170942, 1.0],
                        [-51.505974, -27.1708344, 1.0],
                        [-51.5059829, -27.1708557, 1.0],
                        [-51.5059966, -27.1708826, 1.0],
                        [-51.5066061, -27.1713458, 1.0],
                        [-51.507163, -27.1717691, 1.0],
                        [-51.5072072, -27.1718022, 1.0]
                    ],
                    [
                        [-51.5065319, -27.1724819, 1.0],
                        [-51.5066664, -27.172407, 1.0],
                        [-51.5067994, -27.1723018, 1.0],
                        [-51.5069048, -27.1722109, 1.0],
                        [-51.5070272, -27.1720613, 1.0],
                        [-51.5071262, -27.1719193, 1.0],
                        [-51.5072072, -27.1718022, 1.0]
                    ],
                    [
                        [-51.5069478, -27.1728184, 1.0],
                        [-51.506916, -27.1727927, 1.0],
                        [-51.5066766, -27.172599, 1.0],
                        [-51.5065319, -27.1724819, 1.0]
                    ],
                    [
                        [-51.5061375, -27.1736396, 1.0],
                        [-51.5062768, -27.1734959, 1.0],
                        [-51.5068886, -27.1728783, 1.0],
                        [-51.5069478, -27.1728184, 1.0]
                    ],
                    [
                        [-51.5061375, -27.1736396, 1.0],
                        [-51.5067877, -27.1741494, 1.0],
                        [-51.5068586, -27.1742059, 1.0]
                    ],
                    [
                        [-51.5061693, -27.1749315, 1.0],
                        [-51.5067699, -27.1742992, 1.0],
                        [-51.5068586, -27.1742059, 1.0]
                    ],
                    [
                        [-51.5065319, -27.1724819, 1.0],
                        [-51.5064301, -27.1723989, 1.0],
                        [-51.5061258, -27.1721508, 1.0]
                    ],
                    [
                        [-51.5053151, -27.1729804, 1.0],
                        [-51.5065319, -27.1724819, 1.0]
                    ],
                    [
                        [-51.5061693, -27.1749315, 1.0],
                        [-51.5055832, -27.1744929, 1.0],
                        [-51.5054252, -27.1743737, 1.0]
                    ],
                    [
                        [-51.5053151, -27.1729804, 1.0],
                        [-51.5054979, -27.1731262, 1.0],
                        [-51.5059979, -27.1735253, 1.0],
                        [-51.5060522, -27.1735689, 1.0],
                        [-51.5061375, -27.1736396, 1.0]
                    ],
                    [
                        [-51.5054252, -27.1743737, 1.0],
                        [-51.5055075, -27.1742889, 1.0],
                        [-51.5060179, -27.1737628, 1.0],
                        [-51.5060598, -27.1737197, 1.0],
                        [-51.5061375, -27.1736396, 1.0]
                    ],
                    [
                        [-51.5061258, -27.1721508, 1.0],
                        [-51.5057545, -27.1718628, 1.0]
                    ],
                    [
                        [-51.5061258, -27.1721508, 1.0],
                        [-51.5057418, -27.172307, 1.0],
                        [-51.5056928, -27.1723077, 1.0],
                        [-51.5056581, -27.172289, 1.0],
                        [-51.5045945, -27.1714464, 1.0]
                    ],
                    [
                        [-51.5054887, -27.1761229, 1.0],
                        [-51.5056103, -27.1761641, 1.0],
                        [-51.5057786, -27.1762212, 1.0],
                        [-51.5061196, -27.1763392, 1.0]
                    ],
                    [
                        [-51.5060954, -27.1714975, 1.0],
                        [-51.5060692, -27.1715256, 1.0],
                        [-51.5057545, -27.1718628, 1.0]
                    ],
                    [
                        [-51.5057545, -27.1718628, 1.0],
                        [-51.5049888, -27.1712687, 1.0]
                    ],
                    [
                        [-51.5054887, -27.1761229, 1.0],
                        [-51.5049335, -27.1760003, 1.0],
                        [-51.5047014, -27.1759533, 1.0],
                        [-51.5045249, -27.1759176, 1.0],
                        [-51.5044187, -27.1758961, 1.0],
                        [-51.5043528, -27.1758827, 1.0],
                        [-51.5042874, -27.1758695, 1.0]
                    ],
                    [
                        [-51.5054887, -27.1761229, 1.0],
                        [-51.5054403, -27.1762597, 1.0],
                        [-51.5052859, -27.1766962, 1.0],
                        [-51.5052042, -27.1769288, 1.0],
                        [-51.505175, -27.177012, 1.0],
                        [-51.5051029, -27.1769694, 1.0],
                        [-51.5045342, -27.1768325, 1.0],
                        [-51.5042397, -27.1767616, 1.0],
                        [-51.5041544, -27.1767411, 1.0]
                    ],
                    [
                        [-51.5054252, -27.1743737, 1.0],
                        [-51.5052374, -27.1742168, 1.0],
                        [-51.5043497, -27.1735234, 1.0]
                    ],
                    [
                        [-51.5054252, -27.1743737, 1.0],
                        [-51.5053329, -27.1744699, 1.0],
                        [-51.5049537, -27.1748652, 1.0],
                        [-51.5048079, -27.1750139, 1.0],
                        [-51.5046452, -27.1751933, 1.0]
                    ],
                    [
                        [-51.5036232, -27.171852, 1.0],
                        [-51.5037288, -27.1719224, 1.0],
                        [-51.5051362, -27.1728611, 1.0],
                        [-51.5053151, -27.1729804, 1.0]
                    ],
                    [
                        [-51.5035866, -27.1729654, 1.0],
                        [-51.5037319, -27.1730203, 1.0],
                        [-51.5038427, -27.1730576, 1.0],
                        [-51.5039645, -27.1730987, 1.0],
                        [-51.5040242, -27.1731082, 1.0],
                        [-51.5040601, -27.1731116, 1.0],
                        [-51.5042278, -27.1731082, 1.0],
                        [-51.5046477, -27.1730563, 1.0],
                        [-51.5053151, -27.1729804, 1.0]
                    ],
                    [
                        [-51.5045945, -27.1714464, 1.0],
                        [-51.5049888, -27.1712687, 1.0]
                    ],
                    [
                        [-51.5046452, -27.1751933, 1.0],
                        [-51.5045667, -27.1753095, 1.0],
                        [-51.5045312, -27.1753465, 1.0],
                        [-51.5044833, -27.175368, 1.0]
                    ],
                    [
                        [-51.5044335, -27.1752945, 1.0],
                        [-51.5045244, -27.1752579, 1.0],
                        [-51.504576, -27.1752298, 1.0],
                        [-51.5046452, -27.1751933, 1.0]
                    ],
                    [
                        [-51.5036232, -27.171852, 1.0],
                        [-51.5039135, -27.171723, 1.0],
                        [-51.5045945, -27.1714464, 1.0]
                    ],
                    [
                        [-51.5043497, -27.1735234, 1.0],
                        [-51.5039384, -27.1739382, 1.0],
                        [-51.5039334, -27.173955, 1.0],
                        [-51.5039348, -27.1739688, 1.0],
                        [-51.5039404, -27.1739794, 1.0],
                        [-51.5043344, -27.1743302, 1.0],
                        [-51.5044099, -27.1744031, 1.0],
                        [-51.5045488, -27.1745372, 1.0]
                    ],
                    [
                        [-51.5044335, -27.1752945, 1.0],
                        [-51.5044556, -27.1753063, 1.0],
                        [-51.5044723, -27.1753238, 1.0],
                        [-51.5044818, -27.1753451, 1.0],
                        [-51.5044833, -27.175368, 1.0]
                    ],
                    [
                        [-51.5044833, -27.175368, 1.0],
                        [-51.5044764, -27.1753901, 1.0],
                        [-51.5044614, -27.1754097, 1.0]
                    ],
                    [
                        [-51.5044614, -27.1754097, 1.0],
                        [-51.5044179, -27.1755087, 1.0],
                        [-51.5043984, -27.1755612, 1.0],
                        [-51.5043468, -27.1756883, 1.0],
                        [-51.5042999, -27.1757658, 1.0]
                    ],
                    [
                        [-51.5044614, -27.1754097, 1.0],
                        [-51.5044398, -27.1754239, 1.0],
                        [-51.5044142, -27.1754309, 1.0],
                        [-51.5043874, -27.17543, 1.0],
                        [-51.5043625, -27.1754213, 1.0],
                        [-51.5043422, -27.1754057, 1.0],
                        [-51.5043289, -27.1753851, 1.0],
                        [-51.5043239, -27.1753617, 1.0]
                    ],
                    [
                        [-51.5044084, -27.1752895, 1.0],
                        [-51.5044335, -27.1752945, 1.0]
                    ],
                    [
                        [-51.5042713, -27.1751617, 1.0],
                        [-51.5043243, -27.1751948, 1.0],
                        [-51.504355, -27.1752217, 1.0],
                        [-51.504379, -27.1752455, 1.0],
                        [-51.5044084, -27.1752895, 1.0]
                    ],
                    [
                        [-51.5043279, -27.1753381, 1.0],
                        [-51.5043405, -27.1753171, 1.0],
                        [-51.5043593, -27.1753014, 1.0],
                        [-51.5043827, -27.1752919, 1.0],
                        [-51.5044084, -27.1752895, 1.0]
                    ],
                    [
                        [-51.5043497, -27.1735234, 1.0],
                        [-51.5041708, -27.1733803, 1.0],
                        [-51.5039545, -27.1732225, 1.0],
                        [-51.503845, -27.1731426, 1.0],
                        [-51.5038113, -27.173118, 1.0],
                        [-51.5037159, -27.1730532, 1.0],
                        [-51.5035866, -27.1729654, 1.0]
                    ],
                    [
                        [-51.5043279, -27.1753381, 1.0],
                        [-51.5043177, -27.1752881, 1.0],
                        [-51.5043131, -27.1752656, 1.0],
                        [-51.5042713, -27.1751617, 1.0]
                    ],
                    [
                        [-51.5043239, -27.1753617, 1.0],
                        [-51.5043279, -27.1753381, 1.0]
                    ],
                    [
                        [-51.5042999, -27.1757658, 1.0],
                        [-51.5042965, -27.1756865, 1.0],
                        [-51.5043066, -27.1755505, 1.0],
                        [-51.5043106, -27.1754646, 1.0],
                        [-51.5043239, -27.1753617, 1.0]
                    ],
                    [
                        [-51.5042999, -27.1757658, 1.0],
                        [-51.5042969, -27.1758046, 1.0],
                        [-51.5042932, -27.1758344, 1.0],
                        [-51.5042874, -27.1758695, 1.0]
                    ],
                    [
                        [-51.5042874, -27.1758695, 1.0],
                        [-51.5042755, -27.1759477, 1.0],
                        [-51.5041544, -27.1767411, 1.0]
                    ],
                    [
                        [-51.5042713, -27.1751617, 1.0],
                        [-51.5038696, -27.1750037, 1.0],
                        [-51.5035866, -27.174891, 1.0],
                        [-51.5034552, -27.1748029, 1.0],
                        [-51.5033297, -27.1746843, 1.0],
                        [-51.5031768, -27.1745062, 1.0],
                        [-51.502938, -27.1742232, 1.0],
                        [-51.5027033, -27.1739732, 1.0],
                        [-51.5022607, -27.173391, 1.0],
                        [-51.5021182, -27.1732367, 1.0],
                        [-51.5017474, -27.1729091, 1.0]
                    ],
                    [
                        [-51.5031556, -27.1722147, 1.0],
                        [-51.5032028, -27.1720767, 1.0],
                        [-51.5032432, -27.1720359, 1.0],
                        [-51.5033068, -27.1719867, 1.0],
                        [-51.5034676, -27.1719182, 1.0],
                        [-51.5036232, -27.171852, 1.0]
                    ],
                    [
                        [-51.5035866, -27.1729654, 1.0],
                        [-51.5029318, -27.1726715, 1.0]
                    ],
                    [
                        [-51.5001002, -27.1710027, 1.0],
                        [-51.5003187, -27.1711169, 1.0],
                        [-51.5004134, -27.171173, 1.0],
                        [-51.5005666, -27.1712412, 1.0],
                        [-51.5010043, -27.1714285, 1.0],
                        [-51.501066, -27.1714549, 1.0],
                        [-51.5011962, -27.1715083, 1.0],
                        [-51.502137, -27.1718795, 1.0],
                        [-51.5022426, -27.1719212, 1.0],
                        [-51.5031556, -27.1722147, 1.0]
                    ],
                    [
                        [-51.5029318, -27.1726715, 1.0],
                        [-51.5029684, -27.1725968, 1.0],
                        [-51.5031556, -27.1722147, 1.0]
                    ],
                    [
                        [-51.5029318, -27.1726715, 1.0],
                        [-51.5021001, -27.1723051, 1.0],
                        [-51.5020056, -27.1722632, 1.0],
                        [-51.5019222, -27.1722263, 1.0],
                        [-51.5018709, -27.1722035, 1.0],
                        [-51.5014719, -27.1720266, 1.0]
                    ],
                    [
                        [-51.5014719, -27.1720266, 1.0],
                        [-51.5013655, -27.1720136, 1.0],
                        [-51.5012631, -27.17198, 1.0],
                        [-51.5011066, -27.171909, 1.0],
                        [-51.5010696, -27.1718935, 1.0],
                        [-51.5010321, -27.1718778, 1.0],
                        [-51.5009554, -27.1718458, 1.0],
                        [-51.5008636, -27.1718074, 1.0],
                        [-51.5008146, -27.1717869, 1.0],
                        [-51.5007556, -27.1717592, 1.0],
                        [-51.5006874, -27.1717233, 1.0],
                        [-51.5006385, -27.1716929, 1.0],
                        [-51.5005831, -27.1716153, 1.0]
                    ],
                    [
                        [-51.5005831, -27.1716153, 1.0],
                        [-51.5006482, -27.1716223, 1.0],
                        [-51.5007149, -27.1716377, 1.0],
                        [-51.5007576, -27.1716587, 1.0],
                        [-51.5008358, -27.1716978, 1.0],
                        [-51.5009046, -27.1717313, 1.0],
                        [-51.5011061, -27.1718192, 1.0],
                        [-51.5012154, -27.1718719, 1.0],
                        [-51.5013666, -27.1719392, 1.0],
                        [-51.5014719, -27.1720266, 1.0]
                    ],
                    [
                        [-51.5005831, -27.1716153, 1.0],
                        [-51.5004347, -27.1715662, 1.0],
                        [-51.5003426, -27.1715358, 1.0],
                        [-51.5002627, -27.1715045, 1.0],
                        [-51.5000637, -27.1714278, 1.0],
                        [-51.4998593, -27.1713378, 1.0],
                        [-51.499706, -27.1712536, 1.0],
                        [-51.4995517, -27.1711143, 1.0],
                        [-51.4993874, -27.1709356, 1.0],
                        [-51.4988059, -27.1703298, 1.0],
                        [-51.498104, -27.1695836, 1.0],
                        [-51.4978257, -27.1692979, 1.0],
                        [-51.4974252, -27.1688964, 1.0],
                        [-51.4973656, -27.1688424, 1.0]
                    ],
                    [
                        [-51.5001002, -27.1710027, 1.0],
                        [-51.5004161, -27.171414, 1.0],
                        [-51.5005207, -27.171535, 1.0],
                        [-51.5005831, -27.1716153, 1.0]
                    ],
                    [
                        [-51.5001002, -27.1710027, 1.0],
                        [-51.4995524, -27.1704427, 1.0],
                        [-51.4993819, -27.1702828, 1.0],
                        [-51.4989099, -27.1698401, 1.0],
                        [-51.4984568, -27.1694431, 1.0],
                        [-51.4984326, -27.1694219, 1.0],
                        [-51.4983521, -27.1693455, 1.0],
                        [-51.4983087, -27.1692972, 1.0],
                        [-51.4982952, -27.1692417, 1.0],
                        [-51.4983188, -27.169142, 1.0],
                        [-51.4976549, -27.1685467, 1.0],
                        [-51.4976213, -27.1685222, 1.0],
                        [-51.497587, -27.1685111, 1.0],
                        [-51.4975409, -27.1685071, 1.0],
                        [-51.497513, -27.1685128, 1.0],
                        [-51.4974532, -27.1685538, 1.0]
                    ],
                    [
                        [-51.4972344, -27.1681924, 1.0],
                        [-51.4974123, -27.1683761, 1.0],
                        [-51.4974391, -27.1684056, 1.0],
                        [-51.4974567, -27.1684546, 1.0],
                        [-51.4974595, -27.1684953, 1.0],
                        [-51.4974532, -27.1685538, 1.0]
                    ],
                    [
                        [-51.4974532, -27.1685538, 1.0],
                        [-51.4973989, -27.1686108, 1.0],
                        [-51.4973543, -27.1686475, 1.0]
                    ],
                    [
                        [-51.4973656, -27.1688424, 1.0],
                        [-51.4972048, -27.1687079, 1.0],
                        [-51.4971306, -27.1686544, 1.0]
                    ],
                    [
                        [-51.4973543, -27.1686475, 1.0],
                        [-51.4973475, -27.1686949, 1.0],
                        [-51.4973444, -27.1687393, 1.0],
                        [-51.497348, -27.168779, 1.0],
                        [-51.4973656, -27.1688424, 1.0]
                    ],
                    [
                        [-51.4973543, -27.1686475, 1.0],
                        [-51.4972663, -27.168662, 1.0],
                        [-51.4971997, -27.1686645, 1.0],
                        [-51.4971306, -27.1686544, 1.0]
                    ],
                    [
                        [-51.4970477, -27.1681226, 1.0],
                        [-51.4970908, -27.1681307, 1.0],
                        [-51.4971367, -27.1681489, 1.0],
                        [-51.4972344, -27.1681924, 1.0]
                    ],
                    [
                        [-51.4971726, -27.1680414, 1.0],
                        [-51.497195, -27.1681084, 1.0],
                        [-51.4972344, -27.1681924, 1.0]
                    ],
                    [
                        [-51.4971306, -27.1686544, 1.0],
                        [-51.4969906, -27.1685601, 1.0],
                        [-51.496974, -27.1685489, 1.0],
                        [-51.4968839, -27.1684321, 1.0],
                        [-51.4968695, -27.1683695, 1.0],
                        [-51.4968802, -27.1683066, 1.0],
                        [-51.496908, -27.1682448, 1.0],
                        [-51.4969352, -27.1681801, 1.0]
                    ]
                ]
            }
        },
        {
            "type": "Feature",
            "properties": {
                "SETOR": "T01",
                "FREQUENCIA": "TER - QUI - SAB",
                "TURNO": "TARDE",
                "HORARIO": "13:00 ÀS 21:20",
                "OPERACAO": "DOMICILIAR",
                "FILIAL": "Joaçaba"
            },
            "geometry": {
                "type": "MultiLineString",
                "coordinates": [
                    [
                        [-51.5382354, -27.1709837, 1.0],
                        [-51.538444, -27.1711371, 1.0],
                        [-51.5387165, -27.1713549, 1.0],
                        [-51.5391657, -27.1717715, 1.0],
                        [-51.5395532, -27.1721882, 1.0],
                        [-51.5397618, -27.1724382, 1.0],
                        [-51.5399605, -27.1727372, 1.0],
                        [-51.5405717, -27.1736193, 1.0],
                        [-51.5410682, -27.1740055, 1.0],
                        [-51.5416106, -27.1741618, 1.0],
                        [-51.5419784, -27.1742905, 1.0],
                        [-51.5421439, -27.1743089, 1.0],
                        [-51.5422634, -27.1742078, 1.0],
                        [-51.5426036, -27.1734079, 1.0],
                        [-51.5427079, -27.1731429, 1.0],
                        [-51.5427728, -27.1730009, 1.0]
                    ],
                    [
                        [-51.5376163, -27.1704942, 1.0],
                        [-51.5382354, -27.1709837, 1.0]
                    ],
                    [
                        [-51.5382354, -27.1709837, 1.0],
                        [-51.5383131, -27.1707867, 1.0],
                        [-51.5383421, -27.1705927, 1.0],
                        [-51.5383131, -27.1704548, 1.0],
                        [-51.5382258, -27.1703298, 1.0],
                        [-51.5380939, -27.170235, 1.0],
                        [-51.5378335, -27.1700607, 1.0]
                    ],
                    [
                        [-51.5379193, -27.1713637, 1.0],
                        [-51.5374682, -27.1710195, 1.0],
                        [-51.5372455, -27.1707469, 1.0]
                    ],
                    [
                        [-51.5378335, -27.1700607, 1.0],
                        [-51.5374254, -27.1697736, 1.0]
                    ],
                    [
                        [-51.5378335, -27.1700607, 1.0],
                        [-51.5375009, -27.1703963, 1.0]
                    ],
                    [
                        [-51.5375009, -27.1703963, 1.0],
                        [-51.5376163, -27.1704942, 1.0]
                    ],
                    [
                        [-51.5376163, -27.1704942, 1.0],
                        [-51.5372455, -27.1707469, 1.0]
                    ],
                    [
                        [-51.5372515, -27.1701911, 1.0],
                        [-51.5375009, -27.1703963, 1.0]
                    ],
                    [
                        [-51.536538, -27.1698726, 1.0],
                        [-51.5366976, -27.1698547, 1.0],
                        [-51.5368263, -27.1698833, 1.0],
                        [-51.5369374, -27.1699407, 1.0],
                        [-51.5370538, -27.1700124, 1.0],
                        [-51.5372515, -27.1701911, 1.0]
                    ],
                    [
                        [-51.5372515, -27.1701911, 1.0],
                        [-51.5365427, -27.1706431, 1.0],
                        [-51.5359064, -27.1709875, 1.0],
                        [-51.5354785, -27.1711882, 1.0],
                        [-51.5341627, -27.1717101, 1.0]
                    ],
                    [
                        [-51.5372455, -27.1707469, 1.0],
                        [-51.5368934, -27.1709697, 1.0],
                        [-51.5366441, -27.1710905, 1.0],
                        [-51.5345044, -27.1718372, 1.0],
                        [-51.534322, -27.1718959, 1.0]
                    ],
                    [
                        [-51.5341627, -27.1717101, 1.0],
                        [-51.5341063, -27.1716086, 1.0],
                        [-51.5341219, -27.171551, 1.0],
                        [-51.5341803, -27.1714773, 1.0],
                        [-51.5342514, -27.1714367, 1.0],
                        [-51.5355552, -27.170788, 1.0],
                        [-51.5360171, -27.1705136, 1.0],
                        [-51.5364961, -27.1702015, 1.0],
                        [-51.536544, -27.1701532, 1.0],
                        [-51.5365696, -27.1700869, 1.0],
                        [-51.536576, -27.1699903, 1.0],
                        [-51.536538, -27.1698726, 1.0]
                    ],
                    [
                        [-51.5331785, -27.1709141, 1.0],
                        [-51.5335742, -27.1709082, 1.0],
                        [-51.5339135, -27.1708855, 1.0],
                        [-51.5342273, -27.1708461, 1.0],
                        [-51.5345708, -27.1707527, 1.0],
                        [-51.5349381, -27.1706481, 1.0],
                        [-51.5356663, -27.1703009, 1.0],
                        [-51.536302, -27.1699752, 1.0],
                        [-51.536538, -27.1698726, 1.0]
                    ],
                    [
                        [-51.5316973, -27.1719659, 1.0],
                        [-51.5319563, -27.1722258, 1.0],
                        [-51.5323806, -27.1726785, 1.0],
                        [-51.5324576, -27.1727397, 1.0],
                        [-51.5325223, -27.172765, 1.0],
                        [-51.5326438, -27.1727902, 1.0],
                        [-51.5337002, -27.173035, 1.0],
                        [-51.5339836, -27.1730602, 1.0],
                        [-51.5341536, -27.1730674, 1.0],
                        [-51.5343195, -27.1730854, 1.0],
                        [-51.5344936, -27.1731683, 1.0],
                        [-51.5346636, -27.1733447, 1.0],
                        [-51.5347912, -27.1734429, 1.0]
                    ],
                    [
                        [-51.534322, -27.1718959, 1.0],
                        [-51.5341627, -27.1717101, 1.0]
                    ],
                    [
                        [-51.534322, -27.1718959, 1.0],
                        [-51.5342299, -27.1719335, 1.0],
                        [-51.5339926, -27.1720036, 1.0],
                        [-51.5338504, -27.1720357, 1.0],
                        [-51.5321472, -27.1720309, 1.0],
                        [-51.5319192, -27.1720261, 1.0],
                        [-51.5318052, -27.1720094, 1.0],
                        [-51.5317697, -27.1720011, 1.0],
                        [-51.5316973, -27.1719659, 1.0]
                    ],
                    [
                        [-51.5314512, -27.171395, 1.0],
                        [-51.5316996, -27.1714254, 1.0],
                        [-51.5321321, -27.1714539, 1.0],
                        [-51.5335029, -27.1714893, 1.0]
                    ],
                    [
                        [-51.5326264, -27.1708338, 1.0],
                        [-51.5327421, -27.1708692, 1.0],
                        [-51.5328795, -27.170901, 1.0],
                        [-51.5331785, -27.1709141, 1.0]
                    ],
                    [
                        [-51.5331785, -27.1709141, 1.0],
                        [-51.5331195, -27.1709893, 1.0],
                        [-51.5330766, -27.1710108, 1.0],
                        [-51.5330388, -27.1710215, 1.0],
                        [-51.5321848, -27.1711003, 1.0],
                        [-51.5316443, -27.1710871, 1.0],
                        [-51.5314566, -27.1710871, 1.0]
                    ],
                    [
                        [-51.5307847, -27.1694406, 1.0],
                        [-51.5312004, -27.1698177, 1.0],
                        [-51.5312634, -27.1698726, 1.0],
                        [-51.5314236, -27.1700716, 1.0],
                        [-51.5315837, -27.1702706, 1.0],
                        [-51.5316466, -27.1703265, 1.0],
                        [-51.5324794, -27.1707737, 1.0],
                        [-51.5326264, -27.1708338, 1.0]
                    ],
                    [
                        [-51.5321553, -27.1701768, 1.0],
                        [-51.5326264, -27.1708338, 1.0]
                    ],
                    [
                        [-51.5321553, -27.1701768, 1.0],
                        [-51.5316018, -27.1699079, 1.0],
                        [-51.531323, -27.1697526, 1.0],
                        [-51.5310304, -27.1695606, 1.0],
                        [-51.5307847, -27.1694406, 1.0]
                    ],
                    [
                        [-51.5296326, -27.1683283, 1.0],
                        [-51.5299068, -27.1684805, 1.0],
                        [-51.5303174, -27.1686819, 1.0],
                        [-51.530728, -27.168915, 1.0],
                        [-51.5312006, -27.1691285, 1.0],
                        [-51.5314241, -27.1693009, 1.0],
                        [-51.5316231, -27.1694694, 1.0],
                        [-51.5317264, -27.1696134, 1.0],
                        [-51.5321553, -27.1701768, 1.0]
                    ],
                    [
                        [-51.5320867, -27.1521711, 1.0],
                        [-51.532076, -27.152027, 1.0],
                        [-51.532067, -27.15192, 1.0],
                        [-51.532094, -27.151789, 1.0],
                        [-51.532179, -27.151627, 1.0],
                        [-51.532257, -27.151534, 1.0],
                        [-51.532359, -27.151447, 1.0],
                        [-51.532864, -27.151092, 1.0],
                        [-51.533352, -27.150779, 1.0],
                        [-51.533566, -27.150661, 1.0],
                        [-51.533823, -27.150563, 1.0],
                        [-51.534195, -27.150461, 1.0],
                        [-51.534505, -27.150355, 1.0],
                        [-51.53489, -27.150182, 1.0],
                        [-51.535477, -27.14987, 1.0],
                        [-51.535708, -27.149816, 1.0],
                        [-51.535867, -27.149822, 1.0],
                        [-51.53622, -27.149924, 1.0],
                        [-51.536768, -27.150189, 1.0],
                        [-51.536942, -27.150259, 1.0],
                        [-51.537103, -27.150306, 1.0],
                        [-51.537427, -27.150369, 1.0],
                        [-51.537626, -27.150428, 1.0],
                        [-51.537988, -27.150584, 1.0],
                        [-51.538196, -27.15065, 1.0],
                        [-51.538497, -27.150717, 1.0],
                        [-51.5386569, -27.1507327, 1.0],
                        [-51.538642, -27.1507839, 1.0],
                        [-51.538609, -27.1508331, 1.0],
                        [-51.5385473, -27.1508899, 1.0],
                        [-51.53846, -27.1509572, 1.0],
                        [-51.5382302, -27.1511361, 1.0],
                        [-51.5378281, -27.1515029, 1.0],
                        [-51.537627, -27.1516788, 1.0],
                        [-51.5375459, -27.151757, 1.0],
                        [-51.5374698, -27.1518472, 1.0],
                        [-51.5373883, -27.1520017, 1.0],
                        [-51.537336, -27.1521223, 1.0],
                        [-51.5371235, -27.1526546, 1.0],
                        [-51.5370204, -27.1529117, 1.0],
                        [-51.5369363, -27.1531509, 1.0],
                        [-51.5369149, -27.1532786, 1.0],
                        [-51.5369108, -27.1533883, 1.0],
                        [-51.5369342, -27.1534845, 1.0],
                        [-51.5369765, -27.1536153, 1.0],
                        [-51.5369849, -27.1537401, 1.0],
                        [-51.5369663, -27.1539461, 1.0],
                        [-51.5369393, -27.1541641, 1.0],
                        [-51.5368835, -27.1543339, 1.0],
                        [-51.5368227, -27.1544888, 1.0],
                        [-51.5367196, -27.1547684, 1.0],
                        [-51.5366047, -27.1550631, 1.0],
                        [-51.5365388, -27.1552601, 1.0],
                        [-51.5365033, -27.1554119, 1.0],
                        [-51.5364442, -27.1557697, 1.0],
                        [-51.5363648, -27.1561877, 1.0],
                        [-51.5363276, -27.1563741, 1.0],
                        [-51.5363107, -27.1564959, 1.0],
                        [-51.5362715, -27.1566257, 1.0],
                        [-51.5361981, -27.1568037, 1.0],
                        [-51.5359469, -27.1573843, 1.0],
                        [-51.535791, -27.1577259, 1.0],
                        [-51.5355442, -27.1580433, 1.0],
                        [-51.5353525, -27.1582688, 1.0],
                        [-51.5350293, -27.158727, 1.0],
                        [-51.5348268, -27.1590492, 1.0],
                        [-51.534761, -27.1592091, 1.0],
                        [-51.5346578, -27.1593893, 1.0],
                        [-51.5344405, -27.1597019, 1.0],
                        [-51.5343788, -27.1598117, 1.0],
                        [-51.5343252, -27.1598904, 1.0],
                        [-51.5342353, -27.1599907, 1.0],
                        [-51.5341562, -27.1600969, 1.0],
                        [-51.5340503, -27.1602985, 1.0],
                        [-51.5339684, -27.1604, 1.0],
                        [-51.5338786, -27.1604727, 1.0],
                        [-51.5337512, -27.1605384, 1.0],
                        [-51.5335809, -27.1606434, 1.0],
                        [-51.533487, -27.1607102, 1.0],
                        [-51.5332094, -27.1610049, 1.0],
                        [-51.5330293, -27.161212, 1.0],
                        [-51.5328754, -27.1613796, 1.0],
                        [-51.5327877, -27.1615142, 1.0],
                        [-51.5326542, -27.1617268, 1.0],
                        [-51.5322357, -27.162426, 1.0],
                        [-51.5321901, -27.1625215, 1.0],
                        [-51.5320561, -27.1626342, 1.0],
                        [-51.5319564, -27.1626958, 1.0],
                        [-51.5318533, -27.16278, 1.0],
                        [-51.5317013, -27.1629213, 1.0],
                        [-51.5316083, -27.1630251, 1.0],
                        [-51.5315221, -27.1631318, 1.0],
                        [-51.5313177, -27.1634234, 1.0],
                        [-51.5310845, -27.1637842, 1.0],
                        [-51.5308611, -27.1640917, 1.0],
                        [-51.5308034, -27.1641526, 1.0],
                        [-51.5306841, -27.1642433, 1.0],
                        [-51.5302532, -27.1645269, 1.0],
                        [-51.5300158, -27.164671, 1.0],
                        [-51.5297936, -27.1648064, 1.0],
                        [-51.5294409, -27.1650701, 1.0],
                        [-51.5293148, -27.1651429, 1.0],
                        [-51.5292196, -27.1651727, 1.0],
                        [-51.5289554, -27.1652455, 1.0],
                        [-51.528765, -27.165298, 1.0],
                        [-51.5285946, -27.1653183, 1.0],
                        [-51.5282097, -27.1652849, 1.0],
                        [-51.5278637, -27.1652765, 1.0],
                        [-51.5275204, -27.1653016, 1.0],
                        [-51.527385, -27.1653243, 1.0],
                        [-51.5272442, -27.1653374, 1.0],
                        [-51.5271248, -27.1653708, 1.0],
                        [-51.5270215, -27.1654305, 1.0],
                        [-51.5268753, -27.1655211, 1.0],
                        [-51.5267278, -27.1655963, 1.0],
                        [-51.5265575, -27.1656548, 1.0],
                        [-51.5263684, -27.1657001, 1.0],
                        [-51.5262517, -27.1657121, 1.0],
                        [-51.5260667, -27.1657097, 1.0],
                        [-51.5257797, -27.1656786, 1.0],
                        [-51.5254538, -27.1656727, 1.0],
                        [-51.5251453, -27.1656894, 1.0],
                        [-51.5249549, -27.1657132, 1.0],
                        [-51.5246397, -27.1658171, 1.0],
                        [-51.5244412, -27.1659065, 1.0],
                        [-51.5242602, -27.1660318, 1.0],
                        [-51.5240631, -27.1662335, 1.0],
                        [-51.5239719, -27.1663576, 1.0],
                        [-51.5239142, -27.1664494, 1.0],
                        [-51.5238485, -27.1666332, 1.0],
                        [-51.5238163, -27.1668098, 1.0],
                        [-51.5237546, -27.166947, 1.0],
                        [-51.5236186, -27.1671719, 1.0],
                        [-51.5235215, -27.1673065, 1.0],
                        [-51.5234004, -27.1674647, 1.0],
                        [-51.523163, -27.1678567, 1.0],
                        [-51.522635, -27.1687441, 1.0],
                        [-51.5225533, -27.1688924, 1.0],
                        [-51.5224866, -27.1690254, 1.0],
                        [-51.5223911, -27.1692705, 1.0],
                        [-51.5220861, -27.1701817, 1.0],
                        [-51.5220553, -27.1702736, 1.0],
                        [-51.5219044, -27.1707246, 1.0],
                        [-51.5218804, -27.1707962, 1.0]
                    ],
                    [
                        [-51.5320867, -27.1521711, 1.0],
                        [-51.532205, -27.152947, 1.0],
                        [-51.532257, -27.153165, 1.0],
                        [-51.532379, -27.153495, 1.0],
                        [-51.532411, -27.153662, 1.0],
                        [-51.532387, -27.153792, 1.0],
                        [-51.532317, -27.1539, 1.0],
                        [-51.532103, -27.154076, 1.0],
                        [-51.531949, -27.154161, 1.0],
                        [-51.531622, -27.154273, 1.0],
                        [-51.531454, -27.154366, 1.0],
                        [-51.531362, -27.15448, 1.0],
                        [-51.5313, -27.154629, 1.0],
                        [-51.531159, -27.155183, 1.0],
                        [-51.531074, -27.155334, 1.0],
                        [-51.530991, -27.155435, 1.0],
                        [-51.530792, -27.155635, 1.0],
                        [-51.530194, -27.156163, 1.0],
                        [-51.530046, -27.156238, 1.0],
                        [-51.529885, -27.156284, 1.0],
                        [-51.52937, -27.156357, 1.0],
                        [-51.529206, -27.156424, 1.0],
                        [-51.529101, -27.156492, 1.0],
                        [-51.528982, -27.156611, 1.0],
                        [-51.528872, -27.15684, 1.0],
                        [-51.5288387, -27.157114, 1.0],
                        [-51.5288257, -27.157242, 1.0]
                    ],
                    [
                        [-51.5320867, -27.1521711, 1.0],
                        [-51.5318217, -27.1522046, 1.0],
                        [-51.5316916, -27.152209, 1.0],
                        [-51.5315202, -27.152162, 1.0],
                        [-51.5312733, -27.1520376, 1.0],
                        [-51.5311415, -27.1519736, 1.0]
                    ],
                    [
                        [-51.5314485, -27.1717338, 1.0],
                        [-51.5316973, -27.1719659, 1.0]
                    ],
                    [
                        [-51.5314512, -27.171395, 1.0],
                        [-51.5314566, -27.1710871, 1.0]
                    ],
                    [
                        [-51.5314566, -27.1710871, 1.0],
                        [-51.5313064, -27.1710919, 1.0],
                        [-51.5311481, -27.1711134, 1.0],
                        [-51.5310395, -27.1711432, 1.0],
                        [-51.530959, -27.1712041, 1.0]
                    ],
                    [
                        [-51.5314485, -27.1717338, 1.0],
                        [-51.5314512, -27.171395, 1.0]
                    ],
                    [
                        [-51.5314485, -27.1717338, 1.0],
                        [-51.531087, -27.1713427, 1.0],
                        [-51.530959, -27.1712041, 1.0]
                    ],
                    [
                        [-51.5313077, -27.1526776, 1.0],
                        [-51.5308696, -27.1531344, 1.0],
                        [-51.5308087, -27.153168, 1.0],
                        [-51.5307386, -27.1531809, 1.0],
                        [-51.5306592, -27.1531586, 1.0],
                        [-51.5304529, -27.1529112, 1.0],
                        [-51.5303711, -27.1528131, 1.0]
                    ],
                    [
                        [-51.5311415, -27.1519736, 1.0],
                        [-51.5306483, -27.1517399, 1.0],
                        [-51.5304851, -27.1516626, 1.0]
                    ],
                    [
                        [-51.5303711, -27.1528131, 1.0],
                        [-51.5305315, -27.1526383, 1.0],
                        [-51.5309814, -27.1521481, 1.0],
                        [-51.5311415, -27.1519736, 1.0]
                    ],
                    [
                        [-51.530959, -27.1712041, 1.0],
                        [-51.5308067, -27.171032, 1.0],
                        [-51.5305413, -27.1706519, 1.0],
                        [-51.5302394, -27.1702758, 1.0],
                        [-51.5301302, -27.1701398, 1.0]
                    ],
                    [
                        [-51.530959, -27.1712041, 1.0],
                        [-51.5306854, -27.1713833, 1.0],
                        [-51.5305211, -27.1714856, 1.0]
                    ],
                    [
                        [-51.5308179, -27.1501418, 1.0],
                        [-51.5305297, -27.1499759, 1.0],
                        [-51.530302, -27.1498449, 1.0]
                    ],
                    [
                        [-51.5304851, -27.1516626, 1.0],
                        [-51.5305941, -27.1515086, 1.0],
                        [-51.5312165, -27.1506294, 1.0],
                        [-51.5312522, -27.150578, 1.0],
                        [-51.5312681, -27.1505192, 1.0],
                        [-51.5312628, -27.150459, 1.0],
                        [-51.5312367, -27.1504032, 1.0],
                        [-51.5311924, -27.1503573, 1.0],
                        [-51.5310687, -27.1502861, 1.0],
                        [-51.5308179, -27.1501418, 1.0]
                    ],
                    [
                        [-51.5299011, -27.1514228, 1.0],
                        [-51.5300234, -27.1512519, 1.0],
                        [-51.5307274, -27.1502682, 1.0],
                        [-51.5308179, -27.1501418, 1.0]
                    ],
                    [
                        [-51.5289535, -27.1687791, 1.0],
                        [-51.5292411, -27.1687725, 1.0],
                        [-51.5295347, -27.1687933, 1.0],
                        [-51.5297171, -27.16885, 1.0],
                        [-51.5299051, -27.1689344, 1.0],
                        [-51.5301342, -27.1690492, 1.0],
                        [-51.5304226, -27.1691937, 1.0],
                        [-51.5307847, -27.1694406, 1.0]
                    ],
                    [
                        [-51.5295495, -27.1705156, 1.0],
                        [-51.5301356, -27.1712828, 1.0],
                        [-51.5302521, -27.1714022, 1.0],
                        [-51.5303416, -27.1714534, 1.0],
                        [-51.5304335, -27.1714647, 1.0],
                        [-51.5305211, -27.1714856, 1.0]
                    ],
                    [
                        [-51.5305211, -27.1714856, 1.0],
                        [-51.5304596, -27.1715202, 1.0],
                        [-51.5303828, -27.1715506, 1.0],
                        [-51.5302643, -27.1715799, 1.0],
                        [-51.5298982, -27.1715346, 1.0],
                        [-51.5294771, -27.1714773, 1.0],
                        [-51.5294016, -27.1714405, 1.0],
                        [-51.529257, -27.1713165, 1.0],
                        [-51.5289232, -27.1708867, 1.0]
                    ],
                    [
                        [-51.5304851, -27.1516626, 1.0],
                        [-51.530206, -27.151548, 1.0],
                        [-51.5299011, -27.1514228, 1.0]
                    ],
                    [
                        [-51.5303711, -27.1528131, 1.0],
                        [-51.5302188, -27.152637, 1.0],
                        [-51.5301731, -27.1525841, 1.0],
                        [-51.5301361, -27.1524726, 1.0],
                        [-51.5301544, -27.1523597, 1.0],
                        [-51.5303562, -27.1518387, 1.0],
                        [-51.5304851, -27.1516626, 1.0]
                    ],
                    [
                        [-51.530302, -27.1498449, 1.0],
                        [-51.5300202, -27.1496827, 1.0],
                        [-51.5297949, -27.149553, 1.0],
                        [-51.5297018, -27.1496773, 1.0],
                        [-51.5288968, -27.1507519, 1.0],
                        [-51.5287811, -27.1509063, 1.0],
                        [-51.528765, -27.1509564, 1.0],
                        [-51.5290693, -27.1510813, 1.0],
                        [-51.5293353, -27.1511905, 1.0]
                    ],
                    [
                        [-51.5293353, -27.1511905, 1.0],
                        [-51.5294711, -27.1510015, 1.0],
                        [-51.5302103, -27.1499726, 1.0],
                        [-51.530302, -27.1498449, 1.0]
                    ],
                    [
                        [-51.5301302, -27.1701398, 1.0],
                        [-51.5297125, -27.1696345, 1.0],
                        [-51.5296789, -27.1696345, 1.0],
                        [-51.5296329, -27.1696238, 1.0],
                        [-51.5295619, -27.1695676, 1.0],
                        [-51.5294959, -27.1695277, 1.0],
                        [-51.529385, -27.1694914, 1.0],
                        [-51.5292959, -27.1694681, 1.0],
                        [-51.5292171, -27.1694644, 1.0],
                        [-51.5291539, -27.1694756, 1.0],
                        [-51.5290426, -27.1695289, 1.0],
                        [-51.5289651, -27.169578, 1.0],
                        [-51.5288748, -27.1696352, 1.0]
                    ],
                    [
                        [-51.5301302, -27.1701398, 1.0],
                        [-51.5295495, -27.1705156, 1.0]
                    ],
                    [
                        [-51.5299011, -27.1514228, 1.0],
                        [-51.5296313, -27.151312, 1.0],
                        [-51.5293353, -27.1511905, 1.0]
                    ],
                    [
                        [-51.5298519, -27.1680215, 1.0],
                        [-51.5296997, -27.1678643, 1.0],
                        [-51.52954, -27.1676512, 1.0],
                        [-51.5293814, -27.167476, 1.0],
                        [-51.5292345, -27.1673842, 1.0],
                        [-51.5290759, -27.1673425, 1.0],
                        [-51.5288396, -27.1673226, 1.0],
                        [-51.5286534, -27.1673491, 1.0],
                        [-51.5282851, -27.1674372, 1.0],
                        [-51.5279881, -27.167495, 1.0]
                    ],
                    [
                        [-51.5289152, -27.1679514, 1.0],
                        [-51.5296326, -27.1683283, 1.0]
                    ],
                    [
                        [-51.5296326, -27.1683283, 1.0],
                        [-51.5283415, -27.1687734, 1.0]
                    ],
                    [
                        [-51.5288748, -27.1696352, 1.0],
                        [-51.5295495, -27.1705156, 1.0]
                    ],
                    [
                        [-51.5295495, -27.1705156, 1.0],
                        [-51.5289232, -27.1708867, 1.0]
                    ],
                    [
                        [-51.5283415, -27.1687734, 1.0],
                        [-51.5289535, -27.1687791, 1.0]
                    ],
                    [
                        [-51.5278731, -27.169548, 1.0],
                        [-51.5278838, -27.1695045, 1.0],
                        [-51.5279125, -27.1694732, 1.0],
                        [-51.5283484, -27.1691868, 1.0],
                        [-51.5288721, -27.1688372, 1.0],
                        [-51.5289535, -27.1687791, 1.0]
                    ],
                    [
                        [-51.5289232, -27.1708867, 1.0],
                        [-51.5282621, -27.1700026, 1.0]
                    ],
                    [
                        [-51.5278785, -27.1678878, 1.0],
                        [-51.5280589, -27.1678776, 1.0],
                        [-51.528267, -27.1678491, 1.0],
                        [-51.5286054, -27.1678049, 1.0],
                        [-51.5286858, -27.1678251, 1.0],
                        [-51.5289152, -27.1679514, 1.0]
                    ],
                    [
                        [-51.5289152, -27.1679514, 1.0],
                        [-51.5285302, -27.1680301, 1.0],
                        [-51.5283211, -27.1680949, 1.0]
                    ],
                    [
                        [-51.5288748, -27.1696352, 1.0],
                        [-51.5283617, -27.1699429, 1.0],
                        [-51.5282621, -27.1700026, 1.0]
                    ],
                    [
                        [-51.5266581, -27.1708581, 1.0],
                        [-51.5264068, -27.1706827, 1.0],
                        [-51.5262409, -27.1705663, 1.0],
                        [-51.5261274, -27.1704867, 1.0],
                        [-51.5260251, -27.1704024, 1.0],
                        [-51.5259499, -27.1703217, 1.0],
                        [-51.5258826, -27.170237, 1.0],
                        [-51.5258358, -27.170147, 1.0],
                        [-51.525802, -27.1700602, 1.0],
                        [-51.5257721, -27.1699567, 1.0],
                        [-51.525766, -27.1698557, 1.0],
                        [-51.5257671, -27.1697553, 1.0],
                        [-51.5257938, -27.1696522, 1.0],
                        [-51.5258243, -27.1695831, 1.0],
                        [-51.5258843, -27.1695027, 1.0],
                        [-51.5259272, -27.1694609, 1.0],
                        [-51.5260251, -27.1694037, 1.0],
                        [-51.5265907, -27.1692584, 1.0],
                        [-51.5272777, -27.1690803, 1.0],
                        [-51.5276051, -27.1689649, 1.0],
                        [-51.5276539, -27.1689477, 1.0],
                        [-51.5279657, -27.1688397, 1.0],
                        [-51.5281701, -27.1687971, 1.0],
                        [-51.5283415, -27.1687734, 1.0]
                    ],
                    [
                        [-51.5282621, -27.1700026, 1.0],
                        [-51.5278731, -27.169548, 1.0]
                    ],
                    [
                        [-51.5279881, -27.167495, 1.0],
                        [-51.5277591, -27.1674829, 1.0],
                        [-51.5275048, -27.1674599, 1.0]
                    ],
                    [
                        [-51.5279881, -27.167495, 1.0],
                        [-51.5279157, -27.1676332, 1.0],
                        [-51.5278774, -27.1677222, 1.0],
                        [-51.5278721, -27.1678151, 1.0],
                        [-51.5278785, -27.1678878, 1.0]
                    ],
                    [
                        [-51.5244352, -27.1703719, 1.0],
                        [-51.5241929, -27.1697922, 1.0],
                        [-51.5241448, -27.1696955, 1.0],
                        [-51.5241029, -27.1695943, 1.0],
                        [-51.5240926, -27.1695456, 1.0],
                        [-51.5240912, -27.1694836, 1.0],
                        [-51.52411, -27.1694335, 1.0],
                        [-51.5241958, -27.1693858, 1.0],
                        [-51.524749, -27.1692505, 1.0],
                        [-51.5253595, -27.1690578, 1.0],
                        [-51.5262692, -27.1686369, 1.0],
                        [-51.526839, -27.1684247, 1.0],
                        [-51.5271228, -27.1682887, 1.0],
                        [-51.527663, -27.1679678, 1.0],
                        [-51.5278785, -27.1678878, 1.0]
                    ],
                    [
                        [-51.5278731, -27.169548, 1.0],
                        [-51.5273467, -27.1696578, 1.0],
                        [-51.5273266, -27.1696715, 1.0],
                        [-51.5273172, -27.1696954, 1.0],
                        [-51.5273575, -27.1698028, 1.0],
                        [-51.527735, -27.1702591, 1.0]
                    ],
                    [
                        [-51.5274111, -27.173363, 1.0],
                        [-51.5275291, -27.1733564, 1.0],
                        [-51.5276359, -27.1733713, 1.0],
                        [-51.5277761, -27.1734006, 1.0],
                        [-51.5282283, -27.173614, 1.0],
                        [-51.5291633, -27.1741011, 1.0],
                        [-51.5295672, -27.1742604, 1.0],
                        [-51.530019, -27.1744292, 1.0],
                        [-51.5308056, -27.1747232, 1.0],
                        [-51.5309206, -27.1747516, 1.0],
                        [-51.531014, -27.1747511, 1.0],
                        [-51.5310441, -27.1747128, 1.0],
                        [-51.5310462, -27.1746616, 1.0],
                        [-51.530993, -27.1745707, 1.0],
                        [-51.5309323, -27.174495, 1.0],
                        [-51.5307961, -27.1743596, 1.0],
                        [-51.5303233, -27.1739875, 1.0],
                        [-51.5301438, -27.1738557, 1.0],
                        [-51.5294865, -27.1733851, 1.0],
                        [-51.5289285, -27.172918, 1.0],
                        [-51.5283624, -27.172428, 1.0],
                        [-51.5281191, -27.172213, 1.0],
                        [-51.5278251, -27.1719936, 1.0],
                        [-51.5271355, -27.1716229, 1.0],
                        [-51.5270012, -27.1714851, 1.0]
                    ],
                    [
                        [-51.5270012, -27.1714851, 1.0],
                        [-51.5270527, -27.1714533, 1.0],
                        [-51.5270976, -27.1713762, 1.0],
                        [-51.5271237, -27.1712974, 1.0],
                        [-51.5271209, -27.1712342, 1.0],
                        [-51.527106, -27.1711811, 1.0],
                        [-51.5270711, -27.1711342, 1.0],
                        [-51.5270284, -27.1710858, 1.0],
                        [-51.5266581, -27.1708581, 1.0]
                    ],
                    [
                        [-51.5270012, -27.1714851, 1.0],
                        [-51.5269187, -27.1715119, 1.0],
                        [-51.5260887, -27.171591, 1.0],
                        [-51.5259279, -27.1716194, 1.0],
                        [-51.5257963, -27.1716466, 1.0],
                        [-51.5247482, -27.1719349, 1.0]
                    ],
                    [
                        [-51.5246697, -27.1709333, 1.0],
                        [-51.5247246, -27.1709839, 1.0],
                        [-51.5247598, -27.1710081, 1.0],
                        [-51.5248007, -27.1710188, 1.0],
                        [-51.5250689, -27.1710191, 1.0],
                        [-51.5252835, -27.1710185, 1.0],
                        [-51.5265307, -27.1708879, 1.0],
                        [-51.5266581, -27.1708581, 1.0]
                    ],
                    [
                        [-51.5251641, -27.1688011, 1.0],
                        [-51.5234301, -27.1693482, 1.0],
                        [-51.5234086, -27.1693696, 1.0],
                        [-51.5233945, -27.169418, 1.0],
                        [-51.5234297, -27.1694873, 1.0],
                        [-51.5235011, -27.169576, 1.0],
                        [-51.5242816, -27.1704695, 1.0]
                    ],
                    [
                        [-51.5238132, -27.1707937, 1.0],
                        [-51.5243925, -27.1714441, 1.0],
                        [-51.5247482, -27.1719349, 1.0]
                    ],
                    [
                        [-51.5247482, -27.1719349, 1.0],
                        [-51.5245977, -27.1719731, 1.0],
                        [-51.5243511, -27.1720357, 1.0],
                        [-51.5241619, -27.1720958, 1.0],
                        [-51.524047, -27.1721469, 1.0],
                        [-51.5239135, -27.1722281, 1.0],
                        [-51.5238585, -27.1722756, 1.0],
                        [-51.523802, -27.1723243, 1.0],
                        [-51.5236567, -27.1724821, 1.0],
                        [-51.5236305, -27.1725049, 1.0],
                        [-51.5234887, -27.1726285, 1.0]
                    ],
                    [
                        [-51.5242816, -27.1704695, 1.0],
                        [-51.5246697, -27.1709333, 1.0]
                    ],
                    [
                        [-51.5246697, -27.1709333, 1.0],
                        [-51.5244352, -27.1703719, 1.0]
                    ],
                    [
                        [-51.5244352, -27.1703719, 1.0],
                        [-51.5242816, -27.1704695, 1.0]
                    ],
                    [
                        [-51.5240869, -27.1732971, 1.0],
                        [-51.5243126, -27.173165, 1.0],
                        [-51.5244829, -27.1730338, 1.0],
                        [-51.524576, -27.1729311, 1.0],
                        [-51.5246055, -27.1728935, 1.0],
                        [-51.5246283, -27.1728398, 1.0],
                        [-51.5246391, -27.1727772, 1.0],
                        [-51.5246397, -27.1727294, 1.0],
                        [-51.524629, -27.1727056, 1.0],
                        [-51.5246055, -27.1726889, 1.0],
                        [-51.5245627, -27.1726887, 1.0],
                        [-51.5244329, -27.1727796, 1.0]
                    ],
                    [
                        [-51.5242816, -27.1704695, 1.0],
                        [-51.5240116, -27.1706563, 1.0]
                    ],
                    [
                        [-51.5234887, -27.1726285, 1.0],
                        [-51.5240869, -27.1732971, 1.0]
                    ],
                    [
                        [-51.5221533, -27.1739112, 1.0],
                        [-51.5222861, -27.1738933, 1.0],
                        [-51.5237045, -27.1734439, 1.0],
                        [-51.5239532, -27.1733609, 1.0],
                        [-51.5240869, -27.1732971, 1.0]
                    ],
                    [
                        [-51.5235539, -27.1700916, 1.0],
                        [-51.5240116, -27.1706563, 1.0]
                    ],
                    [
                        [-51.5240116, -27.1706563, 1.0],
                        [-51.5238132, -27.1707937, 1.0]
                    ],
                    [
                        [-51.5238132, -27.1707937, 1.0],
                        [-51.5233522, -27.1711181, 1.0]
                    ],
                    [
                        [-51.5234887, -27.1726285, 1.0],
                        [-51.5229107, -27.1719865, 1.0]
                    ],
                    [
                        [-51.5234887, -27.1726285, 1.0],
                        [-51.5232376, -27.1728218, 1.0],
                        [-51.5228548, -27.1730369, 1.0],
                        [-51.5224015, -27.1732184, 1.0],
                        [-51.5220152, -27.1733111, 1.0],
                        [-51.5217537, -27.1733504, 1.0]
                    ],
                    [
                        [-51.5225342, -27.1700599, 1.0],
                        [-51.522612, -27.1701577, 1.0],
                        [-51.5233522, -27.1711181, 1.0]
                    ],
                    [
                        [-51.5233522, -27.1711181, 1.0],
                        [-51.5231704, -27.1712454, 1.0],
                        [-51.5226038, -27.1716422, 1.0]
                    ],
                    [
                        [-51.5229107, -27.1719865, 1.0],
                        [-51.5226038, -27.1716422, 1.0]
                    ],
                    [
                        [-51.5221627, -27.1724699, 1.0],
                        [-51.5229107, -27.1719865, 1.0]
                    ],
                    [
                        [-51.5226038, -27.1716422, 1.0],
                        [-51.5218804, -27.1707962, 1.0]
                    ],
                    [
                        [-51.5221627, -27.1724699, 1.0],
                        [-51.5216524, -27.1718137, 1.0],
                        [-51.5216216, -27.1717845, 1.0],
                        [-51.5215552, -27.1717535, 1.0]
                    ],
                    [
                        [-51.5210985, -27.173142, 1.0],
                        [-51.5221627, -27.1724699, 1.0]
                    ],
                    [
                        [-51.5217537, -27.1733504, 1.0],
                        [-51.5221533, -27.1739112, 1.0]
                    ],
                    [
                        [-51.5209892, -27.1738635, 1.0],
                        [-51.5212977, -27.1739207, 1.0],
                        [-51.5215458, -27.173947, 1.0],
                        [-51.5218422, -27.1739363, 1.0],
                        [-51.5221533, -27.1739112, 1.0]
                    ],
                    [
                        [-51.5218804, -27.1707962, 1.0],
                        [-51.5216111, -27.1715854, 1.0],
                        [-51.5215552, -27.1717535, 1.0]
                    ],
                    [
                        [-51.5217537, -27.1733504, 1.0],
                        [-51.5216061, -27.1733588, 1.0],
                        [-51.5212937, -27.1733469, 1.0],
                        [-51.5211153, -27.1733087, 1.0]
                    ],
                    [
                        [-51.5215552, -27.1717535, 1.0],
                        [-51.5215351, -27.1718078, 1.0]
                    ],
                    [
                        [-51.5215351, -27.1718078, 1.0],
                        [-51.5214823, -27.1719692, 1.0],
                        [-51.5210985, -27.173142, 1.0]
                    ],
                    [
                        [-51.5202811, -27.1730164, 1.0],
                        [-51.5204544, -27.1724887, 1.0],
                        [-51.5205279, -27.1722647, 1.0],
                        [-51.5205534, -27.1722134, 1.0],
                        [-51.5206017, -27.1721812, 1.0],
                        [-51.521109, -27.1719783, 1.0],
                        [-51.5215351, -27.1718078, 1.0]
                    ],
                    [
                        [-51.5211153, -27.1733087, 1.0],
                        [-51.5210389, -27.1732872, 1.0]
                    ],
                    [
                        [-51.5209892, -27.1738635, 1.0],
                        [-51.5211153, -27.1733087, 1.0]
                    ],
                    [
                        [-51.5210985, -27.173142, 1.0],
                        [-51.5210389, -27.1732872, 1.0]
                    ],
                    [
                        [-51.5210389, -27.1732872, 1.0],
                        [-51.5205682, -27.173119, 1.0],
                        [-51.5202811, -27.1730164, 1.0]
                    ],
                    [
                        [-51.5202758, -27.1737119, 1.0],
                        [-51.5209892, -27.1738635, 1.0]
                    ],
                    [
                        [-51.5209168, -27.1741892, 1.0],
                        [-51.5209892, -27.1738635, 1.0]
                    ],
                    [
                        [-51.5202811, -27.1730164, 1.0],
                        [-51.5199568, -27.1728898, 1.0],
                        [-51.5197632, -27.1728056, 1.0],
                        [-51.519613, -27.172709, 1.0]
                    ],
                    [
                        [-51.519613, -27.172709, 1.0],
                        [-51.5195013, -27.1726314, 1.0],
                        [-51.519397, -27.1725765, 1.0],
                        [-51.5191543, -27.1724931, 1.0],
                        [-51.5180782, -27.1723045, 1.0],
                        [-51.5174065, -27.1721379, 1.0],
                        [-51.5166462, -27.1718808, 1.0]
                    ],
                    [
                        [-51.5195524, -27.1732204, 1.0],
                        [-51.519613, -27.172709, 1.0]
                    ],
                    [
                        [-51.5195524, -27.1732204, 1.0],
                        [-51.5188072, -27.1738546, 1.0],
                        [-51.5188006, -27.1738814, 1.0],
                        [-51.5187985, -27.1739231, 1.0],
                        [-51.518828, -27.1739601, 1.0],
                        [-51.5191667, -27.1742071, 1.0],
                        [-51.5193249, -27.1742811, 1.0],
                        [-51.5193534, -27.1742808, 1.0],
                        [-51.5193776, -27.1742697, 1.0],
                        [-51.5194565, -27.174117, 1.0],
                        [-51.5195524, -27.1732204, 1.0]
                    ]
                ]
            }
        },
        {
            "type": "Feature",
            "properties": {
                "SETOR": "T02",
                "FREQUENCIA": "QUI",
                "TURNO": "TARDE",
                "HORARIO": "13:00 ÀS 21:20",
                "OPERACAO": "DOMICILIAR",
                "FILIAL": "Joaçaba"
            },
            "geometry": {
                "type": "MultiLineString",
                "coordinates": [
                    [
                        [-51.6572106, -27.160524, 1.0],
                        [-51.6573554, -27.1610395, 1.0],
                        [-51.6574413, -27.1611636, 1.0],
                        [-51.6575807, -27.1612972, 1.0],
                        [-51.6585034, -27.1619034, 1.0],
                        [-51.6591042, -27.1622805, 1.0],
                        [-51.6594851, -27.1625, 1.0],
                        [-51.6598802, -27.1627689, 1.0],
                        [-51.660279, -27.1630918, 1.0],
                        [-51.6605955, -27.1633496, 1.0],
                        [-51.6609174, -27.1635357, 1.0],
                        [-51.6612339, -27.1636741, 1.0],
                        [-51.661588, -27.1637887, 1.0],
                        [-51.6619206, -27.163865, 1.0],
                        [-51.6620684, -27.1638827, 1.0],
                        [-51.66228, -27.163908, 1.0],
                        [-51.6627011, -27.1639318, 1.0],
                        [-51.6631946, -27.164013, 1.0],
                        [-51.6634628, -27.1641227, 1.0]
                    ],
                    [
                        [-51.6568834, -27.158295, 1.0],
                        [-51.6568404, -27.1589967, 1.0],
                        [-51.6568512, -27.1592354, 1.0],
                        [-51.6572106, -27.160524, 1.0]
                    ],
                    [
                        [-51.6572106, -27.160524, 1.0],
                        [-51.6561162, -27.1607555, 1.0]
                    ],
                    [
                        [-51.6570336, -27.1571209, 1.0],
                        [-51.6560671, -27.157026, 1.0],
                        [-51.6559768, -27.1570541, 1.0],
                        [-51.655904, -27.1571413, 1.0],
                        [-51.6557698, -27.1580858, 1.0],
                        [-51.6557671, -27.1582032, 1.0]
                    ],
                    [
                        [-51.6561423, -27.1550786, 1.0],
                        [-51.6562718, -27.1551544, 1.0],
                        [-51.6563684, -27.155269, 1.0],
                        [-51.6566983, -27.1557654, 1.0],
                        [-51.6571516, -27.1565147, 1.0],
                        [-51.657114, -27.1566197, 1.0],
                        [-51.6570336, -27.1571209, 1.0]
                    ],
                    [
                        [-51.6570336, -27.1571209, 1.0],
                        [-51.6568834, -27.158295, 1.0]
                    ],
                    [
                        [-51.6568834, -27.158295, 1.0],
                        [-51.6557671, -27.1582032, 1.0]
                    ],
                    [
                        [-51.6561162, -27.1607555, 1.0],
                        [-51.6559097, -27.1595408, 1.0],
                        [-51.655907, -27.1592091, 1.0],
                        [-51.6558185, -27.1587724, 1.0],
                        [-51.6557542, -27.1583452, 1.0],
                        [-51.6557671, -27.1582032, 1.0]
                    ],
                    [
                        [-51.6561162, -27.1607555, 1.0],
                        [-51.6555986, -27.1608462, 1.0]
                    ],
                    [
                        [-51.6555986, -27.1608462, 1.0],
                        [-51.655612, -27.1609488, 1.0],
                        [-51.655679, -27.1610753, 1.0],
                        [-51.6556616, -27.1611278, 1.0],
                        [-51.6556039, -27.1611696, 1.0],
                        [-51.6551131, -27.1615013, 1.0],
                        [-51.6548891, -27.161722, 1.0],
                        [-51.6547939, -27.161827, 1.0],
                        [-51.6547108, -27.1620156, 1.0]
                    ],
                    [
                        [-51.6555986, -27.1608462, 1.0],
                        [-51.6553625, -27.1609274, 1.0],
                        [-51.6551131, -27.1610682, 1.0],
                        [-51.6545579, -27.1614953, 1.0],
                        [-51.6543353, -27.1617721, 1.0],
                        [-51.6540858, -27.1620275, 1.0],
                        [-51.6538122, -27.1622781, 1.0],
                        [-51.6535896, -27.1625597, 1.0],
                        [-51.6533536, -27.1627935, 1.0]
                    ],
                    [
                        [-51.6051609, -27.150709, 1.0],
                        [-51.605657, -27.1504694, 1.0],
                        [-51.6063856, -27.1501174, 1.0],
                        [-51.6072965, -27.1496774, 1.0],
                        [-51.608177, -27.149252, 1.0],
                        [-51.608601, -27.1490999, 1.0]
                    ],
                    [
                        [-51.6071499, -27.1481855, 1.0],
                        [-51.6070398, -27.1482737, 1.0],
                        [-51.6064847, -27.1485912, 1.0],
                        [-51.6048263, -27.1494055, 1.0],
                        [-51.6036369, -27.1499842, 1.0]
                    ],
                    [
                        [-51.6049937, -27.1506633, 1.0],
                        [-51.604923, -27.1506123, 1.0],
                        [-51.6047028, -27.1505035, 1.0],
                        [-51.6039212, -27.1501333, 1.0],
                        [-51.6036369, -27.1499842, 1.0]
                    ],
                    [
                        [-51.5940974, -27.1565015, 1.0],
                        [-51.5951258, -27.1565027, 1.0],
                        [-51.597529, -27.1565377, 1.0],
                        [-51.5996946, -27.1565693, 1.0],
                        [-51.6002716, -27.1564815, 1.0],
                        [-51.6006358, -27.1563546, 1.0],
                        [-51.600969, -27.1561884, 1.0],
                        [-51.6010545, -27.1561125, 1.0],
                        [-51.6013879, -27.1557569, 1.0],
                        [-51.601593, -27.1554678, 1.0],
                        [-51.6017056, -27.1551525, 1.0],
                        [-51.6017888, -27.1547793, 1.0],
                        [-51.6017961, -27.1543098, 1.0],
                        [-51.6018102, -27.1534094, 1.0],
                        [-51.6018451, -27.1531445, 1.0],
                        [-51.6019283, -27.1528581, 1.0],
                        [-51.6020543, -27.1526182, 1.0],
                        [-51.6022307, -27.1523645, 1.0],
                        [-51.6024142, -27.1521704, 1.0],
                        [-51.6026954, -27.151938, 1.0],
                        [-51.6034088, -27.1515657, 1.0],
                        [-51.6038716, -27.1513398, 1.0],
                        [-51.6049082, -27.1508339, 1.0]
                    ],
                    [
                        [-51.6037595, -27.1448225, 1.0],
                        [-51.6039714, -27.1451853, 1.0],
                        [-51.6043443, -27.1457892, 1.0],
                        [-51.6045696, -27.1460517, 1.0],
                        [-51.6048431, -27.1464049, 1.0],
                        [-51.6053504, -27.1471321, 1.0],
                        [-51.6054332, -27.147374, 1.0],
                        [-51.605385, -27.1475076, 1.0],
                        [-51.6051841, -27.147619, 1.0],
                        [-51.6026886, -27.148825, 1.0]
                    ],
                    [
                        [-51.6036369, -27.1499842, 1.0],
                        [-51.6034401, -27.1498382, 1.0],
                        [-51.6031424, -27.1495044, 1.0],
                        [-51.6026886, -27.148825, 1.0]
                    ],
                    [
                        [-51.6036369, -27.1499842, 1.0],
                        [-51.601127, -27.1512413, 1.0],
                        [-51.6006117, -27.1514943, 1.0]
                    ],
                    [
                        [-51.6034197, -27.1103105, 1.0],
                        [-51.603275, -27.1100467, 1.0],
                        [-51.6027909, -27.1093832, 1.0]
                    ],
                    [
                        [-51.6027909, -27.1093832, 1.0],
                        [-51.6032205, -27.1091662, 1.0]
                    ],
                    [
                        [-51.6027909, -27.1093832, 1.0],
                        [-51.6025051, -27.1088682, 1.0],
                        [-51.6024823, -27.108789, 1.0]
                    ],
                    [
                        [-51.6017234, -27.1099201, 1.0],
                        [-51.6027909, -27.1093832, 1.0]
                    ],
                    [
                        [-51.6026886, -27.148825, 1.0],
                        [-51.5998459, -27.150214, 1.0]
                    ],
                    [
                        [-51.6019092, -27.1124661, 1.0],
                        [-51.6024014, -27.1122343, 1.0],
                        [-51.6024931, -27.1122374, 1.0]
                    ],
                    [
                        [-51.6024931, -27.1122374, 1.0],
                        [-51.6025972, -27.112136, 1.0],
                        [-51.6026745, -27.1119923, 1.0],
                        [-51.6027278, -27.1117219, 1.0],
                        [-51.6026113, -27.1115155, 1.0],
                        [-51.6023146, -27.1109843, 1.0]
                    ],
                    [
                        [-51.6024931, -27.1122374, 1.0],
                        [-51.6024351, -27.1123572, 1.0],
                        [-51.601931, -27.1125856, 1.0]
                    ],
                    [
                        [-51.6023146, -27.1109843, 1.0],
                        [-51.6017234, -27.1099201, 1.0]
                    ],
                    [
                        [-51.6023146, -27.1109843, 1.0],
                        [-51.6012743, -27.1114508, 1.0]
                    ],
                    [
                        [-51.602134, -27.1130011, 1.0],
                        [-51.6020571, -27.1128947, 1.0],
                        [-51.601931, -27.1125856, 1.0]
                    ],
                    [
                        [-51.601931, -27.1125856, 1.0],
                        [-51.6018331, -27.1125019, 1.0]
                    ],
                    [
                        [-51.6019092, -27.1124661, 1.0],
                        [-51.601931, -27.1125856, 1.0]
                    ],
                    [
                        [-51.601931, -27.1125856, 1.0],
                        [-51.6008165, -27.1130911, 1.0]
                    ],
                    [
                        [-51.6012743, -27.1114508, 1.0],
                        [-51.6013621, -27.1114806, 1.0],
                        [-51.6018348, -27.112334, 1.0],
                        [-51.6019092, -27.1124661, 1.0]
                    ],
                    [
                        [-51.6018331, -27.1125019, 1.0],
                        [-51.6019092, -27.1124661, 1.0]
                    ],
                    [
                        [-51.6018331, -27.1125019, 1.0],
                        [-51.6012723, -27.1115019, 1.0],
                        [-51.6012743, -27.1114508, 1.0]
                    ],
                    [
                        [-51.6017234, -27.1099201, 1.0],
                        [-51.6016762, -27.1098206, 1.0],
                        [-51.6015978, -27.1096568, 1.0],
                        [-51.6015038, -27.1094977, 1.0],
                        [-51.6014144, -27.109377, 1.0],
                        [-51.6013535, -27.1093083, 1.0]
                    ],
                    [
                        [-51.6012743, -27.1114508, 1.0],
                        [-51.6006904, -27.1104935, 1.0],
                        [-51.6017234, -27.1099201, 1.0]
                    ],
                    [
                        [-51.6012743, -27.1114508, 1.0],
                        [-51.6001644, -27.1119663, 1.0]
                    ],
                    [
                        [-51.6008165, -27.1130911, 1.0],
                        [-51.6007503, -27.112977, 1.0],
                        [-51.6001644, -27.1119663, 1.0]
                    ],
                    [
                        [-51.6008165, -27.1130911, 1.0],
                        [-51.6012803, -27.1139128, 1.0],
                        [-51.6012892, -27.1139717, 1.0],
                        [-51.6012648, -27.1140333, 1.0],
                        [-51.6011795, -27.114093, 1.0],
                        [-51.6002855, -27.1144383, 1.0]
                    ],
                    [
                        [-51.6008165, -27.1130911, 1.0],
                        [-51.5997833, -27.1135674, 1.0]
                    ],
                    [
                        [-51.6002855, -27.1144383, 1.0],
                        [-51.5997833, -27.1135674, 1.0]
                    ],
                    [
                        [-51.6002855, -27.1144383, 1.0],
                        [-51.5997728, -27.1146973, 1.0],
                        [-51.599724, -27.1147425, 1.0],
                        [-51.5996996, -27.1148004, 1.0]
                    ],
                    [
                        [-51.6001644, -27.1119663, 1.0],
                        [-51.5991487, -27.1124381, 1.0]
                    ],
                    [
                        [-51.5997833, -27.1135674, 1.0],
                        [-51.5997189, -27.1134519, 1.0],
                        [-51.5991487, -27.1124381, 1.0]
                    ],
                    [
                        [-51.5997833, -27.1135674, 1.0],
                        [-51.5987649, -27.1140182, 1.0],
                        [-51.5985892, -27.1140111, 1.0],
                        [-51.598307, -27.11411, 1.0],
                        [-51.598147, -27.114163, 1.0],
                        [-51.597509, -27.114304, 1.0],
                        [-51.597259, -27.114393, 1.0],
                        [-51.597028, -27.114497, 1.0],
                        [-51.596762, -27.114643, 1.0],
                        [-51.596523, -27.114818, 1.0],
                        [-51.596315, -27.115044, 1.0],
                        [-51.596136, -27.115318, 1.0],
                        [-51.595983, -27.115456, 1.0],
                        [-51.595855, -27.115526, 1.0],
                        [-51.595671, -27.115597, 1.0],
                        [-51.595326, -27.115685, 1.0],
                        [-51.595082, -27.115779, 1.0],
                        [-51.594863, -27.115925, 1.0],
                        [-51.594647, -27.116096, 1.0],
                        [-51.5943118, -27.1163193, 1.0],
                        [-51.5940836, -27.1160758, 1.0],
                        [-51.5939385, -27.1158678, 1.0],
                        [-51.5936447, -27.1153701, 1.0],
                        [-51.5933757, -27.1149165, 1.0],
                        [-51.5928555, -27.1139872, 1.0]
                    ],
                    [
                        [-51.5991487, -27.1124381, 1.0],
                        [-51.5989885, -27.1122086, 1.0]
                    ],
                    [
                        [-51.5940974, -27.1565015, 1.0],
                        [-51.5939531, -27.1571195, 1.0]
                    ],
                    [
                        [-51.5865538, -27.1587053, 1.0],
                        [-51.5868804, -27.158566, 1.0],
                        [-51.5874141, -27.158418, 1.0],
                        [-51.588153, -27.1583049, 1.0],
                        [-51.588992, -27.1581732, 1.0],
                        [-51.5896313, -27.1579852, 1.0],
                        [-51.5921743, -27.1568742, 1.0],
                        [-51.5927839, -27.1566913, 1.0],
                        [-51.5929969, -27.1566441, 1.0],
                        [-51.5934035, -27.1565601, 1.0],
                        [-51.5937516, -27.1565154, 1.0],
                        [-51.5940974, -27.1565015, 1.0]
                    ],
                    [
                        [-51.5865538, -27.1587053, 1.0],
                        [-51.5865213, -27.158608, 1.0],
                        [-51.5865304, -27.1585295, 1.0],
                        [-51.58661, -27.158403, 1.0],
                        [-51.58713, -27.157955, 1.0],
                        [-51.587191, -27.157886, 1.0],
                        [-51.587225, -27.157822, 1.0],
                        [-51.587242, -27.1577, 1.0],
                        [-51.587193, -27.157586, 1.0],
                        [-51.587142, -27.157532, 1.0],
                        [-51.58703, -27.157458, 1.0],
                        [-51.586869, -27.157416, 1.0],
                        [-51.58674, -27.157407, 1.0],
                        [-51.5865711, -27.157434, 1.0],
                        [-51.586345, -27.157542, 1.0],
                        [-51.586237, -27.157543, 1.0],
                        [-51.58616, -27.157522, 1.0],
                        [-51.585906, -27.157397, 1.0],
                        [-51.585232, -27.156886, 1.0],
                        [-51.584629, -27.156401, 1.0],
                        [-51.584363, -27.156112, 1.0],
                        [-51.583821, -27.155392, 1.0],
                        [-51.583703, -27.155298, 1.0],
                        [-51.583606, -27.155254, 1.0],
                        [-51.583454, -27.155215, 1.0],
                        [-51.583283, -27.155212, 1.0],
                        [-51.582355, -27.155325, 1.0],
                        [-51.582193, -27.155325, 1.0],
                        [-51.582007, -27.155302, 1.0],
                        [-51.581862, -27.155244, 1.0]
                    ],
                    [
                        [-51.5607402, -27.1667799, 1.0],
                        [-51.5610649, -27.1664658, 1.0],
                        [-51.5613753, -27.1662539, 1.0],
                        [-51.5616515, -27.1660986, 1.0],
                        [-51.5619499, -27.1659555, 1.0],
                        [-51.5622631, -27.1658528, 1.0],
                        [-51.5627717, -27.1657167, 1.0],
                        [-51.5633365, -27.1655702, 1.0],
                        [-51.5647948, -27.1651993, 1.0],
                        [-51.5651201, -27.1651165, 1.0],
                        [-51.5656427, -27.1649664, 1.0],
                        [-51.5662804, -27.1647816, 1.0],
                        [-51.5668832, -27.1645618, 1.0],
                        [-51.5671286, -27.1644236, 1.0],
                        [-51.567402, -27.1642696, 1.0],
                        [-51.5679816, -27.163871, 1.0],
                        [-51.5685173, -27.1634218, 1.0],
                        [-51.569151, -27.1627792, 1.0],
                        [-51.5698579, -27.162044, 1.0],
                        [-51.5702811, -27.1617867, 1.0],
                        [-51.5707415, -27.1616409, 1.0],
                        [-51.5710316, -27.1615793, 1.0],
                        [-51.5727435, -27.1611953, 1.0],
                        [-51.5729865, -27.1611111, 1.0],
                        [-51.5732374, -27.1610014, 1.0],
                        [-51.5734191, -27.1608847, 1.0],
                        [-51.5735914, -27.1607293, 1.0],
                        [-51.5737858, -27.1605097, 1.0],
                        [-51.5739977, -27.1601852, 1.0],
                        [-51.5742502, -27.1596554, 1.0],
                        [-51.5744716, -27.1592815, 1.0],
                        [-51.5746146, -27.1590802, 1.0],
                        [-51.5748259, -27.158876, 1.0],
                        [-51.5750291, -27.1587581, 1.0],
                        [-51.5752718, -27.1586602, 1.0],
                        [-51.5754745, -27.1586152, 1.0],
                        [-51.575709, -27.1585815, 1.0],
                        [-51.5759887, -27.1585881, 1.0],
                        [-51.5762956, -27.158637, 1.0],
                        [-51.5768593, -27.1587737, 1.0],
                        [-51.578597, -27.1591957, 1.0],
                        [-51.5794022, -27.1593912, 1.0],
                        [-51.5795775, -27.1594338, 1.0],
                        [-51.5798901, -27.1595108, 1.0],
                        [-51.5806121, -27.1596888, 1.0],
                        [-51.5813308, -27.1598716, 1.0],
                        [-51.5818375, -27.1600005, 1.0],
                        [-51.5823099, -27.1601207, 1.0],
                        [-51.5827873, -27.1602138, 1.0],
                        [-51.5832212, -27.1602545, 1.0],
                        [-51.5836726, -27.1602338, 1.0],
                        [-51.5839809, -27.1601757, 1.0],
                        [-51.584338, -27.1600708, 1.0],
                        [-51.5846783, -27.1599346, 1.0],
                        [-51.5851136, -27.159665, 1.0],
                        [-51.5862986, -27.1588617, 1.0],
                        [-51.5865538, -27.1587053, 1.0]
                    ],
                    [
                        [-51.5817037, -27.1551616, 1.0],
                        [-51.5815803, -27.1550995, 1.0],
                        [-51.581352, -27.154958, 1.0],
                        [-51.581231, -27.154839, 1.0],
                        [-51.580919, -27.154405, 1.0],
                        [-51.580851, -27.15434, 1.0],
                        [-51.580702, -27.154249, 1.0],
                        [-51.580552, -27.154208, 1.0],
                        [-51.580403, -27.154197, 1.0],
                        [-51.580273, -27.154211, 1.0],
                        [-51.579998, -27.154257, 1.0],
                        [-51.579784, -27.154327, 1.0],
                        [-51.579648, -27.154405, 1.0],
                        [-51.579591, -27.154454, 1.0],
                        [-51.579545, -27.154521, 1.0],
                        [-51.579473, -27.154833, 1.0],
                        [-51.57943, -27.154921, 1.0],
                        [-51.579382, -27.154977, 1.0],
                        [-51.579284, -27.155036, 1.0],
                        [-51.57915, -27.155068, 1.0],
                        [-51.578714, -27.155113, 1.0],
                        [-51.578523, -27.155111, 1.0],
                        [-51.57832, -27.155071, 1.0],
                        [-51.5781989, -27.1550195, 1.0],
                        [-51.577633, -27.154741, 1.0],
                        [-51.577436, -27.154682, 1.0],
                        [-51.577306, -27.154674, 1.0],
                        [-51.577207, -27.154685, 1.0],
                        [-51.576133, -27.154937, 1.0],
                        [-51.575405, -27.155081, 1.0],
                        [-51.575038, -27.15509, 1.0],
                        [-51.574379, -27.155049, 1.0],
                        [-51.574216, -27.15501, 1.0],
                        [-51.574137, -27.154974, 1.0],
                        [-51.574016, -27.154894, 1.0],
                        [-51.57389, -27.154766, 1.0],
                        [-51.57375, -27.154668, 1.0],
                        [-51.573451, -27.154573, 1.0],
                        [-51.57216, -27.154374, 1.0],
                        [-51.571902, -27.154352, 1.0],
                        [-51.571612, -27.154361, 1.0],
                        [-51.571428, -27.154401, 1.0],
                        [-51.57127, -27.154457, 1.0],
                        [-51.571018, -27.154565, 1.0],
                        [-51.570891, -27.154636, 1.0],
                        [-51.570707, -27.154773, 1.0],
                        [-51.570123, -27.155279, 1.0],
                        [-51.569998, -27.155369, 1.0],
                        [-51.5697932, -27.1554921, 1.0],
                        [-51.5696227, -27.1555743, 1.0],
                        [-51.569495, -27.155633, 1.0],
                        [-51.5694394, -27.1556446, 1.0],
                        [-51.5693673, -27.1556587, 1.0],
                        [-51.5692378, -27.155685, 1.0],
                        [-51.5690678, -27.1558489, 1.0],
                        [-51.5688318, -27.1563692, 1.0],
                        [-51.5686333, -27.1569372, 1.0],
                        [-51.5684509, -27.1574789, 1.0],
                        [-51.5683275, -27.157739, 1.0],
                        [-51.567995, -27.1579634, 1.0]
                    ],
                    [
                        [-51.5601481, -27.1669757, 1.0],
                        [-51.5604579, -27.1666069, 1.0],
                        [-51.5608442, -27.1662633, 1.0],
                        [-51.5614396, -27.1658719, 1.0],
                        [-51.5618259, -27.1656882, 1.0],
                        [-51.562711, -27.1654233, 1.0],
                        [-51.5640977, -27.1650844, 1.0],
                        [-51.5652055, -27.1648148, 1.0],
                        [-51.5659055, -27.1646143, 1.0],
                        [-51.5666431, -27.1643065, 1.0],
                        [-51.567032, -27.1641347, 1.0],
                        [-51.5677214, -27.1636956, 1.0],
                        [-51.5681237, -27.163383, 1.0],
                        [-51.5682525, -27.1631563, 1.0],
                        [-51.5682887, -27.1630465, 1.0],
                        [-51.5682779, -27.1628962, 1.0],
                        [-51.5681921, -27.1627518, 1.0],
                        [-51.567804, -27.1622984, 1.0],
                        [-51.5676641, -27.1620776, 1.0]
                    ],
                    [
                        [-51.5603178, -27.1673002, 1.0],
                        [-51.5604966, -27.1670624, 1.0],
                        [-51.5607402, -27.1667799, 1.0]
                    ],
                    [
                        [-51.5602266, -27.1672689, 1.0],
                        [-51.5604412, -27.1670556, 1.0],
                        [-51.5607402, -27.1667799, 1.0]
                    ],
                    [
                        [-51.5602266, -27.1672689, 1.0],
                        [-51.5602707, -27.167284, 1.0],
                        [-51.5603178, -27.1673002, 1.0]
                    ],
                    [
                        [-51.5600818, -27.1677464, 1.0],
                        [-51.5602079, -27.1675063, 1.0],
                        [-51.5603178, -27.1673002, 1.0]
                    ],
                    [
                        [-51.5601922, -27.1672742, 1.0],
                        [-51.5602266, -27.1672689, 1.0]
                    ],
                    [
                        [-51.5601481, -27.1669757, 1.0],
                        [-51.5601133, -27.1670925, 1.0],
                        [-51.5601213, -27.1671641, 1.0],
                        [-51.5601546, -27.1672159, 1.0],
                        [-51.5601922, -27.1672742, 1.0]
                    ],
                    [
                        [-51.5599806, -27.1674325, 1.0],
                        [-51.5600463, -27.1673515, 1.0],
                        [-51.5601226, -27.1673049, 1.0],
                        [-51.5601922, -27.1672742, 1.0]
                    ],
                    [
                        [-51.5599806, -27.1674325, 1.0],
                        [-51.5599899, -27.1672512, 1.0],
                        [-51.5600368, -27.1671092, 1.0],
                        [-51.5601481, -27.1669757, 1.0]
                    ],
                    [
                        [-51.5600818, -27.1677464, 1.0],
                        [-51.5600161, -27.1677094, 1.0],
                        [-51.5599677, -27.16767, 1.0]
                    ],
                    [
                        [-51.5598779, -27.1684421, 1.0],
                        [-51.5599745, -27.1681244, 1.0],
                        [-51.5600818, -27.1677464, 1.0]
                    ],
                    [
                        [-51.5599677, -27.16767, 1.0],
                        [-51.5599806, -27.1674325, 1.0]
                    ],
                    [
                        [-51.5598779, -27.1684421, 1.0],
                        [-51.5599523, -27.1679337, 1.0],
                        [-51.5599618, -27.1677881, 1.0],
                        [-51.5599677, -27.16767, 1.0]
                    ],
                    [
                        [-51.5537619, -27.1730719, 1.0],
                        [-51.5542717, -27.1727578, 1.0],
                        [-51.555576, -27.1719577, 1.0],
                        [-51.5558567, -27.1718527, 1.0],
                        [-51.5562391, -27.1717419, 1.0],
                        [-51.5566315, -27.1716638, 1.0],
                        [-51.5570304, -27.1716189, 1.0],
                        [-51.5575304, -27.1715691, 1.0],
                        [-51.5580135, -27.1714443, 1.0],
                        [-51.5584658, -27.1712483, 1.0],
                        [-51.5588719, -27.1709843, 1.0],
                        [-51.5591579, -27.1707489, 1.0],
                        [-51.559392, -27.1704718, 1.0],
                        [-51.5595668, -27.170162, 1.0],
                        [-51.5596765, -27.1698294, 1.0],
                        [-51.5597458, -27.1695134, 1.0],
                        [-51.5597942, -27.1691206, 1.0],
                        [-51.5598779, -27.1684421, 1.0]
                    ]
                ]
            }
        },
        {
            "type": "Feature",
            "properties": {
                "SETOR": "M02",
                "FREQUENCIA": "TER - QUI - SAB",
                "TURNO": "MANHÇA",
                "HORARIO": "05:00 ÀS 13:20",
                "OPERACAO": "DOMICILIAR",
                "FILIAL": "Joaçaba"
            },
            "geometry": {
                "type": "MultiLineString",
                "coordinates": [
                    [
                        [-51.5676188, -27.1580487, 1.0],
                        [-51.5677147, -27.1580338, 1.0],
                        [-51.567995, -27.1579634, 1.0]
                    ],
                    [
                        [-51.5658478, -27.155695, 1.0],
                        [-51.5659015, -27.155775, 1.0],
                        [-51.5675789, -27.1579879, 1.0],
                        [-51.5676188, -27.1580487, 1.0]
                    ],
                    [
                        [-51.5675375, -27.1580635, 1.0],
                        [-51.5676188, -27.1580487, 1.0]
                    ],
                    [
                        [-51.5675375, -27.1580635, 1.0],
                        [-51.5675175, -27.1580003, 1.0],
                        [-51.5658317, -27.155788, 1.0],
                        [-51.5657784, -27.1557311, 1.0]
                    ],
                    [
                        [-51.5667799, -27.1582354, 1.0],
                        [-51.5668601, -27.1582148, 1.0],
                        [-51.5672359, -27.1581185, 1.0],
                        [-51.5675375, -27.1580635, 1.0]
                    ],
                    [
                        [-51.5667799, -27.1582354, 1.0],
                        [-51.5667244, -27.1581408, 1.0],
                        [-51.5661189, -27.1571092, 1.0],
                        [-51.5654187, -27.1559182, 1.0],
                        [-51.5657103, -27.1557665, 1.0],
                        [-51.5657784, -27.1557311, 1.0]
                    ],
                    [
                        [-51.5585254, -27.166527, 1.0],
                        [-51.5585387, -27.1665176, 1.0],
                        [-51.5599188, -27.165545, 1.0],
                        [-51.5601457, -27.1653485, 1.0],
                        [-51.5606672, -27.1648219, 1.0],
                        [-51.5608683, -27.1645213, 1.0],
                        [-51.5609998, -27.1640726, 1.0],
                        [-51.5611339, -27.1638054, 1.0],
                        [-51.5616542, -27.1633352, 1.0],
                        [-51.5624723, -27.162531, 1.0],
                        [-51.5628934, -27.1618867, 1.0],
                        [-51.5637195, -27.1606386, 1.0],
                        [-51.5641969, -27.1598869, 1.0],
                        [-51.5646046, -27.1595337, 1.0],
                        [-51.5658701, -27.1586567, 1.0],
                        [-51.5661788, -27.1585131, 1.0],
                        [-51.5665586, -27.1583357, 1.0],
                        [-51.5667799, -27.1582354, 1.0]
                    ],
                    [
                        [-51.5663829, -27.1554289, 1.0],
                        [-51.5656722, -27.1541759, 1.0],
                        [-51.5656534, -27.1539945, 1.0],
                        [-51.5657043, -27.1536676, 1.0],
                        [-51.5657419, -27.1535124, 1.0],
                        [-51.5658084, -27.1534134, 1.0]
                    ],
                    [
                        [-51.5658084, -27.1534134, 1.0],
                        [-51.5668523, -27.1551902, 1.0],
                        [-51.5663829, -27.1554289, 1.0]
                    ],
                    [
                        [-51.5663829, -27.1554289, 1.0],
                        [-51.5658478, -27.155695, 1.0]
                    ],
                    [
                        [-51.5658478, -27.155695, 1.0],
                        [-51.5657784, -27.1557311, 1.0]
                    ],
                    [
                        [-51.5650468, -27.1522423, 1.0],
                        [-51.5658084, -27.1534134, 1.0]
                    ],
                    [
                        [-51.5647844, -27.15188, 1.0],
                        [-51.5650468, -27.1522423, 1.0]
                    ],
                    [
                        [-51.5650468, -27.1522423, 1.0],
                        [-51.5643525, -27.1528824, 1.0]
                    ],
                    [
                        [-51.5642399, -27.1510113, 1.0],
                        [-51.5647844, -27.15188, 1.0]
                    ],
                    [
                        [-51.5644223, -27.1521545, 1.0],
                        [-51.5647844, -27.15188, 1.0]
                    ],
                    [
                        [-51.5644223, -27.1521545, 1.0],
                        [-51.5637812, -27.1512475, 1.0],
                        [-51.5636122, -27.1512428, 1.0],
                        [-51.5634593, -27.1513048, 1.0],
                        [-51.5633279, -27.1514146, 1.0]
                    ],
                    [
                        [-51.5640628, -27.1524695, 1.0],
                        [-51.5644223, -27.1521545, 1.0]
                    ],
                    [
                        [-51.5633279, -27.1514146, 1.0],
                        [-51.5640628, -27.1524695, 1.0]
                    ],
                    [
                        [-51.5633279, -27.1514146, 1.0],
                        [-51.5631616, -27.1515411, 1.0],
                        [-51.5629604, -27.1517511, 1.0],
                        [-51.5637062, -27.1527893, 1.0],
                        [-51.5640628, -27.1524695, 1.0]
                    ],
                    [
                        [-51.5603842, -27.1679158, 1.0],
                        [-51.5602782, -27.1681604, 1.0],
                        [-51.5600958, -27.1685183, 1.0],
                        [-51.5600261, -27.1686639, 1.0],
                        [-51.5599886, -27.1687975, 1.0],
                        [-51.5599215, -27.1692939, 1.0],
                        [-51.5598786, -27.1696041, 1.0],
                        [-51.5598545, -27.1697353, 1.0],
                        [-51.5598276, -27.169869, 1.0],
                        [-51.5597995, -27.1699954, 1.0],
                        [-51.5597659, -27.1701911, 1.0],
                        [-51.5595675, -27.1706612, 1.0],
                        [-51.5591906, -27.1711408, 1.0],
                        [-51.5591423, -27.1712446, 1.0],
                        [-51.5591383, -27.1713723, 1.0],
                        [-51.559149, -27.1715035, 1.0],
                        [-51.5592768, -27.1716098, 1.0],
                        [-51.5594146, -27.1716897, 1.0],
                        [-51.5595782, -27.1718424, 1.0],
                        [-51.5597847, -27.1720452, 1.0],
                        [-51.5601495, -27.1720786, 1.0],
                        [-51.5605518, -27.1720619, 1.0],
                        [-51.560702, -27.1720786, 1.0],
                        [-51.5609086, -27.1722099, 1.0],
                        [-51.5612116, -27.1724175, 1.0],
                        [-51.5613002, -27.1726155, 1.0],
                        [-51.5613753, -27.1734125, 1.0],
                        [-51.5613377, -27.1737155, 1.0],
                        [-51.5611044, -27.1739494, 1.0],
                        [-51.5606393, -27.1740938, 1.0],
                        [-51.5601254, -27.1742214, 1.0],
                        [-51.5598813, -27.1743121, 1.0],
                        [-51.5598048, -27.1744171, 1.0],
                        [-51.5598115, -27.1745555, 1.0],
                        [-51.5598571, -27.1746414, 1.0],
                        [-51.5599738, -27.1746939, 1.0],
                        [-51.5602528, -27.1747141, 1.0],
                        [-51.5604633, -27.1747798, 1.0],
                        [-51.5606618, -27.1748871, 1.0],
                        [-51.5608683, -27.1749301, 1.0],
                        [-51.5611835, -27.1749611, 1.0],
                        [-51.561622, -27.174917, 1.0],
                        [-51.5620713, -27.1748144, 1.0],
                        [-51.5622564, -27.1747893, 1.0]
                    ],
                    [
                        [-51.5587112, -27.1671218, 1.0],
                        [-51.5584597, -27.1669453, 1.0],
                        [-51.5584217, -27.1669157, 1.0],
                        [-51.558375, -27.1668793, 1.0]
                    ],
                    [
                        [-51.5585216, -27.16677, 1.0],
                        [-51.5585739, -27.1668671, 1.0],
                        [-51.5587112, -27.1671218, 1.0]
                    ],
                    [
                        [-51.5587112, -27.1671218, 1.0],
                        [-51.55886, -27.1674218, 1.0],
                        [-51.5589076, -27.1675543, 1.0],
                        [-51.5589599, -27.1679122, 1.0],
                        [-51.5589787, -27.1680721, 1.0],
                        [-51.5591457, -27.1687832, 1.0],
                        [-51.5591765, -27.1689473, 1.0],
                        [-51.5591966, -27.169177, 1.0],
                        [-51.5591973, -27.1693291, 1.0],
                        [-51.5591651, -27.1696363, 1.0],
                        [-51.5590914, -27.1699262, 1.0],
                        [-51.5590417, -27.1700485, 1.0],
                        [-51.5589695, -27.1701689, 1.0],
                        [-51.5588832, -27.1702576, 1.0],
                        [-51.5585673, -27.170443, 1.0],
                        [-51.5569815, -27.1712348, 1.0],
                        [-51.5567472, -27.1713496, 1.0],
                        [-51.5564662, -27.1714618, 1.0],
                        [-51.556318, -27.1715089, 1.0],
                        [-51.5558446, -27.1716188, 1.0],
                        [-51.5551358, -27.1717833, 1.0],
                        [-51.5549319, -27.1718382, 1.0],
                        [-51.5544672, -27.1719987, 1.0],
                        [-51.5542902, -27.1720715, 1.0],
                        [-51.5537377, -27.1723447, 1.0],
                        [-51.5534923, -27.1724866, 1.0],
                        [-51.5531999, -27.1726805, 1.0],
                        [-51.5531235, -27.1727551, 1.0],
                        [-51.5530886, -27.1728347, 1.0],
                        [-51.5530698, -27.1729353, 1.0],
                        [-51.5530943, -27.1730564, 1.0],
                        [-51.5531335, -27.1731363, 1.0]
                    ],
                    [
                        [-51.5585254, -27.166527, 1.0],
                        [-51.5585146, -27.1665709, 1.0],
                        [-51.5585093, -27.1666463, 1.0],
                        [-51.5585096, -27.1666844, 1.0],
                        [-51.5585087, -27.1667231, 1.0]
                    ],
                    [
                        [-51.5584247, -27.1666651, 1.0],
                        [-51.5584446, -27.1666159, 1.0],
                        [-51.5584599, -27.166587, 1.0],
                        [-51.5584795, -27.1665594, 1.0],
                        [-51.5585254, -27.166527, 1.0]
                    ],
                    [
                        [-51.5585087, -27.1667231, 1.0],
                        [-51.5585216, -27.16677, 1.0]
                    ],
                    [
                        [-51.5585216, -27.16677, 1.0],
                        [-51.5585147, -27.1668083, 1.0],
                        [-51.5584931, -27.166842, 1.0],
                        [-51.5584597, -27.166867, 1.0],
                        [-51.5584186, -27.1668799, 1.0],
                        [-51.558375, -27.1668793, 1.0]
                    ],
                    [
                        [-51.5584247, -27.1666651, 1.0],
                        [-51.5584741, -27.1666856, 1.0],
                        [-51.5585087, -27.1667231, 1.0]
                    ],
                    [
                        [-51.5583917, -27.1666628, 1.0],
                        [-51.5584247, -27.1666651, 1.0]
                    ],
                    [
                        [-51.5582572, -27.166554, 1.0],
                        [-51.5583917, -27.1666628, 1.0]
                    ],
                    [
                        [-51.5582869, -27.1667264, 1.0],
                        [-51.5583047, -27.1667015, 1.0],
                        [-51.5583293, -27.1666817, 1.0],
                        [-51.5583591, -27.1666684, 1.0],
                        [-51.5583917, -27.1666628, 1.0]
                    ],
                    [
                        [-51.558375, -27.1668793, 1.0],
                        [-51.5583249, -27.1668595, 1.0]
                    ],
                    [
                        [-51.5583249, -27.1668595, 1.0],
                        [-51.5582386, -27.1668592, 1.0],
                        [-51.5581524, -27.166878, 1.0],
                        [-51.5580021, -27.1669449, 1.0]
                    ],
                    [
                        [-51.5583249, -27.1668595, 1.0],
                        [-51.5582964, -27.1668327, 1.0],
                        [-51.5582795, -27.1667989, 1.0],
                        [-51.5582762, -27.1667621, 1.0]
                    ],
                    [
                        [-51.5582869, -27.1667264, 1.0],
                        [-51.5582572, -27.166554, 1.0]
                    ],
                    [
                        [-51.5582762, -27.1667621, 1.0],
                        [-51.5582869, -27.1667264, 1.0]
                    ],
                    [
                        [-51.5580021, -27.1669449, 1.0],
                        [-51.5581366, -27.1668552, 1.0],
                        [-51.5582084, -27.1668073, 1.0],
                        [-51.5582762, -27.1667621, 1.0]
                    ],
                    [
                        [-51.5566653, -27.1652396, 1.0],
                        [-51.5571588, -27.1647587, 1.0],
                        [-51.557191, -27.1647396, 1.0],
                        [-51.5572447, -27.1647253, 1.0],
                        [-51.5572943, -27.1647181, 1.0],
                        [-51.5573505, -27.1647349, 1.0],
                        [-51.5573828, -27.1647666, 1.0],
                        [-51.557423, -27.164915, 1.0],
                        [-51.557474, -27.1651644, 1.0],
                        [-51.557541, -27.1653517, 1.0],
                        [-51.5576403, -27.1655522, 1.0],
                        [-51.5577368, -27.1657132, 1.0],
                        [-51.5578272, -27.1658212, 1.0],
                        [-51.5579139, -27.1659221, 1.0],
                        [-51.5579957, -27.1660294, 1.0],
                        [-51.5580587, -27.1661429, 1.0],
                        [-51.5581296, -27.1662842, 1.0],
                        [-51.5581921, -27.1664225, 1.0],
                        [-51.5582572, -27.166554, 1.0]
                    ],
                    [
                        [-51.5580021, -27.1669449, 1.0],
                        [-51.5567508, -27.1679754, 1.0],
                        [-51.5566693, -27.168059, 1.0]
                    ],
                    [
                        [-51.5573224, -27.1668156, 1.0],
                        [-51.5566863, -27.1672203, 1.0],
                        [-51.5562073, -27.1674684, 1.0]
                    ],
                    [
                        [-51.556963, -27.1661142, 1.0],
                        [-51.5557454, -27.1668889, 1.0]
                    ],
                    [
                        [-51.5566693, -27.168059, 1.0],
                        [-51.5562073, -27.1674684, 1.0]
                    ],
                    [
                        [-51.5566693, -27.168059, 1.0],
                        [-51.5565969, -27.1681509, 1.0],
                        [-51.5564843, -27.1682618, 1.0],
                        [-51.5563475, -27.1683668, 1.0],
                        [-51.5562724, -27.1684134, 1.0],
                        [-51.5561463, -27.1684682, 1.0],
                        [-51.5556152, -27.1686484, 1.0],
                        [-51.5554717, -27.1686902, 1.0]
                    ],
                    [
                        [-51.5566653, -27.1652396, 1.0],
                        [-51.5565447, -27.1652019, 1.0],
                        [-51.5564214, -27.1651462, 1.0],
                        [-51.5563403, -27.1650636, 1.0],
                        [-51.556276, -27.1650019, 1.0],
                        [-51.5562137, -27.164921, 1.0],
                        [-51.5561797, -27.1648878, 1.0],
                        [-51.5560873, -27.164816, 1.0]
                    ],
                    [
                        [-51.5552462, -27.1662865, 1.0],
                        [-51.5561087, -27.1657467, 1.0],
                        [-51.5561342, -27.1657323, 1.0],
                        [-51.5566653, -27.1652396, 1.0]
                    ],
                    [
                        [-51.5562073, -27.1674684, 1.0],
                        [-51.5559791, -27.1672262, 1.0]
                    ],
                    [
                        [-51.5560873, -27.164816, 1.0],
                        [-51.5558837, -27.1645914, 1.0],
                        [-51.5555825, -27.1642136, 1.0]
                    ],
                    [
                        [-51.5560873, -27.164816, 1.0],
                        [-51.5547202, -27.1656935, 1.0]
                    ],
                    [
                        [-51.5559791, -27.1672262, 1.0],
                        [-51.5558541, -27.1671403, 1.0],
                        [-51.5557986, -27.1670906, 1.0],
                        [-51.555664, -27.1669414, 1.0]
                    ],
                    [
                        [-51.5557454, -27.1668889, 1.0],
                        [-51.5559791, -27.1672262, 1.0]
                    ],
                    [
                        [-51.5552462, -27.1662865, 1.0],
                        [-51.5557454, -27.1668889, 1.0]
                    ],
                    [
                        [-51.5557454, -27.1668889, 1.0],
                        [-51.555664, -27.1669414, 1.0]
                    ],
                    [
                        [-51.555664, -27.1669414, 1.0],
                        [-51.5551837, -27.1663256, 1.0]
                    ],
                    [
                        [-51.555664, -27.1669414, 1.0],
                        [-51.5549019, -27.1674325, 1.0]
                    ],
                    [
                        [-51.5555825, -27.1642136, 1.0],
                        [-51.5555036, -27.1641239, 1.0],
                        [-51.5554382, -27.1640637, 1.0],
                        [-51.5553584, -27.1639915, 1.0],
                        [-51.5553068, -27.1639032, 1.0],
                        [-51.55529, -27.1638262, 1.0],
                        [-51.5552565, -27.1636896, 1.0],
                        [-51.5552115, -27.1635846, 1.0],
                        [-51.5551693, -27.1635159, 1.0],
                        [-51.5551144, -27.1634573, 1.0],
                        [-51.5550417, -27.1633889, 1.0],
                        [-51.5549395, -27.1633099, 1.0],
                        [-51.5547917, -27.1631972, 1.0],
                        [-51.5546903, -27.1631363, 1.0],
                        [-51.5545864, -27.1630942, 1.0],
                        [-51.5544824, -27.1630529, 1.0],
                        [-51.5543853, -27.163004, 1.0],
                        [-51.5543261, -27.1629551, 1.0],
                        [-51.554229, -27.1628695, 1.0]
                    ],
                    [
                        [-51.5555825, -27.1642136, 1.0],
                        [-51.5550989, -27.1645296, 1.0],
                        [-51.5550251, -27.1645308, 1.0],
                        [-51.55497, -27.1645059, 1.0],
                        [-51.5548977, -27.1644497, 1.0],
                        [-51.554541, -27.1639843, 1.0]
                    ],
                    [
                        [-51.5549019, -27.1674325, 1.0],
                        [-51.5554717, -27.1686902, 1.0]
                    ],
                    [
                        [-51.5554717, -27.1686902, 1.0],
                        [-51.5548026, -27.1688819, 1.0],
                        [-51.5536585, -27.1691268, 1.0],
                        [-51.5534796, -27.1691735, 1.0],
                        [-51.5532951, -27.1692414, 1.0],
                        [-51.5531011, -27.1693614, 1.0],
                        [-51.552895, -27.1695298, 1.0],
                        [-51.552753, -27.1696876, 1.0],
                        [-51.5525503, -27.1699026, 1.0],
                        [-51.5519044, -27.170425, 1.0],
                        [-51.551604, -27.1706123, 1.0],
                        [-51.5511698, -27.1709323, 1.0],
                        [-51.5509518, -27.1711067, 1.0],
                        [-51.5508555, -27.1712029, 1.0],
                        [-51.550793, -27.1712795, 1.0],
                        [-51.5507349, -27.1713496, 1.0],
                        [-51.5506866, -27.1714509, 1.0],
                        [-51.5506021, -27.1716313, 1.0],
                        [-51.5504889, -27.1719184, 1.0],
                        [-51.5503892, -27.1721259, 1.0],
                        [-51.5502124, -27.1724344, 1.0],
                        [-51.5501017, -27.1725878, 1.0],
                        [-51.5499491, -27.1727229, 1.0],
                        [-51.5497824, -27.1728246, 1.0],
                        [-51.5496246, -27.1728554, 1.0],
                        [-51.5494449, -27.1728909, 1.0],
                        [-51.5492377, -27.1729436, 1.0],
                        [-51.5491012, -27.1729666, 1.0],
                        [-51.5489245, -27.1730007, 1.0],
                        [-51.5487882, -27.1730196, 1.0],
                        [-51.5486541, -27.1729931, 1.0],
                        [-51.5485674, -27.1729428, 1.0],
                        [-51.5484799, -27.1728533, 1.0],
                        [-51.5483242, -27.1726259, 1.0],
                        [-51.5482127, -27.1724887, 1.0],
                        [-51.548093, -27.1723817, 1.0],
                        [-51.5479466, -27.1722707, 1.0],
                        [-51.5478141, -27.172186, 1.0],
                        [-51.5474694, -27.1719876, 1.0],
                        [-51.547172, -27.1718327, 1.0],
                        [-51.5459909, -27.1712871, 1.0],
                        [-51.544536, -27.1706138, 1.0]
                    ],
                    [
                        [-51.5549747, -27.1660025, 1.0],
                        [-51.5550587, -27.1660718, 1.0],
                        [-51.5552462, -27.1662865, 1.0]
                    ],
                    [
                        [-51.5551837, -27.1663256, 1.0],
                        [-51.5552462, -27.1662865, 1.0]
                    ],
                    [
                        [-51.5551837, -27.1663256, 1.0],
                        [-51.5550171, -27.1661213, 1.0],
                        [-51.5549747, -27.1660025, 1.0]
                    ],
                    [
                        [-51.5538616, -27.1671718, 1.0],
                        [-51.5551837, -27.1663256, 1.0]
                    ],
                    [
                        [-51.5547202, -27.1656935, 1.0],
                        [-51.5549747, -27.1660025, 1.0]
                    ],
                    [
                        [-51.5549019, -27.1674325, 1.0],
                        [-51.5545224, -27.1676771, 1.0]
                    ],
                    [
                        [-51.5547202, -27.1656935, 1.0],
                        [-51.553609, -27.1664067, 1.0]
                    ],
                    [
                        [-51.553609, -27.1664067, 1.0],
                        [-51.553151, -27.1658129, 1.0]
                    ],
                    [
                        [-51.553609, -27.1664067, 1.0],
                        [-51.5534779, -27.1664909, 1.0]
                    ],
                    [
                        [-51.5435192, -27.1780723, 1.0],
                        [-51.5448611, -27.1776598, 1.0],
                        [-51.5458657, -27.1773392, 1.0],
                        [-51.546212, -27.1772279, 1.0],
                        [-51.5465109, -27.1771408, 1.0],
                        [-51.5468131, -27.1770546, 1.0],
                        [-51.5473964, -27.1768632, 1.0],
                        [-51.5476584, -27.1767769, 1.0],
                        [-51.5481761, -27.1765359, 1.0],
                        [-51.5486356, -27.1762762, 1.0],
                        [-51.5490513, -27.1760211, 1.0],
                        [-51.5501622, -27.1753394, 1.0],
                        [-51.5506933, -27.1750135, 1.0],
                        [-51.5512143, -27.1746757, 1.0],
                        [-51.5513614, -27.1745593, 1.0],
                        [-51.5516928, -27.1743055, 1.0],
                        [-51.5518508, -27.1742092, 1.0],
                        [-51.5521978, -27.1739977, 1.0],
                        [-51.5528944, -27.1735589, 1.0],
                        [-51.5534474, -27.1732464, 1.0]
                    ],
                    [
                        [-51.548437063155355, -27.179382005651131, 1.0],
                        [-51.5479481, -27.1791391, 1.0],
                        [-51.5477845, -27.1790795, 1.0],
                        [-51.5475632, -27.1790067, 1.0],
                        [-51.5473714, -27.1789149, 1.0],
                        [-51.5470469, -27.1787455, 1.0],
                        [-51.5467867, -27.1786238, 1.0],
                        [-51.5461537, -27.1782682, 1.0],
                        [-51.5458101, -27.1780904, 1.0],
                        [-51.5455955, -27.1779642, 1.0],
                        [-51.5454605, -27.1778653, 1.0],
                        [-51.5453472, -27.1777823, 1.0],
                        [-51.5448287, -27.1778745, 1.0],
                        [-51.5437594, -27.1782223, 1.0],
                        [-51.5424974, -27.1787034, 1.0],
                        [-51.5421849, -27.1787875, 1.0],
                        [-51.5420455, -27.1788407, 1.0],
                        [-51.5414625, -27.1790045, 1.0],
                        [-51.5409664, -27.1791393, 1.0]
                    ],
                    [
                        [-51.5452863, -27.1771931, 1.0],
                        [-51.5467834, -27.1767496, 1.0],
                        [-51.5476451, -27.176428, 1.0],
                        [-51.5482614, -27.1761335, 1.0]
                    ],
                    [
                        [-51.5438982, -27.1767676, 1.0],
                        [-51.5440195, -27.176796, 1.0],
                        [-51.5445156, -27.176885, 1.0],
                        [-51.5448243, -27.1769494, 1.0],
                        [-51.5450137, -27.1770176, 1.0],
                        [-51.5451564, -27.1771009, 1.0],
                        [-51.5452863, -27.1771931, 1.0]
                    ],
                    [
                        [-51.5406261, -27.1786188, 1.0],
                        [-51.5412761, -27.1784019, 1.0],
                        [-51.5416586, -27.1782858, 1.0],
                        [-51.5418275, -27.1782317, 1.0],
                        [-51.5423809, -27.1780739, 1.0],
                        [-51.5452863, -27.1771931, 1.0]
                    ],
                    [
                        [-51.5452793, -27.1695037, 1.0],
                        [-51.5450234, -27.169372, 1.0]
                    ],
                    [
                        [-51.545107, -27.1693014, 1.0],
                        [-51.5452793, -27.1695037, 1.0]
                    ],
                    [
                        [-51.544971, -27.1700951, 1.0],
                        [-51.545225, -27.1697395, 1.0],
                        [-51.5453022, -27.1696511, 1.0],
                        [-51.5453069, -27.169579, 1.0],
                        [-51.5452793, -27.1695037, 1.0]
                    ],
                    [
                        [-51.5450294, -27.1691971, 1.0],
                        [-51.5450506, -27.1692032, 1.0],
                        [-51.5450697, -27.1692134, 1.0],
                        [-51.5450857, -27.1692271, 1.0],
                        [-51.545098, -27.1692436, 1.0],
                        [-51.5451059, -27.1692621, 1.0],
                        [-51.5451089, -27.1692817, 1.0],
                        [-51.545107, -27.1693014, 1.0]
                    ],
                    [
                        [-51.545107, -27.1693014, 1.0],
                        [-51.545101, -27.1693188, 1.0],
                        [-51.5450911, -27.1693347, 1.0],
                        [-51.5450778, -27.1693485, 1.0],
                        [-51.5450616, -27.1693597, 1.0],
                        [-51.5450432, -27.1693676, 1.0],
                        [-51.5450234, -27.169372, 1.0]
                    ],
                    [
                        [-51.5449169, -27.1693184, 1.0],
                        [-51.5449104, -27.1692978, 1.0],
                        [-51.5449095, -27.1692764, 1.0],
                        [-51.5449145, -27.1692554, 1.0],
                        [-51.5449249, -27.1692362, 1.0],
                        [-51.5449402, -27.1692197, 1.0],
                        [-51.5449595, -27.1692069, 1.0],
                        [-51.5449817, -27.1691986, 1.0],
                        [-51.5450055, -27.1691952, 1.0],
                        [-51.5450294, -27.1691971, 1.0]
                    ],
                    [
                        [-51.5450294, -27.1691971, 1.0],
                        [-51.5449002, -27.1690068, 1.0],
                        [-51.544137, -27.1679729, 1.0],
                        [-51.5441448, -27.167917, 1.0],
                        [-51.5441604, -27.1678728, 1.0],
                        [-51.5442355, -27.1677988, 1.0],
                        [-51.5447869, -27.1673696, 1.0],
                        [-51.544795, -27.1672932, 1.0],
                        [-51.5447816, -27.1672288, 1.0],
                        [-51.544744, -27.1671882, 1.0],
                        [-51.544289, -27.1667962, 1.0]
                    ],
                    [
                        [-51.5450234, -27.169372, 1.0],
                        [-51.5450015, -27.1693727, 1.0],
                        [-51.5449799, -27.1693691, 1.0],
                        [-51.5449598, -27.1693614, 1.0],
                        [-51.5449421, -27.16935, 1.0],
                        [-51.5449275, -27.1693354, 1.0],
                        [-51.5449169, -27.1693184, 1.0]
                    ],
                    [
                        [-51.544971, -27.1700951, 1.0],
                        [-51.5448006, -27.1700131, 1.0],
                        [-51.5442711, -27.1697583, 1.0],
                        [-51.5441269, -27.1696889, 1.0]
                    ],
                    [
                        [-51.544536, -27.1706138, 1.0],
                        [-51.5446326, -27.1704944, 1.0],
                        [-51.544971, -27.1700951, 1.0]
                    ],
                    [
                        [-51.5449169, -27.1693184, 1.0],
                        [-51.5446212, -27.169177, 1.0],
                        [-51.5444762, -27.1691105, 1.0]
                    ],
                    [
                        [-51.544536, -27.1706138, 1.0],
                        [-51.5437902, -27.1702492, 1.0]
                    ],
                    [
                        [-51.5444762, -27.1691105, 1.0],
                        [-51.5435203, -27.1686889, 1.0],
                        [-51.5433508, -27.1686043, 1.0]
                    ],
                    [
                        [-51.5441269, -27.1696889, 1.0],
                        [-51.5441935, -27.1695781, 1.0],
                        [-51.5443788, -27.1692699, 1.0],
                        [-51.5444762, -27.1691105, 1.0]
                    ],
                    [
                        [-51.544289, -27.1667962, 1.0],
                        [-51.5442227, -27.1667404, 1.0],
                        [-51.5438283, -27.1664089, 1.0],
                        [-51.543729, -27.166385, 1.0],
                        [-51.5436378, -27.1664136, 1.0],
                        [-51.5429056, -27.1670627, 1.0],
                        [-51.5428868, -27.1671367, 1.0],
                        [-51.5428868, -27.167213, 1.0],
                        [-51.5429324, -27.1672655, 1.0],
                        [-51.5433725, -27.1674837, 1.0],
                        [-51.5434474, -27.1675209, 1.0]
                    ],
                    [
                        [-51.5434474, -27.1675209, 1.0],
                        [-51.544289, -27.1667962, 1.0]
                    ],
                    [
                        [-51.5441269, -27.1696889, 1.0],
                        [-51.5439525, -27.169605, 1.0],
                        [-51.5432792, -27.169281, 1.0],
                        [-51.5430904, -27.1691902, 1.0]
                    ],
                    [
                        [-51.5437902, -27.1702492, 1.0],
                        [-51.5438449, -27.1701581, 1.0],
                        [-51.5441269, -27.1696889, 1.0]
                    ],
                    [
                        [-51.5436874, -27.1763604, 1.0],
                        [-51.5437337, -27.1764607, 1.0],
                        [-51.5438386, -27.1766881, 1.0],
                        [-51.5438982, -27.1767676, 1.0]
                    ],
                    [
                        [-51.5438982, -27.1767676, 1.0],
                        [-51.5430323, -27.1770698, 1.0],
                        [-51.542549, -27.1771465, 1.0],
                        [-51.54213, -27.1771795, 1.0],
                        [-51.5420151, -27.1771826, 1.0],
                        [-51.5419708, -27.1771539, 1.0],
                        [-51.5418622, -27.1770048, 1.0]
                    ],
                    [
                        [-51.5437902, -27.1702492, 1.0],
                        [-51.5435687, -27.170145, 1.0],
                        [-51.5434111, -27.1700709, 1.0]
                    ],
                    [
                        [-51.543498, -27.1759305, 1.0],
                        [-51.5436388, -27.1762502, 1.0],
                        [-51.5436874, -27.1763604, 1.0]
                    ],
                    [
                        [-51.5436874, -27.1763604, 1.0],
                        [-51.5418622, -27.1770048, 1.0]
                    ],
                    [
                        [-51.543498, -27.1759305, 1.0],
                        [-51.5434242, -27.1757566, 1.0],
                        [-51.5433495, -27.1755803, 1.0],
                        [-51.5432891, -27.1754336, 1.0],
                        [-51.5432284, -27.1752798, 1.0],
                        [-51.5431376, -27.1750494, 1.0],
                        [-51.5428768, -27.1745505, 1.0],
                        [-51.5428219, -27.174425, 1.0],
                        [-51.5427876, -27.1743359, 1.0],
                        [-51.5427755, -27.1742524, 1.0],
                        [-51.5427728, -27.174151, 1.0],
                        [-51.5427688, -27.1740424, 1.0],
                        [-51.5427782, -27.1739172, 1.0],
                        [-51.5427982, -27.1737788, 1.0],
                        [-51.5428197, -27.1736356, 1.0],
                        [-51.542872, -27.1732669, 1.0],
                        [-51.5428855, -27.1731822, 1.0],
                        [-51.5428595, -27.1730571, 1.0],
                        [-51.5427728, -27.1730009, 1.0],
                        [-51.5428264, -27.1728422, 1.0],
                        [-51.5428654, -27.1727157, 1.0],
                        [-51.5428948, -27.1723124, 1.0],
                        [-51.5427205, -27.1705729, 1.0],
                        [-51.5426888, -27.170403, 1.0],
                        [-51.5426929, -27.1703121, 1.0],
                        [-51.5426968, -27.1702235, 1.0],
                        [-51.5427009, -27.1701334, 1.0],
                        [-51.5427342, -27.1700107, 1.0]
                    ],
                    [
                        [-51.543498, -27.1759305, 1.0],
                        [-51.5416878, -27.176555, 1.0],
                        [-51.5416203, -27.1766029, 1.0],
                        [-51.5415927, -27.1766587, 1.0],
                        [-51.5416141, -27.1767352, 1.0],
                        [-51.5416506, -27.1767586, 1.0],
                        [-51.5418622, -27.1770048, 1.0]
                    ],
                    [
                        [-51.5433508, -27.1686043, 1.0],
                        [-51.5433347, -27.1677523, 1.0],
                        [-51.5433642, -27.1676641, 1.0],
                        [-51.5434474, -27.1675209, 1.0]
                    ],
                    [
                        [-51.5429623, -27.1699126, 1.0],
                        [-51.5431173, -27.1699394, 1.0],
                        [-51.5434111, -27.1700709, 1.0]
                    ],
                    [
                        [-51.5434111, -27.1700709, 1.0],
                        [-51.5431979, -27.1700718, 1.0],
                        [-51.5431175, -27.1700885, 1.0],
                        [-51.5430397, -27.1701267, 1.0]
                    ],
                    [
                        [-51.5430904, -27.1691902, 1.0],
                        [-51.5432853, -27.1687518, 1.0],
                        [-51.5433508, -27.1686043, 1.0]
                    ],
                    [
                        [-51.5428052, -27.1699243, 1.0],
                        [-51.5428224, -27.169795, 1.0],
                        [-51.5430904, -27.1691902, 1.0]
                    ],
                    [
                        [-51.5429623, -27.1699126, 1.0],
                        [-51.5429976, -27.1699309, 1.0],
                        [-51.5430268, -27.1699562, 1.0],
                        [-51.5430483, -27.169987, 1.0],
                        [-51.5430608, -27.1700216, 1.0],
                        [-51.5430635, -27.1700578, 1.0],
                        [-51.5430563, -27.1700936, 1.0],
                        [-51.5430397, -27.1701267, 1.0]
                    ],
                    [
                        [-51.5430397, -27.1701267, 1.0],
                        [-51.543017, -27.170153, 1.0],
                        [-51.5429882, -27.1701743, 1.0],
                        [-51.542955, -27.1701893, 1.0],
                        [-51.5429188, -27.1701975, 1.0],
                        [-51.5428776, -27.1701979, 1.0],
                        [-51.5428375, -27.1701894, 1.0],
                        [-51.5428009, -27.1701725, 1.0],
                        [-51.5427701, -27.1701482, 1.0],
                        [-51.5427469, -27.1701179, 1.0],
                        [-51.5427327, -27.1700835, 1.0],
                        [-51.5427284, -27.170047, 1.0],
                        [-51.5427342, -27.1700107, 1.0]
                    ],
                    [
                        [-51.5428052, -27.1699243, 1.0],
                        [-51.542842, -27.1699084, 1.0],
                        [-51.5428821, -27.169901, 1.0],
                        [-51.542923, -27.1699024, 1.0],
                        [-51.5429623, -27.1699126, 1.0]
                    ],
                    [
                        [-51.5427342, -27.1700107, 1.0],
                        [-51.5427496, -27.169977, 1.0],
                        [-51.5427738, -27.1699476, 1.0],
                        [-51.5428052, -27.1699243, 1.0]
                    ],
                    [
                        [-51.541087, -27.1814417, 1.0],
                        [-51.54145, -27.181434, 1.0],
                        [-51.5416586, -27.1814434, 1.0],
                        [-51.5419057, -27.1814887, 1.0]
                    ],
                    [
                        [-51.5419057, -27.1814887, 1.0],
                        [-51.5415671, -27.1809716, 1.0],
                        [-51.5411257, -27.1804243, 1.0]
                    ],
                    [
                        [-51.5419057, -27.1814887, 1.0],
                        [-51.5424461, -27.1816054, 1.0],
                        [-51.5425703, -27.181614, 1.0],
                        [-51.5426663, -27.181593, 1.0],
                        [-51.5427103, -27.1815372, 1.0],
                        [-51.5427323, -27.1814706, 1.0],
                        [-51.5427329, -27.1814036, 1.0],
                        [-51.5417713, -27.1801968, 1.0]
                    ],
                    [
                        [-51.5418622, -27.1770048, 1.0],
                        [-51.5413874, -27.1771408, 1.0],
                        [-51.5409918, -27.1772577, 1.0],
                        [-51.5408953, -27.1772697, 1.0],
                        [-51.5408134, -27.1772601, 1.0],
                        [-51.5407451, -27.1772231, 1.0],
                        [-51.5405171, -27.1769988, 1.0],
                        [-51.5404581, -27.1769678, 1.0],
                        [-51.5404044, -27.1769738, 1.0],
                        [-51.5403669, -27.1769988, 1.0],
                        [-51.5401687, -27.1772614, 1.0],
                        [-51.5396663, -27.1776761, 1.0]
                    ],
                    [
                        [-51.5417713, -27.1801968, 1.0],
                        [-51.5413666, -27.179664, 1.0]
                    ],
                    [
                        [-51.5417713, -27.1801968, 1.0],
                        [-51.5411257, -27.1804243, 1.0]
                    ],
                    [
                        [-51.5413666, -27.179664, 1.0],
                        [-51.5409664, -27.1791393, 1.0]
                    ],
                    [
                        [-51.5413666, -27.179664, 1.0],
                        [-51.5400506, -27.1800817, 1.0]
                    ],
                    [
                        [-51.5411257, -27.1804243, 1.0],
                        [-51.5404627, -27.180636, 1.0]
                    ],
                    [
                        [-51.5411019, -27.1788523, 1.0],
                        [-51.5400116, -27.1791633, 1.0],
                        [-51.5385363, -27.1795973, 1.0],
                        [-51.5379763, -27.1797607, 1.0],
                        [-51.5375023, -27.1798454, 1.0],
                        [-51.5372802, -27.1798515, 1.0]
                    ],
                    [
                        [-51.541087, -27.1814417, 1.0],
                        [-51.5404627, -27.180636, 1.0]
                    ],
                    [
                        [-51.5402877, -27.1815347, 1.0],
                        [-51.541087, -27.1814417, 1.0]
                    ],
                    [
                        [-51.5372802, -27.1798515, 1.0],
                        [-51.5375619, -27.1797774, 1.0],
                        [-51.5382854, -27.1796096, 1.0],
                        [-51.5393081, -27.1793059, 1.0],
                        [-51.5396137, -27.1792142, 1.0],
                        [-51.5410604, -27.1787876, 1.0]
                    ],
                    [
                        [-51.5360606, -27.1801651, 1.0],
                        [-51.5367526, -27.180189, 1.0],
                        [-51.5370436, -27.1801855, 1.0],
                        [-51.5372944, -27.1801449, 1.0],
                        [-51.537562, -27.1800441, 1.0],
                        [-51.537733, -27.1799854, 1.0],
                        [-51.5378722, -27.17998, 1.0],
                        [-51.5380133, -27.1799903, 1.0],
                        [-51.5381404, -27.1799965, 1.0],
                        [-51.5409664, -27.1791393, 1.0]
                    ],
                    [
                        [-51.5406261, -27.1786188, 1.0],
                        [-51.5396663, -27.1776761, 1.0]
                    ],
                    [
                        [-51.5376202, -27.1795194, 1.0],
                        [-51.5394169, -27.1789967, 1.0],
                        [-51.5406261, -27.1786188, 1.0]
                    ],
                    [
                        [-51.5404627, -27.180636, 1.0],
                        [-51.5400506, -27.1800817, 1.0]
                    ],
                    [
                        [-51.5404627, -27.180636, 1.0],
                        [-51.5397284, -27.1808926, 1.0]
                    ],
                    [
                        [-51.5397284, -27.1808926, 1.0],
                        [-51.5402877, -27.1815347, 1.0]
                    ],
                    [
                        [-51.5402877, -27.1815347, 1.0],
                        [-51.5396812, -27.1819513, 1.0],
                        [-51.5390075, -27.181136, 1.0]
                    ],
                    [
                        [-51.5400506, -27.1800817, 1.0],
                        [-51.5387521, -27.1805707, 1.0],
                        [-51.5386033, -27.1806407, 1.0]
                    ],
                    [
                        [-51.5397284, -27.1808926, 1.0],
                        [-51.5390075, -27.181136, 1.0]
                    ],
                    [
                        [-51.5396663, -27.1776761, 1.0],
                        [-51.5374144, -27.1753978, 1.0],
                        [-51.5373775, -27.1753238, 1.0],
                        [-51.5373635, -27.1752164, 1.0],
                        [-51.53738, -27.1749313, 1.0],
                        [-51.5373547, -27.1746855, 1.0],
                        [-51.5371716, -27.1742138, 1.0],
                        [-51.5371187, -27.1739935, 1.0],
                        [-51.5371091, -27.1738801, 1.0],
                        [-51.5370846, -27.1737929, 1.0],
                        [-51.5370381, -27.1737147, 1.0],
                        [-51.5369917, -27.1736539, 1.0],
                        [-51.5369241, -27.1736012, 1.0],
                        [-51.5368235, -27.1735554, 1.0],
                        [-51.5366977, -27.1735351, 1.0],
                        [-51.5365515, -27.1735561, 1.0],
                        [-51.5364239, -27.1735749, 1.0],
                        [-51.5363242, -27.1735719, 1.0],
                        [-51.5362397, -27.1735426, 1.0],
                        [-51.5361857, -27.173502, 1.0],
                        [-51.5361139, -27.1734156, 1.0],
                        [-51.5360302, -27.1733397, 1.0],
                        [-51.535955, -27.1732893, 1.0],
                        [-51.5358807, -27.173269, 1.0],
                        [-51.5357624, -27.1732563, 1.0],
                        [-51.5355115, -27.173272, 1.0],
                        [-51.5353096, -27.1732871, 1.0],
                        [-51.5350802, -27.1733552, 1.0],
                        [-51.5348422, -27.1734429, 1.0],
                        [-51.5348127, -27.1734477, 1.0],
                        [-51.5347912, -27.1734429, 1.0]
                    ],
                    [
                        [-51.5390075, -27.181136, 1.0],
                        [-51.5386033, -27.1806407, 1.0]
                    ],
                    [
                        [-51.5390075, -27.181136, 1.0],
                        [-51.5383781, -27.1817313, 1.0]
                    ],
                    [
                        [-51.5386033, -27.1806407, 1.0],
                        [-51.5382936, -27.180362, 1.0],
                        [-51.5369792, -27.1814381, 1.0]
                    ],
                    [
                        [-51.5376202, -27.1795194, 1.0],
                        [-51.537566, -27.1793705, 1.0],
                        [-51.5373068, -27.1786575, 1.0],
                        [-51.5369929, -27.1777946, 1.0],
                        [-51.5365478, -27.1765705, 1.0],
                        [-51.5364751, -27.1764012, 1.0],
                        [-51.5363024, -27.1761919, 1.0],
                        [-51.5362609, -27.1761663, 1.0],
                        [-51.5361906, -27.1761739, 1.0],
                        [-51.5360423, -27.1762369, 1.0],
                        [-51.5357808, -27.1763481, 1.0],
                        [-51.5357193, -27.1763849, 1.0],
                        [-51.5357377, -27.1764284, 1.0],
                        [-51.5369613, -27.1795942, 1.0]
                    ],
                    [
                        [-51.5369613, -27.1795942, 1.0],
                        [-51.5371976, -27.1795894, 1.0],
                        [-51.5374169, -27.1795582, 1.0],
                        [-51.5376202, -27.1795194, 1.0]
                    ],
                    [
                        [-51.5269605, -27.176122, 1.0],
                        [-51.5274051, -27.1760164, 1.0],
                        [-51.5275553, -27.1759991, 1.0],
                        [-51.5277187, -27.175992, 1.0],
                        [-51.528022, -27.1759966, 1.0],
                        [-51.52836, -27.1760468, 1.0],
                        [-51.5287019, -27.1761482, 1.0],
                        [-51.5289889, -27.1762735, 1.0],
                        [-51.5292773, -27.1764488, 1.0],
                        [-51.5295307, -27.1766541, 1.0],
                        [-51.5298788, -27.177, 1.0],
                        [-51.5305366, -27.1779246, 1.0],
                        [-51.530862, -27.1783621, 1.0],
                        [-51.5311248, -27.1786723, 1.0],
                        [-51.5313716, -27.1788775, 1.0],
                        [-51.5317258, -27.1791118, 1.0],
                        [-51.532051, -27.1792486, 1.0],
                        [-51.5323704, -27.179347, 1.0],
                        [-51.5331879, -27.1794935, 1.0],
                        [-51.5348093, -27.179729, 1.0],
                        [-51.5353982, -27.1798149, 1.0],
                        [-51.5358788, -27.1798704, 1.0],
                        [-51.5364799, -27.1798951, 1.0],
                        [-51.5368225, -27.1798871, 1.0],
                        [-51.5372802, -27.1798515, 1.0]
                    ],
                    [
                        [-51.5369792, -27.1814381, 1.0],
                        [-51.5361967, -27.1804473, 1.0]
                    ],
                    [
                        [-51.5359533, -27.1817933, 1.0],
                        [-51.5369792, -27.1814381, 1.0]
                    ],
                    [
                        [-51.5349796, -27.1794911, 1.0],
                        [-51.5352425, -27.1796057, 1.0],
                        [-51.535441, -27.1796832, 1.0],
                        [-51.5357132, -27.1797082, 1.0],
                        [-51.536133, -27.1796808, 1.0],
                        [-51.5363516, -27.1796832, 1.0],
                        [-51.5364024, -27.1796794, 1.0],
                        [-51.5367517, -27.1796168, 1.0],
                        [-51.5369613, -27.1795942, 1.0]
                    ],
                    [
                        [-51.5361967, -27.1804473, 1.0],
                        [-51.5361032, -27.1803005, 1.0],
                        [-51.5360606, -27.1801651, 1.0]
                    ],
                    [
                        [-51.5361967, -27.1804473, 1.0],
                        [-51.536135, -27.1805555, 1.0],
                        [-51.5358098, -27.1809573, 1.0]
                    ],
                    [
                        [-51.5321802, -27.179599, 1.0],
                        [-51.5336566, -27.1798388, 1.0],
                        [-51.5360606, -27.1801651, 1.0]
                    ],
                    [
                        [-51.5358098, -27.1809573, 1.0],
                        [-51.5359533, -27.1817933, 1.0]
                    ],
                    [
                        [-51.5350629, -27.1820977, 1.0],
                        [-51.5359533, -27.1817933, 1.0]
                    ],
                    [
                        [-51.5358098, -27.1809573, 1.0],
                        [-51.535498, -27.1809006, 1.0],
                        [-51.5329704, -27.1804384, 1.0],
                        [-51.5328591, -27.1803919, 1.0],
                        [-51.5327639, -27.1803238, 1.0],
                        [-51.5325466, -27.1800372, 1.0],
                        [-51.5321802, -27.179599, 1.0]
                    ],
                    [
                        [-51.5308457, -27.1789184, 1.0],
                        [-51.5310913, -27.1790599, 1.0],
                        [-51.5313937, -27.1792403, 1.0],
                        [-51.531742, -27.1794494, 1.0],
                        [-51.5321802, -27.179599, 1.0]
                    ],
                    [
                        [-51.5309087, -27.1856807, 1.0],
                        [-51.5311402, -27.1855756, 1.0]
                    ],
                    [
                        [-51.5306025, -27.1851424, 1.0],
                        [-51.5309087, -27.1856807, 1.0]
                    ],
                    [
                        [-51.5303309, -27.1859139, 1.0],
                        [-51.5309087, -27.1856807, 1.0]
                    ],
                    [
                        [-51.530389, -27.1783911, 1.0],
                        [-51.5308457, -27.1789184, 1.0]
                    ],
                    [
                        [-51.5298271, -27.1795328, 1.0],
                        [-51.5308457, -27.1789184, 1.0]
                    ],
                    [
                        [-51.5299402, -27.1778148, 1.0],
                        [-51.530389, -27.1783911, 1.0]
                    ],
                    [
                        [-51.5291482, -27.1791141, 1.0],
                        [-51.529229, -27.1790675, 1.0],
                        [-51.530389, -27.1783911, 1.0]
                    ],
                    [
                        [-51.5300471, -27.1854095, 1.0],
                        [-51.5303309, -27.1859139, 1.0]
                    ],
                    [
                        [-51.5286335, -27.1860788, 1.0],
                        [-51.5288685, -27.1862874, 1.0],
                        [-51.5290637, -27.1863889, 1.0],
                        [-51.5291853, -27.186416, 1.0],
                        [-51.5292664, -27.1864114, 1.0],
                        [-51.5303309, -27.1859139, 1.0]
                    ],
                    [
                        [-51.526323, -27.1766255, 1.0],
                        [-51.5266404, -27.1765005, 1.0],
                        [-51.5271215, -27.1763558, 1.0],
                        [-51.527557, -27.1763017, 1.0],
                        [-51.5280732, -27.1762951, 1.0],
                        [-51.5284802, -27.176378, 1.0],
                        [-51.5288289, -27.1765093, 1.0],
                        [-51.5291668, -27.1767372, 1.0],
                        [-51.5295008, -27.1770474, 1.0],
                        [-51.5299402, -27.1778148, 1.0]
                    ],
                    [
                        [-51.5291247, -27.1782922, 1.0],
                        [-51.5299402, -27.1778148, 1.0]
                    ],
                    [
                        [-51.5297031, -27.1855579, 1.0],
                        [-51.5286335, -27.1860788, 1.0]
                    ],
                    [
                        [-51.529181, -27.1851968, 1.0],
                        [-51.5282233, -27.1856267, 1.0]
                    ],
                    [
                        [-51.5291247, -27.1782922, 1.0],
                        [-51.5289876, -27.1781835, 1.0],
                        [-51.5280367, -27.1770466, 1.0],
                        [-51.5279473, -27.1769456, 1.0]
                    ],
                    [
                        [-51.5285343, -27.1787598, 1.0],
                        [-51.5285343, -27.1786786, 1.0],
                        [-51.5285618, -27.1786165, 1.0],
                        [-51.5286294, -27.1785744, 1.0],
                        [-51.5291247, -27.1782922, 1.0]
                    ],
                    [
                        [-51.5282233, -27.1856267, 1.0],
                        [-51.5285987, -27.186037, 1.0],
                        [-51.5286335, -27.1860788, 1.0]
                    ],
                    [
                        [-51.5286024, -27.1848252, 1.0],
                        [-51.5278128, -27.1851673, 1.0]
                    ],
                    [
                        [-51.5279473, -27.1769456, 1.0],
                        [-51.5283193, -27.1767362, 1.0]
                    ],
                    [
                        [-51.5278128, -27.1851673, 1.0],
                        [-51.5279587, -27.1853306, 1.0],
                        [-51.5282233, -27.1856267, 1.0]
                    ],
                    [
                        [-51.5280018, -27.1844537, 1.0],
                        [-51.5274165, -27.1847319, 1.0]
                    ],
                    [
                        [-51.5275007, -27.1771846, 1.0],
                        [-51.5279473, -27.1769456, 1.0]
                    ],
                    [
                        [-51.5274165, -27.1847319, 1.0],
                        [-51.5275273, -27.1848537, 1.0],
                        [-51.5278128, -27.1851673, 1.0]
                    ],
                    [
                        [-51.5271717, -27.1845935, 1.0],
                        [-51.5273206, -27.1846651, 1.0],
                        [-51.5274165, -27.1847319, 1.0]
                    ],
                    [
                        [-51.5271717, -27.1845935, 1.0],
                        [-51.5273206, -27.1847808, 1.0],
                        [-51.5274547, -27.1849574, 1.0],
                        [-51.5274695, -27.1849944, 1.0],
                        [-51.5274721, -27.1850409, 1.0],
                        [-51.5274641, -27.1852508, 1.0],
                        [-51.5274282, -27.1855244, 1.0],
                        [-51.5273725, -27.1858228, 1.0],
                        [-51.5273555, -27.1859141, 1.0]
                    ],
                    [
                        [-51.5270658, -27.1871285, 1.0],
                        [-51.5271372, -27.1870825, 1.0],
                        [-51.5277082, -27.1867146, 1.0],
                        [-51.5277927, -27.1865917, 1.0],
                        [-51.5278275, -27.1865154, 1.0],
                        [-51.5278275, -27.1864378, 1.0],
                        [-51.5277605, -27.1863495, 1.0],
                        [-51.5273555, -27.1859141, 1.0]
                    ],
                    [
                        [-51.5273555, -27.1859141, 1.0],
                        [-51.5272751, -27.186195, 1.0],
                        [-51.5272557, -27.1862461, 1.0],
                        [-51.5271482, -27.1863728, 1.0]
                    ],
                    [
                        [-51.5259241, -27.1830077, 1.0],
                        [-51.5270867, -27.1844855, 1.0],
                        [-51.5271717, -27.1845935, 1.0]
                    ],
                    [
                        [-51.5267118, -27.1866843, 1.0],
                        [-51.527062, -27.1864533, 1.0],
                        [-51.5271482, -27.1863728, 1.0]
                    ],
                    [
                        [-51.5271482, -27.1863728, 1.0],
                        [-51.5265394, -27.186441, 1.0]
                    ],
                    [
                        [-51.5270658, -27.1871285, 1.0],
                        [-51.5267118, -27.1866843, 1.0]
                    ],
                    [
                        [-51.5260817, -27.1877647, 1.0],
                        [-51.5268728, -27.1872533, 1.0],
                        [-51.5270658, -27.1871285, 1.0]
                    ],
                    [
                        [-51.5269605, -27.176122, 1.0],
                        [-51.5268258, -27.1762001, 1.0],
                        [-51.5265696, -27.1762997, 1.0],
                        [-51.5262238, -27.1764696, 1.0]
                    ],
                    [
                        [-51.5262843, -27.1763457, 1.0],
                        [-51.5266152, -27.1762031, 1.0],
                        [-51.526817, -27.1761416, 1.0],
                        [-51.5269605, -27.176122, 1.0]
                    ],
                    [
                        [-51.5267118, -27.1866843, 1.0],
                        [-51.5265394, -27.186441, 1.0]
                    ],
                    [
                        [-51.5262209, -27.1869973, 1.0],
                        [-51.5264436, -27.1868553, 1.0],
                        [-51.5267118, -27.1866843, 1.0]
                    ],
                    [
                        [-51.5265394, -27.186441, 1.0],
                        [-51.5265307, -27.1857984, 1.0]
                    ],
                    [
                        [-51.5265394, -27.186441, 1.0],
                        [-51.5260061, -27.1865067, 1.0],
                        [-51.5258588, -27.1865058, 1.0]
                    ],
                    [
                        [-51.5264798, -27.1882153, 1.0],
                        [-51.5260817, -27.1877647, 1.0]
                    ],
                    [
                        [-51.5262157, -27.1765884, 1.0],
                        [-51.526279, -27.1766019, 1.0],
                        [-51.526323, -27.1766255, 1.0]
                    ],
                    [
                        [-51.5260146, -27.1768098, 1.0],
                        [-51.526323, -27.1766255, 1.0]
                    ],
                    [
                        [-51.5258333, -27.1763391, 1.0],
                        [-51.5259902, -27.1763373, 1.0],
                        [-51.5261422, -27.176338, 1.0],
                        [-51.5262346, -27.1763418, 1.0],
                        [-51.5262843, -27.1763457, 1.0]
                    ],
                    [
                        [-51.5256784, -27.1766529, 1.0],
                        [-51.5262843, -27.1763457, 1.0]
                    ],
                    [
                        [-51.5262407, -27.1746528, 1.0],
                        [-51.5256278, -27.1750883, 1.0],
                        [-51.5253586, -27.1752987, 1.0],
                        [-51.5249475, -27.1755606, 1.0],
                        [-51.5240445, -27.176114, 1.0]
                    ],
                    [
                        [-51.5262238, -27.1764696, 1.0],
                        [-51.5262157, -27.1765884, 1.0]
                    ],
                    [
                        [-51.5262238, -27.1764696, 1.0],
                        [-51.5256885, -27.1767353, 1.0],
                        [-51.5253472, -27.1769398, 1.0],
                        [-51.5250119, -27.1771549, 1.0]
                    ],
                    [
                        [-51.5262209, -27.1869973, 1.0],
                        [-51.5258588, -27.1865058, 1.0]
                    ],
                    [
                        [-51.5257219, -27.1873083, 1.0],
                        [-51.5262209, -27.1869973, 1.0]
                    ],
                    [
                        [-51.5262157, -27.1765884, 1.0],
                        [-51.5261572, -27.1766675, 1.0],
                        [-51.5260146, -27.1768098, 1.0]
                    ],
                    [
                        [-51.5260817, -27.1877647, 1.0],
                        [-51.5257219, -27.1873083, 1.0]
                    ],
                    [
                        [-51.5233021, -27.1797017, 1.0],
                        [-51.5246147, -27.1781062, 1.0],
                        [-51.5253066, -27.177263, 1.0],
                        [-51.5253413, -27.1772344, 1.0],
                        [-51.5260146, -27.1768098, 1.0]
                    ],
                    [
                        [-51.5253933, -27.1824574, 1.0],
                        [-51.5257676, -27.1828454, 1.0],
                        [-51.5259241, -27.1830077, 1.0]
                    ],
                    [
                        [-51.5258025, -27.1853284, 1.0],
                        [-51.5257663, -27.1852544, 1.0],
                        [-51.5257528, -27.1851936, 1.0],
                        [-51.5257502, -27.1851351, 1.0],
                        [-51.5257595, -27.1850379, 1.0],
                        [-51.525773, -27.1849323, 1.0],
                        [-51.5258078, -27.1846293, 1.0],
                        [-51.5258427, -27.1843215, 1.0],
                        [-51.5258762, -27.1840412, 1.0],
                        [-51.5258923, -27.183861, 1.0],
                        [-51.5258883, -27.1836904, 1.0],
                        [-51.525887, -27.1835556, 1.0],
                        [-51.5259241, -27.1830077, 1.0]
                    ],
                    [
                        [-51.5258588, -27.1865058, 1.0],
                        [-51.5251118, -27.1864128, 1.0]
                    ],
                    [
                        [-51.525718, -27.1765049, 1.0],
                        [-51.5257508, -27.1764512, 1.0],
                        [-51.5257743, -27.1764154, 1.0],
                        [-51.5257971, -27.1763814, 1.0],
                        [-51.5258333, -27.1763391, 1.0]
                    ],
                    [
                        [-51.5253582, -27.176455, 1.0],
                        [-51.5255078, -27.1763933, 1.0],
                        [-51.5257018, -27.1763525, 1.0],
                        [-51.5258333, -27.1763391, 1.0]
                    ],
                    [
                        [-51.5257219, -27.1873083, 1.0],
                        [-51.5250903, -27.1865142, 1.0],
                        [-51.5250917, -27.1864605, 1.0],
                        [-51.5251118, -27.1864128, 1.0]
                    ],
                    [
                        [-51.525718, -27.1765049, 1.0],
                        [-51.525661, -27.1764632, 1.0],
                        [-51.5256181, -27.1764477, 1.0],
                        [-51.525557, -27.1764381, 1.0],
                        [-51.5255141, -27.1764351, 1.0],
                        [-51.5253582, -27.176455, 1.0]
                    ],
                    [
                        [-51.5256784, -27.1766529, 1.0],
                        [-51.5257254, -27.1765861, 1.0],
                        [-51.5257314, -27.1765407, 1.0],
                        [-51.525718, -27.1765049, 1.0]
                    ],
                    [
                        [-51.5250119, -27.1771549, 1.0],
                        [-51.525144, -27.1770066, 1.0],
                        [-51.5252768, -27.1769052, 1.0],
                        [-51.5254565, -27.1767853, 1.0],
                        [-51.5256784, -27.1766529, 1.0]
                    ],
                    [
                        [-51.5231417, -27.1748991, 1.0],
                        [-51.5238172, -27.1746091, 1.0],
                        [-51.5243883, -27.1743476, 1.0],
                        [-51.5254377, -27.1738456, 1.0]
                    ],
                    [
                        [-51.5228762, -27.1801956, 1.0],
                        [-51.5229637, -27.1802701, 1.0],
                        [-51.5233233, -27.1805418, 1.0],
                        [-51.5241556, -27.1811708, 1.0],
                        [-51.5248682, -27.1819131, 1.0],
                        [-51.5250667, -27.1821188, 1.0],
                        [-51.5253933, -27.1824574, 1.0]
                    ],
                    [
                        [-51.5253933, -27.1824574, 1.0],
                        [-51.5252835, -27.1825667, 1.0],
                        [-51.5248449, -27.1830677, 1.0]
                    ],
                    [
                        [-51.5253582, -27.176455, 1.0],
                        [-51.5252821, -27.1765272, 1.0],
                        [-51.5252416, -27.1766061, 1.0],
                        [-51.5251689, -27.1767489, 1.0],
                        [-51.5250261, -27.176936, 1.0],
                        [-51.5248606, -27.177057, 1.0],
                        [-51.5246688, -27.1771487, 1.0],
                        [-51.5243469, -27.1773118, 1.0]
                    ],
                    [
                        [-51.5251118, -27.1864128, 1.0],
                        [-51.5249677, -27.1863738, 1.0],
                        [-51.5246659, -27.1863663, 1.0]
                    ],
                    [
                        [-51.5234946, -27.1789481, 1.0],
                        [-51.5240316, -27.1782956, 1.0],
                        [-51.5244028, -27.1778444, 1.0],
                        [-51.5246351, -27.1775621, 1.0],
                        [-51.5250119, -27.1771549, 1.0]
                    ],
                    [
                        [-51.5246659, -27.1863663, 1.0],
                        [-51.5238476, -27.1876497, 1.0],
                        [-51.5236513, -27.1879576, 1.0],
                        [-51.5236446, -27.1880543, 1.0],
                        [-51.5236674, -27.1881473, 1.0],
                        [-51.5237157, -27.1882213, 1.0],
                        [-51.5238351, -27.1883561, 1.0],
                        [-51.5239799, -27.1885422, 1.0],
                        [-51.5239973, -27.1886197, 1.0],
                        [-51.524004, -27.1887283, 1.0],
                        [-51.5239786, -27.1889096, 1.0],
                        [-51.5238149, -27.1895359, 1.0]
                    ],
                    [
                        [-51.5168956, -27.192334, 1.0],
                        [-51.5169999, -27.1923553, 1.0],
                        [-51.5170322, -27.1923892, 1.0],
                        [-51.5170551, -27.1924315, 1.0],
                        [-51.5170893, -27.1925306, 1.0],
                        [-51.5170974, -27.1925944, 1.0],
                        [-51.5171007, -27.1927137, 1.0],
                        [-51.5170846, -27.1928277, 1.0],
                        [-51.5169173, -27.1933767, 1.0],
                        [-51.5169106, -27.1934313, 1.0],
                        [-51.516923, -27.1934828, 1.0],
                        [-51.5169435, -27.1935112, 1.0],
                        [-51.5169723, -27.1935282, 1.0],
                        [-51.5170109, -27.1935362, 1.0],
                        [-51.5170457, -27.1935326, 1.0],
                        [-51.5170702, -27.1935192, 1.0],
                        [-51.5172772, -27.1933731, 1.0],
                        [-51.5173489, -27.1933496, 1.0],
                        [-51.5174614, -27.1933289, 1.0],
                        [-51.5175586, -27.1933229, 1.0],
                        [-51.5176422, -27.1933011, 1.0],
                        [-51.517843, -27.1931933, 1.0],
                        [-51.5179828, -27.1930942, 1.0],
                        [-51.5180603, -27.1930167, 1.0],
                        [-51.5181126, -27.1929416, 1.0],
                        [-51.518181, -27.192802, 1.0],
                        [-51.5182292, -27.1927388, 1.0],
                        [-51.5183164, -27.1926469, 1.0],
                        [-51.5185149, -27.1925527, 1.0],
                        [-51.5187, -27.1924286, 1.0],
                        [-51.5188622, -27.1922831, 1.0],
                        [-51.518991, -27.1921268, 1.0],
                        [-51.5190755, -27.1920791, 1.0],
                        [-51.5191761, -27.1920636, 1.0],
                        [-51.5192619, -27.1920696, 1.0],
                        [-51.5193772, -27.1920851, 1.0],
                        [-51.5194966, -27.1921292, 1.0],
                        [-51.5199485, -27.1923571, 1.0],
                        [-51.5200706, -27.1924084, 1.0],
                        [-51.5202047, -27.1924441, 1.0],
                        [-51.5202852, -27.1924048, 1.0],
                        [-51.5203281, -27.1923571, 1.0],
                        [-51.5203469, -27.1923082, 1.0],
                        [-51.5203375, -27.1922402, 1.0],
                        [-51.5203188, -27.1921645, 1.0],
                        [-51.5202997, -27.1920992, 1.0],
                        [-51.5202922, -27.1920395, 1.0],
                        [-51.5202954, -27.1919865, 1.0],
                        [-51.5203071, -27.1919155, 1.0],
                        [-51.5203369, -27.1918662, 1.0],
                        [-51.5203678, -27.1918151, 1.0],
                        [-51.5205711, -27.1916447, 1.0],
                        [-51.5206009, -27.1916011, 1.0],
                        [-51.5206179, -27.1915566, 1.0],
                        [-51.5206179, -27.1914998, 1.0],
                        [-51.5205647, -27.1912688, 1.0],
                        [-51.5205551, -27.1911827, 1.0],
                        [-51.5205445, -27.1908825, 1.0],
                        [-51.5205764, -27.1906297, 1.0],
                        [-51.5205913, -27.1905237, 1.0],
                        [-51.5206233, -27.1904072, 1.0],
                        [-51.5206563, -27.1903286, 1.0],
                        [-51.5211688, -27.1897064, 1.0],
                        [-51.5213875, -27.1891863, 1.0],
                        [-51.5214278, -27.18911, 1.0],
                        [-51.5218325, -27.1886149, 1.0],
                        [-51.5220755, -27.1884074, 1.0],
                        [-51.5221949, -27.1882714, 1.0],
                        [-51.522278, -27.1881568, 1.0],
                        [-51.5223451, -27.1880889, 1.0],
                        [-51.5225033, -27.1879946, 1.0],
                        [-51.5225892, -27.1879302, 1.0],
                        [-51.5226595, -27.1878546, 1.0],
                        [-51.5227287, -27.1877083, 1.0],
                        [-51.522816, -27.1876018, 1.0],
                        [-51.5230156, -27.1873886, 1.0],
                        [-51.5233335, -27.1870856, 1.0],
                        [-51.5235333, -27.1869556, 1.0],
                        [-51.5236312, -27.186847, 1.0],
                        [-51.5237157, -27.186742, 1.0],
                        [-51.5243138, -27.1864187, 1.0],
                        [-51.5245009, -27.1863716, 1.0],
                        [-51.5246659, -27.1863663, 1.0]
                    ],
                    [
                        [-51.5240771, -27.1777218, 1.0],
                        [-51.5241754, -27.1776365, 1.0],
                        [-51.5242303, -27.1775606, 1.0],
                        [-51.5242966, -27.1774301, 1.0],
                        [-51.524312, -27.177387, 1.0],
                        [-51.5243469, -27.1773118, 1.0]
                    ],
                    [
                        [-51.5243469, -27.1773118, 1.0],
                        [-51.5242217, -27.1774117, 1.0],
                        [-51.5240354, -27.1774799, 1.0]
                    ],
                    [
                        [-51.5239745, -27.1774402, 1.0],
                        [-51.5243469, -27.1773118, 1.0]
                    ],
                    [
                        [-51.5240771, -27.1777218, 1.0],
                        [-51.5241107, -27.1776359, 1.0],
                        [-51.524116, -27.1775882, 1.0],
                        [-51.5240979, -27.1775303, 1.0],
                        [-51.5240674, -27.1774978, 1.0],
                        [-51.5240354, -27.1774799, 1.0]
                    ],
                    [
                        [-51.522488, -27.1796784, 1.0],
                        [-51.5226262, -27.1795001, 1.0],
                        [-51.5230544, -27.1789976, 1.0],
                        [-51.5235696, -27.1783736, 1.0],
                        [-51.5236546, -27.1782653, 1.0],
                        [-51.52388, -27.1779783, 1.0],
                        [-51.5240771, -27.1777218, 1.0]
                    ],
                    [
                        [-51.5236996, -27.1756388, 1.0],
                        [-51.5240445, -27.176114, 1.0]
                    ],
                    [
                        [-51.5240445, -27.176114, 1.0],
                        [-51.5231457, -27.1766779, 1.0],
                        [-51.5229687, -27.1767698, 1.0],
                        [-51.5228011, -27.176802, 1.0],
                        [-51.5227045, -27.176759, 1.0],
                        [-51.5222874, -27.1764536, 1.0]
                    ],
                    [
                        [-51.5240354, -27.1774799, 1.0],
                        [-51.5239745, -27.1774402, 1.0]
                    ],
                    [
                        [-51.5240354, -27.1774799, 1.0],
                        [-51.52376, -27.1775399, 1.0],
                        [-51.5235507, -27.1775667, 1.0],
                        [-51.5233073, -27.1775697, 1.0]
                    ],
                    [
                        [-51.5230139, -27.1774472, 1.0],
                        [-51.5231156, -27.1774773, 1.0],
                        [-51.5232908, -27.1775117, 1.0],
                        [-51.5235029, -27.17752, 1.0],
                        [-51.5237939, -27.1774791, 1.0],
                        [-51.5239745, -27.1774402, 1.0]
                    ],
                    [
                        [-51.5235548, -27.175424, 1.0],
                        [-51.5236996, -27.1756388, 1.0]
                    ],
                    [
                        [-51.5235548, -27.175424, 1.0],
                        [-51.5238514, -27.1752515, 1.0],
                        [-51.5257414, -27.1741524, 1.0],
                        [-51.5268034, -27.1735348, 1.0],
                        [-51.5270621, -27.1734199, 1.0],
                        [-51.5272053, -27.173395, 1.0],
                        [-51.5274111, -27.173363, 1.0],
                        [-51.5267774, -27.1737215, 1.0],
                        [-51.5254149, -27.1746091, 1.0],
                        [-51.5251091, -27.1747821, 1.0],
                        [-51.5236996, -27.1756388, 1.0]
                    ],
                    [
                        [-51.5236996, -27.1756388, 1.0],
                        [-51.5227139, -27.1761888, 1.0],
                        [-51.5222874, -27.1764536, 1.0]
                    ],
                    [
                        [-51.5231417, -27.1748991, 1.0],
                        [-51.5235548, -27.175424, 1.0]
                    ],
                    [
                        [-51.5228909, -27.1758285, 1.0],
                        [-51.5235548, -27.175424, 1.0]
                    ],
                    [
                        [-51.5234946, -27.1789481, 1.0],
                        [-51.5233941, -27.1790902, 1.0],
                        [-51.5232425, -27.1792894, 1.0],
                        [-51.5231652, -27.1794064, 1.0],
                        [-51.5230975, -27.1795281, 1.0],
                        [-51.5229803, -27.1797724, 1.0]
                    ],
                    [
                        [-51.52261, -27.1796718, 1.0],
                        [-51.5226904, -27.1796086, 1.0],
                        [-51.5231759, -27.1792548, 1.0],
                        [-51.5233476, -27.1790944, 1.0],
                        [-51.5234946, -27.1789481, 1.0]
                    ],
                    [
                        [-51.5233073, -27.1775697, 1.0],
                        [-51.5231279, -27.1775395, 1.0],
                        [-51.5230095, -27.1775216, 1.0]
                    ],
                    [
                        [-51.5233073, -27.1775697, 1.0],
                        [-51.5232007, -27.1775852, 1.0],
                        [-51.5231115, -27.1776061, 1.0],
                        [-51.5230559, -27.1776306, 1.0],
                        [-51.5228386, -27.1778185, 1.0]
                    ],
                    [
                        [-51.5233021, -27.1797017, 1.0],
                        [-51.5230931, -27.179937, 1.0],
                        [-51.5228762, -27.1801956, 1.0]
                    ],
                    [
                        [-51.5229803, -27.1797724, 1.0],
                        [-51.5230378, -27.1797831, 1.0],
                        [-51.5230991, -27.1797835, 1.0],
                        [-51.5231988, -27.1797551, 1.0],
                        [-51.5232389, -27.1797329, 1.0],
                        [-51.5233021, -27.1797017, 1.0]
                    ],
                    [
                        [-51.5225669, -27.1752904, 1.0],
                        [-51.5231417, -27.1748991, 1.0]
                    ],
                    [
                        [-51.5229325, -27.1774224, 1.0],
                        [-51.5230139, -27.1774472, 1.0]
                    ],
                    [
                        [-51.5230139, -27.1774472, 1.0],
                        [-51.5230116, -27.1774985, 1.0],
                        [-51.5230095, -27.1775216, 1.0]
                    ],
                    [
                        [-51.5230095, -27.1775216, 1.0],
                        [-51.5229142, -27.1775029, 1.0]
                    ],
                    [
                        [-51.5230095, -27.1775216, 1.0],
                        [-51.5230036, -27.1775636, 1.0],
                        [-51.5229977, -27.1775914, 1.0],
                        [-51.5229768, -27.1776294, 1.0],
                        [-51.5229345, -27.1776932, 1.0],
                        [-51.5228386, -27.1778185, 1.0]
                    ],
                    [
                        [-51.5229033, -27.179747, 1.0],
                        [-51.5229462, -27.1797651, 1.0],
                        [-51.5229803, -27.1797724, 1.0]
                    ],
                    [
                        [-51.5229803, -27.1797724, 1.0],
                        [-51.5229197, -27.1798828, 1.0]
                    ],
                    [
                        [-51.5216672, -27.1774212, 1.0],
                        [-51.5218825, -27.1773332, 1.0],
                        [-51.5220805, -27.1772949, 1.0],
                        [-51.5222914, -27.1772924, 1.0],
                        [-51.5224211, -27.1773064, 1.0],
                        [-51.5224845, -27.1773201, 1.0],
                        [-51.5226061, -27.1773473, 1.0],
                        [-51.5228571, -27.1774046, 1.0],
                        [-51.5229325, -27.1774224, 1.0]
                    ],
                    [
                        [-51.5229142, -27.1775029, 1.0],
                        [-51.522919, -27.1774828, 1.0],
                        [-51.5229235, -27.1774627, 1.0],
                        [-51.522928, -27.1774425, 1.0],
                        [-51.5229325, -27.1774224, 1.0]
                    ],
                    [
                        [-51.5229033, -27.179747, 1.0],
                        [-51.5229153, -27.1798183, 1.0],
                        [-51.5229197, -27.1798828, 1.0]
                    ],
                    [
                        [-51.5229197, -27.1798828, 1.0],
                        [-51.5229246, -27.1799644, 1.0],
                        [-51.5229224, -27.1800212, 1.0],
                        [-51.522915, -27.1800695, 1.0],
                        [-51.5229022, -27.1801206, 1.0],
                        [-51.5228762, -27.1801956, 1.0]
                    ],
                    [
                        [-51.5229197, -27.1798828, 1.0],
                        [-51.5228694, -27.1799715, 1.0],
                        [-51.5228104, -27.1800559, 1.0],
                        [-51.5227431, -27.1801352, 1.0],
                        [-51.522668, -27.1802087, 1.0],
                        [-51.5225282, -27.1803142, 1.0]
                    ],
                    [
                        [-51.5229142, -27.1775029, 1.0],
                        [-51.5227658, -27.1774613, 1.0],
                        [-51.5224104, -27.1773784, 1.0],
                        [-51.5222582, -27.1773558, 1.0],
                        [-51.5220733, -27.1773531, 1.0],
                        [-51.5216672, -27.1774212, 1.0]
                    ],
                    [
                        [-51.5227385, -27.1778845, 1.0],
                        [-51.5227756, -27.1778351, 1.0],
                        [-51.5228088, -27.1777835, 1.0],
                        [-51.5228382, -27.1777301, 1.0],
                        [-51.5228635, -27.1776751, 1.0],
                        [-51.5228847, -27.1776187, 1.0],
                        [-51.5229016, -27.1775612, 1.0],
                        [-51.5229142, -27.1775029, 1.0]
                    ],
                    [
                        [-51.52261, -27.1796718, 1.0],
                        [-51.5226952, -27.1796657, 1.0],
                        [-51.5227603, -27.1796672, 1.0],
                        [-51.5228245, -27.1796913, 1.0],
                        [-51.5228743, -27.1797243, 1.0],
                        [-51.5229033, -27.179747, 1.0]
                    ],
                    [
                        [-51.5228909, -27.1758285, 1.0],
                        [-51.5225669, -27.1752904, 1.0]
                    ],
                    [
                        [-51.5219421, -27.1764059, 1.0],
                        [-51.5228909, -27.1758285, 1.0]
                    ],
                    [
                        [-51.5228762, -27.1801956, 1.0],
                        [-51.5228224, -27.180221, 1.0],
                        [-51.522734, -27.1802558, 1.0],
                        [-51.5226288, -27.1802854, 1.0],
                        [-51.5225282, -27.1803142, 1.0]
                    ],
                    [
                        [-51.5228386, -27.1778185, 1.0],
                        [-51.5227937, -27.1778477, 1.0],
                        [-51.5227385, -27.1778845, 1.0]
                    ],
                    [
                        [-51.5212655, -27.1783756, 1.0],
                        [-51.5215005, -27.1783095, 1.0],
                        [-51.522023, -27.1781624, 1.0],
                        [-51.5222866, -27.1780965, 1.0],
                        [-51.5224977, -27.1780299, 1.0],
                        [-51.5226355, -27.1779569, 1.0],
                        [-51.5227385, -27.1778845, 1.0]
                    ],
                    [
                        [-51.5223995, -27.1798685, 1.0],
                        [-51.5225094, -27.1797484, 1.0],
                        [-51.52261, -27.1796718, 1.0]
                    ],
                    [
                        [-51.522488, -27.1796784, 1.0],
                        [-51.5225306, -27.1796803, 1.0],
                        [-51.52261, -27.1796718, 1.0]
                    ],
                    [
                        [-51.5215536, -27.1759192, 1.0],
                        [-51.5225669, -27.1752904, 1.0]
                    ],
                    [
                        [-51.5225282, -27.1803142, 1.0],
                        [-51.5224658, -27.1803035, 1.0],
                        [-51.5224115, -27.180279, 1.0],
                        [-51.5223706, -27.1802564, 1.0]
                    ],
                    [
                        [-51.5225282, -27.1803142, 1.0],
                        [-51.5224034, -27.1804139, 1.0],
                        [-51.522268, -27.1805159, 1.0],
                        [-51.5221624, -27.1806083, 1.0],
                        [-51.5220051, -27.1807867, 1.0],
                        [-51.5215176, -27.1813844, 1.0]
                    ],
                    [
                        [-51.5221806, -27.1794983, 1.0],
                        [-51.5223379, -27.1796194, 1.0],
                        [-51.5224131, -27.1796563, 1.0],
                        [-51.522488, -27.1796784, 1.0]
                    ],
                    [
                        [-51.5223995, -27.1798685, 1.0],
                        [-51.522488, -27.1796784, 1.0]
                    ],
                    [
                        [-51.5223995, -27.1798685, 1.0],
                        [-51.5223874, -27.1798205, 1.0],
                        [-51.5223699, -27.179778, 1.0],
                        [-51.5223498, -27.1797428, 1.0],
                        [-51.5222318, -27.1795841, 1.0],
                        [-51.5221806, -27.1794983, 1.0]
                    ],
                    [
                        [-51.5222649, -27.1800191, 1.0],
                        [-51.5223374, -27.1799369, 1.0],
                        [-51.5223995, -27.1798685, 1.0]
                    ],
                    [
                        [-51.5223706, -27.1802564, 1.0],
                        [-51.5223122, -27.1802427, 1.0],
                        [-51.5222318, -27.1802373, 1.0],
                        [-51.5221942, -27.1802439, 1.0]
                    ],
                    [
                        [-51.5223706, -27.1802564, 1.0],
                        [-51.5223297, -27.1802188, 1.0],
                        [-51.5223062, -27.1801896, 1.0],
                        [-51.5222767, -27.1801074, 1.0],
                        [-51.5222649, -27.1800191, 1.0]
                    ],
                    [
                        [-51.5222874, -27.1764536, 1.0],
                        [-51.5219421, -27.1764059, 1.0]
                    ],
                    [
                        [-51.5222874, -27.1764536, 1.0],
                        [-51.5212155, -27.1771143, 1.0],
                        [-51.5209168, -27.177284, 1.0],
                        [-51.520833, -27.1773187, 1.0],
                        [-51.520713, -27.1773365, 1.0],
                        [-51.5203884, -27.1773365, 1.0]
                    ],
                    [
                        [-51.5221942, -27.1802439, 1.0],
                        [-51.5222649, -27.1800191, 1.0]
                    ],
                    [
                        [-51.5220336, -27.1803266, 1.0],
                        [-51.5221614, -27.1801462, 1.0],
                        [-51.5222017, -27.1800945, 1.0],
                        [-51.5222649, -27.1800191, 1.0]
                    ],
                    [
                        [-51.5214425, -27.1813548, 1.0],
                        [-51.5218783, -27.1808058, 1.0],
                        [-51.5220455, -27.1805819, 1.0],
                        [-51.5220897, -27.1804903, 1.0],
                        [-51.5221432, -27.180357, 1.0],
                        [-51.5221942, -27.1802439, 1.0]
                    ],
                    [
                        [-51.5221942, -27.1802439, 1.0],
                        [-51.5221188, -27.1802665, 1.0],
                        [-51.5220336, -27.1803266, 1.0]
                    ],
                    [
                        [-51.5221806, -27.1794983, 1.0],
                        [-51.5221452, -27.179458, 1.0],
                        [-51.5219323, -27.1792178, 1.0]
                    ],
                    [
                        [-51.5212923, -27.1812156, 1.0],
                        [-51.5220336, -27.1803266, 1.0]
                    ],
                    [
                        [-51.5219421, -27.1764059, 1.0],
                        [-51.5215536, -27.1759192, 1.0]
                    ],
                    [
                        [-51.5203884, -27.1773365, 1.0],
                        [-51.5213304, -27.1767795, 1.0],
                        [-51.5217678, -27.1765123, 1.0],
                        [-51.5219421, -27.1764059, 1.0]
                    ],
                    [
                        [-51.5219323, -27.1792178, 1.0],
                        [-51.5213906, -27.1785337, 1.0],
                        [-51.5212655, -27.1783756, 1.0]
                    ],
                    [
                        [-51.5219323, -27.1792178, 1.0],
                        [-51.5217814, -27.1792226, 1.0],
                        [-51.5213151, -27.1792386, 1.0],
                        [-51.5210657, -27.1793038, 1.0]
                    ],
                    [
                        [-51.5215552, -27.1815217, 1.0],
                        [-51.5216162, -27.1815509, 1.0],
                        [-51.5216524, -27.1815616, 1.0],
                        [-51.5216964, -27.1815569, 1.0],
                        [-51.5217863, -27.1815095, 1.0]
                    ],
                    [
                        [-51.5217402, -27.180003, 1.0],
                        [-51.5214275, -27.1796751, 1.0],
                        [-51.5210657, -27.1793038, 1.0]
                    ],
                    [
                        [-51.5216672, -27.1774212, 1.0],
                        [-51.5214833, -27.1774848, 1.0],
                        [-51.520816, -27.1777212, 1.0],
                        [-51.5203333, -27.1778326, 1.0],
                        [-51.5200072, -27.1778446, 1.0],
                        [-51.5196146, -27.1778161, 1.0],
                        [-51.5194329, -27.177769, 1.0],
                        [-51.519272, -27.1777081, 1.0],
                        [-51.5191499, -27.177652, 1.0],
                        [-51.5189977, -27.1775673, 1.0],
                        [-51.518883, -27.177491, 1.0],
                        [-51.5188126, -27.1774421, 1.0],
                        [-51.5187248, -27.1773776, 1.0],
                        [-51.5185124, -27.1771562, 1.0],
                        [-51.5182885, -27.1768571, 1.0],
                        [-51.5182218, -27.1767556, 1.0]
                    ],
                    [
                        [-51.5215176, -27.1813844, 1.0],
                        [-51.521529, -27.1814368, 1.0],
                        [-51.5215552, -27.1815217, 1.0]
                    ],
                    [
                        [-51.5215552, -27.1815217, 1.0],
                        [-51.5215833, -27.181597, 1.0],
                        [-51.521589, -27.1816212, 1.0],
                        [-51.521589, -27.1816639, 1.0],
                        [-51.5215807, -27.1817131, 1.0],
                        [-51.5215642, -27.1817606, 1.0],
                        [-51.5215046, -27.1817947, 1.0],
                        [-51.5214519, -27.181817, 1.0],
                        [-51.5213918, -27.1818373, 1.0],
                        [-51.5213189, -27.1818546, 1.0]
                    ],
                    [
                        [-51.5202714, -27.1766964, 1.0],
                        [-51.5215536, -27.1759192, 1.0]
                    ],
                    [
                        [-51.5215176, -27.1813844, 1.0],
                        [-51.5213052, -27.1816367, 1.0],
                        [-51.5211422, -27.1818311, 1.0]
                    ],
                    [
                        [-51.5211044, -27.1817677, 1.0],
                        [-51.5212406, -27.1816009, 1.0],
                        [-51.5213585, -27.1814606, 1.0],
                        [-51.5214425, -27.1813548, 1.0]
                    ],
                    [
                        [-51.5213842, -27.1813689, 1.0],
                        [-51.5214118, -27.1813622, 1.0],
                        [-51.5214425, -27.1813548, 1.0]
                    ],
                    [
                        [-51.521413, -27.1819438, 1.0],
                        [-51.5214005, -27.1819138, 1.0],
                        [-51.5213796, -27.1818878, 1.0],
                        [-51.5213517, -27.1818676, 1.0],
                        [-51.5213189, -27.1818546, 1.0]
                    ],
                    [
                        [-51.5212923, -27.1812156, 1.0],
                        [-51.5212937, -27.181274, 1.0],
                        [-51.5213044, -27.1813003, 1.0],
                        [-51.5213222, -27.1813221, 1.0],
                        [-51.5213433, -27.1813403, 1.0],
                        [-51.5213842, -27.1813689, 1.0]
                    ],
                    [
                        [-51.5210765, -27.1814627, 1.0],
                        [-51.5211374, -27.1814285, 1.0],
                        [-51.521179, -27.1814077, 1.0],
                        [-51.5212413, -27.1813901, 1.0],
                        [-51.5213038, -27.1813841, 1.0],
                        [-51.5213493, -27.181379, 1.0],
                        [-51.5213842, -27.1813689, 1.0]
                    ],
                    [
                        [-51.5213189, -27.1818546, 1.0],
                        [-51.521259, -27.1818467, 1.0],
                        [-51.5212037, -27.1818396, 1.0],
                        [-51.5211422, -27.1818311, 1.0]
                    ],
                    [
                        [-51.5210765, -27.1814627, 1.0],
                        [-51.5212353, -27.1812764, 1.0],
                        [-51.5212923, -27.1812156, 1.0]
                    ],
                    [
                        [-51.5207955, -27.178532, 1.0],
                        [-51.5210448, -27.1784408, 1.0],
                        [-51.5212655, -27.1783756, 1.0]
                    ],
                    [
                        [-51.5211422, -27.1818311, 1.0],
                        [-51.5207048, -27.1823465, 1.0],
                        [-51.5204434, -27.1825989, 1.0]
                    ],
                    [
                        [-51.5211044, -27.1817677, 1.0],
                        [-51.5210861, -27.181746, 1.0],
                        [-51.5210515, -27.1816983, 1.0]
                    ],
                    [
                        [-51.5204434, -27.1825989, 1.0],
                        [-51.5206642, -27.1822788, 1.0],
                        [-51.5211044, -27.1817677, 1.0]
                    ],
                    [
                        [-51.5210515, -27.1816983, 1.0],
                        [-51.5210513, -27.1816474, 1.0],
                        [-51.5210522, -27.181608, 1.0],
                        [-51.5210546, -27.1815735, 1.0],
                        [-51.5210637, -27.1815287, 1.0],
                        [-51.5210765, -27.1814627, 1.0]
                    ],
                    [
                        [-51.5209014, -27.1816433, 1.0],
                        [-51.5210172, -27.1815239, 1.0],
                        [-51.5210765, -27.1814627, 1.0]
                    ],
                    [
                        [-51.5210657, -27.1793038, 1.0],
                        [-51.520602, -27.1802163, 1.0],
                        [-51.5205266, -27.1803369, 1.0],
                        [-51.520404, -27.1804549, 1.0]
                    ],
                    [
                        [-51.5210657, -27.1793038, 1.0],
                        [-51.5205323, -27.1794942, 1.0],
                        [-51.5204001, -27.1794903, 1.0],
                        [-51.5196759, -27.1793847, 1.0],
                        [-51.5196174, -27.1793761, 1.0],
                        [-51.5195568, -27.1793673, 1.0]
                    ],
                    [
                        [-51.5210515, -27.1816983, 1.0],
                        [-51.5210134, -27.1816704, 1.0],
                        [-51.5209849, -27.1816591, 1.0],
                        [-51.5209014, -27.1816433, 1.0]
                    ],
                    [
                        [-51.5203575, -27.1821931, 1.0],
                        [-51.5206744, -27.181873, 1.0],
                        [-51.5209014, -27.1816433, 1.0]
                    ],
                    [
                        [-51.5207955, -27.178532, 1.0],
                        [-51.5206818, -27.1784512, 1.0],
                        [-51.5203944, -27.1782721, 1.0],
                        [-51.5203227, -27.1782361, 1.0]
                    ],
                    [
                        [-51.5195568, -27.1793673, 1.0],
                        [-51.5197036, -27.1792561, 1.0],
                        [-51.52007, -27.1790131, 1.0],
                        [-51.5207955, -27.178532, 1.0]
                    ],
                    [
                        [-51.5168956, -27.192334, 1.0],
                        [-51.5169978, -27.1915917, 1.0],
                        [-51.5171936, -27.1909858, 1.0],
                        [-51.5188084, -27.1861257, 1.0],
                        [-51.5191909, -27.1849864, 1.0],
                        [-51.5193, -27.1846841, 1.0],
                        [-51.5195202, -27.1840775, 1.0],
                        [-51.519675, -27.1837568, 1.0],
                        [-51.5198668, -27.183412, 1.0],
                        [-51.5201564, -27.1829627, 1.0],
                        [-51.5204434, -27.1825989, 1.0]
                    ],
                    [
                        [-51.520404, -27.1804549, 1.0],
                        [-51.5195864, -27.1803477, 1.0]
                    ],
                    [
                        [-51.5200306, -27.1819549, 1.0],
                        [-51.5209316, -27.1808988, 1.0],
                        [-51.5209396, -27.1808726, 1.0],
                        [-51.5209302, -27.1808416, 1.0],
                        [-51.520404, -27.1804549, 1.0]
                    ],
                    [
                        [-51.520404, -27.1804549, 1.0],
                        [-51.5194503, -27.1816044, 1.0]
                    ],
                    [
                        [-51.5193129, -27.1772697, 1.0],
                        [-51.5195663, -27.1774033, 1.0],
                        [-51.5197071, -27.1774582, 1.0],
                        [-51.5198641, -27.1774832, 1.0],
                        [-51.5200062, -27.1774844, 1.0],
                        [-51.5202127, -27.177414, 1.0],
                        [-51.5203884, -27.1773365, 1.0]
                    ],
                    [
                        [-51.5203575, -27.1821931, 1.0],
                        [-51.5200306, -27.1819549, 1.0]
                    ],
                    [
                        [-51.5186879, -27.1850683, 1.0],
                        [-51.5188542, -27.1847653, 1.0],
                        [-51.5192512, -27.183799, 1.0],
                        [-51.5194389, -27.1834339, 1.0],
                        [-51.5196642, -27.1830904, 1.0],
                        [-51.5199444, -27.182711, 1.0],
                        [-51.5203575, -27.1821931, 1.0]
                    ],
                    [
                        [-51.5203227, -27.1782361, 1.0],
                        [-51.5201726, -27.1782006, 1.0],
                        [-51.5200185, -27.1781785, 1.0],
                        [-51.5196418, -27.1781293, 1.0]
                    ],
                    [
                        [-51.5195234, -27.178545, 1.0],
                        [-51.5195724, -27.1785295, 1.0],
                        [-51.5196153, -27.1785349, 1.0],
                        [-51.5197568, -27.1785814, 1.0],
                        [-51.5197943, -27.1785802, 1.0],
                        [-51.5199016, -27.178517, 1.0],
                        [-51.520145, -27.17835, 1.0],
                        [-51.5203227, -27.1782361, 1.0]
                    ],
                    [
                        [-51.5202714, -27.1766964, 1.0],
                        [-51.5193406, -27.1766652, 1.0],
                        [-51.5187973, -27.1766723, 1.0],
                        [-51.5186761, -27.1766382, 1.0],
                        [-51.5184115, -27.1764879, 1.0]
                    ],
                    [
                        [-51.5193129, -27.1772697, 1.0],
                        [-51.5202714, -27.1766964, 1.0]
                    ],
                    [
                        [-51.5200306, -27.1819549, 1.0],
                        [-51.5194503, -27.1816044, 1.0]
                    ],
                    [
                        [-51.5180841, -27.1843102, 1.0],
                        [-51.518999, -27.1832049, 1.0],
                        [-51.5200306, -27.1819549, 1.0]
                    ],
                    [
                        [-51.5196418, -27.1781293, 1.0],
                        [-51.5192108, -27.1780564, 1.0],
                        [-51.5190996, -27.1780002, 1.0],
                        [-51.5189819, -27.1779314, 1.0],
                        [-51.5183576, -27.1772414, 1.0],
                        [-51.5182349, -27.1770619, 1.0],
                        [-51.5181917, -27.1769654, 1.0],
                        [-51.5181656, -27.1768623, 1.0],
                        [-51.5181602, -27.1767495, 1.0],
                        [-51.5181664, -27.1766711, 1.0]
                    ],
                    [
                        [-51.5196418, -27.1781293, 1.0],
                        [-51.5194374, -27.1782373, 1.0]
                    ],
                    [
                        [-51.5171702, -27.1715727, 1.0],
                        [-51.5174725, -27.1717412, 1.0],
                        [-51.5177472, -27.1718397, 1.0],
                        [-51.5189655, -27.1721359, 1.0],
                        [-51.5190635, -27.1721354, 1.0],
                        [-51.5191521, -27.1721259, 1.0],
                        [-51.519246, -27.1721053, 1.0],
                        [-51.5193081, -27.1720818, 1.0],
                        [-51.5194289, -27.1720072, 1.0],
                        [-51.5195187, -27.1719037, 1.0],
                        [-51.5195695, -27.1717963, 1.0],
                        [-51.5196195, -27.1716905, 1.0]
                    ],
                    [
                        [-51.5195864, -27.1803477, 1.0],
                        [-51.5189515, -27.1801831, 1.0],
                        [-51.5188546, -27.1801677, 1.0]
                    ],
                    [
                        [-51.5195864, -27.1803477, 1.0],
                        [-51.5180672, -27.1821548, 1.0]
                    ],
                    [
                        [-51.5195568, -27.1793673, 1.0],
                        [-51.5188985, -27.1792489, 1.0],
                        [-51.5185147, -27.1791739, 1.0]
                    ],
                    [
                        [-51.5194503, -27.1816044, 1.0],
                        [-51.5185359, -27.182681, 1.0]
                    ],
                    [
                        [-51.5193665, -27.1786392, 1.0],
                        [-51.5185147, -27.1791739, 1.0]
                    ],
                    [
                        [-51.5185184, -27.1768058, 1.0],
                        [-51.5187113, -27.1769261, 1.0],
                        [-51.5191939, -27.1771986, 1.0],
                        [-51.5193129, -27.1772697, 1.0]
                    ],
                    [
                        [-51.5188546, -27.1801677, 1.0],
                        [-51.5187451, -27.1801457, 1.0],
                        [-51.5185851, -27.1801474, 1.0],
                        [-51.5182789, -27.1802391, 1.0],
                        [-51.5176418, -27.1804682, 1.0],
                        [-51.5173227, -27.1805899, 1.0],
                        [-51.5170357, -27.1807449, 1.0],
                        [-51.5169297, -27.1808213, 1.0]
                    ],
                    [
                        [-51.5188546, -27.1801677, 1.0],
                        [-51.5182193, -27.1809088, 1.0],
                        [-51.517589, -27.1816002, 1.0]
                    ],
                    [
                        [-51.5186879, -27.1850683, 1.0],
                        [-51.5180841, -27.1843102, 1.0]
                    ],
                    [
                        [-51.5178398, -27.1864343, 1.0],
                        [-51.51796, -27.1861571, 1.0],
                        [-51.518065, -27.185966, 1.0],
                        [-51.5186569, -27.1851346, 1.0],
                        [-51.5186879, -27.1850683, 1.0]
                    ],
                    [
                        [-51.5186273, -27.1784867, 1.0],
                        [-51.5182302, -27.1782908, 1.0]
                    ],
                    [
                        [-51.5185359, -27.182681, 1.0],
                        [-51.5180672, -27.1821548, 1.0]
                    ],
                    [
                        [-51.5185359, -27.182681, 1.0],
                        [-51.5179472, -27.1833873, 1.0],
                        [-51.517607, -27.1837704, 1.0]
                    ],
                    [
                        [-51.5185184, -27.1768058, 1.0],
                        [-51.5183409, -27.1767246, 1.0],
                        [-51.5182925, -27.1767263, 1.0],
                        [-51.5182218, -27.1767556, 1.0]
                    ],
                    [
                        [-51.5181664, -27.1766711, 1.0],
                        [-51.5182247, -27.1766557, 1.0],
                        [-51.5182963, -27.1766636, 1.0],
                        [-51.5183379, -27.1766737, 1.0],
                        [-51.5183734, -27.1766869, 1.0],
                        [-51.5184284, -27.1767256, 1.0],
                        [-51.5185184, -27.1768058, 1.0]
                    ],
                    [
                        [-51.5185147, -27.1791739, 1.0],
                        [-51.5184722, -27.1791656, 1.0],
                        [-51.5184327, -27.1791579, 1.0]
                    ],
                    [
                        [-51.5184327, -27.1791579, 1.0],
                        [-51.5182077, -27.1790516, 1.0],
                        [-51.5178539, -27.1788754, 1.0]
                    ],
                    [
                        [-51.5156225, -27.1803943, 1.0],
                        [-51.516217, -27.1800099, 1.0],
                        [-51.5164916, -27.1798764, 1.0],
                        [-51.5182176, -27.1792599, 1.0],
                        [-51.5184327, -27.1791579, 1.0]
                    ],
                    [
                        [-51.5183409, -27.1781265, 1.0],
                        [-51.5182302, -27.1782908, 1.0]
                    ],
                    [
                        [-51.5182302, -27.1782908, 1.0],
                        [-51.5181282, -27.1784408, 1.0],
                        [-51.5178539, -27.1788754, 1.0]
                    ],
                    [
                        [-51.5182218, -27.1767556, 1.0],
                        [-51.5181964, -27.1767179, 1.0],
                        [-51.5181664, -27.1766711, 1.0]
                    ],
                    [
                        [-51.5181664, -27.1766711, 1.0],
                        [-51.518016, -27.176433, 1.0],
                        [-51.5178855, -27.1762265, 1.0],
                        [-51.5177132, -27.175974, 1.0],
                        [-51.517486, -27.1757155, 1.0]
                    ],
                    [
                        [-51.5180841, -27.1843102, 1.0],
                        [-51.5180385, -27.1842636, 1.0]
                    ],
                    [
                        [-51.5180672, -27.1821548, 1.0],
                        [-51.517589, -27.1816002, 1.0]
                    ],
                    [
                        [-51.5180672, -27.1821548, 1.0],
                        [-51.517638, -27.1827034, 1.0]
                    ],
                    [
                        [-51.5180385, -27.1842636, 1.0],
                        [-51.517607, -27.1837704, 1.0]
                    ],
                    [
                        [-51.5170276, -27.1855055, 1.0],
                        [-51.5172575, -27.1852404, 1.0],
                        [-51.5174399, -27.1849746, 1.0],
                        [-51.5177414, -27.1846203, 1.0],
                        [-51.5179369, -27.1843907, 1.0],
                        [-51.5179649, -27.1843557, 1.0],
                        [-51.5180385, -27.1842636, 1.0]
                    ],
                    [
                        [-51.5178539, -27.1788754, 1.0],
                        [-51.5172494, -27.178582, 1.0]
                    ],
                    [
                        [-51.5178398, -27.1864343, 1.0],
                        [-51.5170276, -27.1855055, 1.0]
                    ],
                    [
                        [-51.5175992, -27.1870848, 1.0],
                        [-51.517744, -27.1867184, 1.0],
                        [-51.5178398, -27.1864343, 1.0]
                    ],
                    [
                        [-51.5163442, -27.1812077, 1.0],
                        [-51.517638, -27.1827034, 1.0]
                    ],
                    [
                        [-51.517638, -27.1827034, 1.0],
                        [-51.5172596, -27.1831202, 1.0],
                        [-51.5172341, -27.1832001, 1.0],
                        [-51.5172315, -27.183249, 1.0],
                        [-51.517261, -27.183317, 1.0],
                        [-51.517607, -27.1837704, 1.0]
                    ],
                    [
                        [-51.5166167, -27.1859638, 1.0],
                        [-51.5171721, -27.1865975, 1.0],
                        [-51.5175992, -27.1870848, 1.0]
                    ],
                    [
                        [-51.5173671, -27.1878029, 1.0],
                        [-51.5175992, -27.1870848, 1.0]
                    ],
                    [
                        [-51.517589, -27.1816002, 1.0],
                        [-51.517375, -27.181382, 1.0],
                        [-51.5171765, -27.1811506, 1.0],
                        [-51.5169297, -27.1808213, 1.0]
                    ],
                    [
                        [-51.517486, -27.1757155, 1.0],
                        [-51.5172897, -27.1755713, 1.0],
                        [-51.5171057, -27.1754539, 1.0],
                        [-51.5169288, -27.1753546, 1.0]
                    ],
                    [
                        [-51.5169966, -27.1752179, 1.0],
                        [-51.5171481, -27.1752811, 1.0],
                        [-51.5173001, -27.1754192, 1.0],
                        [-51.5174257, -27.1755868, 1.0],
                        [-51.517486, -27.1757155, 1.0]
                    ],
                    [
                        [-51.5173671, -27.1878029, 1.0],
                        [-51.516225, -27.1864315, 1.0]
                    ],
                    [
                        [-51.5173671, -27.1878029, 1.0],
                        [-51.5172851, -27.1880333, 1.0],
                        [-51.517273, -27.1880817, 1.0],
                        [-51.5172969, -27.1881433, 1.0],
                        [-51.5174816, -27.1883627, 1.0],
                        [-51.5174937, -27.1883979, 1.0],
                        [-51.5174762, -27.1884449, 1.0],
                        [-51.516282, -27.189308, 1.0],
                        [-51.5162364, -27.1893653, 1.0],
                        [-51.5161827, -27.1894428, 1.0],
                        [-51.5160956, -27.1897625, 1.0],
                        [-51.5159145, -27.1903399, 1.0],
                        [-51.5158287, -27.1907323, 1.0],
                        [-51.5157495, -27.1913694, 1.0],
                        [-51.5157053, -27.1915232, 1.0],
                        [-51.5155967, -27.1917761, 1.0],
                        [-51.5155209, -27.1918793, 1.0],
                        [-51.5154807, -27.1919085, 1.0],
                        [-51.5153412, -27.1919718, 1.0],
                        [-51.5153137, -27.1919897, 1.0],
                        [-51.5152949, -27.1920195, 1.0],
                        [-51.515252, -27.1923523, 1.0]
                    ],
                    [
                        [-51.5172494, -27.178582, 1.0],
                        [-51.5171443, -27.1785295, 1.0]
                    ],
                    [
                        [-51.5166231, -27.1782685, 1.0],
                        [-51.517233, -27.1773595, 1.0],
                        [-51.5173354, -27.1773257, 1.0],
                        [-51.5178297, -27.1776772, 1.0],
                        [-51.5172494, -27.178582, 1.0]
                    ],
                    [
                        [-51.5163464, -27.1711257, 1.0],
                        [-51.5171702, -27.1715727, 1.0]
                    ],
                    [
                        [-51.5171702, -27.1715727, 1.0],
                        [-51.5169385, -27.1707624, 1.0],
                        [-51.5168895, -27.1707023, 1.0],
                        [-51.5165667, -27.1704017, 1.0],
                        [-51.5161898, -27.1700924, 1.0],
                        [-51.5161265, -27.1700577, 1.0],
                        [-51.5160437, -27.1700317, 1.0],
                        [-51.5152454, -27.1700003, 1.0]
                    ],
                    [
                        [-51.5171443, -27.1785295, 1.0],
                        [-51.5169867, -27.1784506, 1.0],
                        [-51.5166231, -27.1782685, 1.0]
                    ],
                    [
                        [-51.5171443, -27.1785295, 1.0],
                        [-51.516809, -27.1790759, 1.0],
                        [-51.5167721, -27.1791016, 1.0],
                        [-51.516742, -27.1791111, 1.0],
                        [-51.5165408, -27.179101, 1.0],
                        [-51.5164751, -27.1791117, 1.0],
                        [-51.5160325, -27.1793682, 1.0]
                    ],
                    [
                        [-51.5170276, -27.1855055, 1.0],
                        [-51.5162889, -27.1845965, 1.0],
                        [-51.5161399, -27.1844431, 1.0]
                    ],
                    [
                        [-51.5166167, -27.1859638, 1.0],
                        [-51.5170276, -27.1855055, 1.0]
                    ],
                    [
                        [-51.5169092, -27.1751863, 1.0],
                        [-51.5169335, -27.1751861, 1.0],
                        [-51.516957, -27.1751915, 1.0],
                        [-51.5169782, -27.175202, 1.0],
                        [-51.5169966, -27.1752179, 1.0]
                    ],
                    [
                        [-51.5169966, -27.1752179, 1.0],
                        [-51.5170096, -27.1752375, 1.0],
                        [-51.5170162, -27.1752596, 1.0],
                        [-51.5170159, -27.1752824, 1.0],
                        [-51.5170089, -27.1753043, 1.0],
                        [-51.5169954, -27.1753238, 1.0],
                        [-51.5169767, -27.1753393, 1.0],
                        [-51.5169539, -27.1753499, 1.0],
                        [-51.5169288, -27.1753546, 1.0]
                    ],
                    [
                        [-51.5169297, -27.1808213, 1.0],
                        [-51.5163442, -27.1812077, 1.0]
                    ],
                    [
                        [-51.5169288, -27.1753546, 1.0],
                        [-51.5169032, -27.1753532, 1.0],
                        [-51.5168802, -27.1753463, 1.0],
                        [-51.5168599, -27.1753345, 1.0],
                        [-51.5168436, -27.1753185, 1.0]
                    ],
                    [
                        [-51.5161338, -27.1751977, 1.0],
                        [-51.5162531, -27.1751623, 1.0],
                        [-51.5164683, -27.1751449, 1.0],
                        [-51.5166541, -27.1751354, 1.0],
                        [-51.5167805, -27.1751493, 1.0],
                        [-51.5169092, -27.1751863, 1.0]
                    ],
                    [
                        [-51.5168436, -27.1753185, 1.0],
                        [-51.5168324, -27.1752994, 1.0],
                        [-51.516827, -27.1752783, 1.0],
                        [-51.5168278, -27.1752567, 1.0],
                        [-51.5168347, -27.175236, 1.0],
                        [-51.5168472, -27.1752175, 1.0],
                        [-51.5168646, -27.1752025, 1.0],
                        [-51.5168857, -27.1751918, 1.0],
                        [-51.5169092, -27.1751863, 1.0]
                    ],
                    [
                        [-51.5163293, -27.1940779, 1.0],
                        [-51.5164666, -27.1939492, 1.0],
                        [-51.5165678, -27.19381, 1.0],
                        [-51.5167093, -27.1935496, 1.0],
                        [-51.5167822, -27.1933762, 1.0],
                        [-51.5168211, -27.1932362, 1.0],
                        [-51.5168413, -27.1931009, 1.0],
                        [-51.5168626, -27.1927894, 1.0],
                        [-51.5168956, -27.192334, 1.0]
                    ],
                    [
                        [-51.5168436, -27.1753185, 1.0],
                        [-51.5167491, -27.1752816, 1.0],
                        [-51.5166422, -27.175252, 1.0],
                        [-51.5164639, -27.1752106, 1.0],
                        [-51.5163316, -27.175206, 1.0],
                        [-51.5161338, -27.1751977, 1.0]
                    ],
                    [
                        [-51.5158503, -27.1779431, 1.0],
                        [-51.5161224, -27.1776184, 1.0],
                        [-51.5167624, -27.1768952, 1.0]
                    ],
                    [
                        [-51.5166231, -27.1782685, 1.0],
                        [-51.5165328, -27.1782301, 1.0]
                    ],
                    [
                        [-51.5158941, -27.1848945, 1.0],
                        [-51.5160181, -27.1851294, 1.0],
                        [-51.5161639, -27.1854054, 1.0],
                        [-51.5163007, -27.1856082, 1.0],
                        [-51.5166167, -27.1859638, 1.0]
                    ],
                    [
                        [-51.516225, -27.1864315, 1.0],
                        [-51.5166167, -27.1859638, 1.0]
                    ],
                    [
                        [-51.5165328, -27.1782301, 1.0],
                        [-51.5158503, -27.1779431, 1.0]
                    ],
                    [
                        [-51.5153338, -27.1790747, 1.0],
                        [-51.515716, -27.1787896, 1.0],
                        [-51.5164537, -27.1782862, 1.0],
                        [-51.5165328, -27.1782301, 1.0]
                    ],
                    [
                        [-51.5159919, -27.1709974, 1.0],
                        [-51.5160894, -27.1710327, 1.0],
                        [-51.5163464, -27.1711257, 1.0]
                    ],
                    [
                        [-51.5163464, -27.1711257, 1.0],
                        [-51.5163825, -27.1713056, 1.0],
                        [-51.5164549, -27.1715045, 1.0],
                        [-51.516569, -27.1717419, 1.0],
                        [-51.5166462, -27.1718808, 1.0],
                        [-51.5152589, -27.1715576, 1.0],
                        [-51.5146899, -27.1714195, 1.0],
                        [-51.5137832, -27.1702175, 1.0],
                        [-51.5150615, -27.1706689, 1.0],
                        [-51.5159919, -27.1709974, 1.0]
                    ],
                    [
                        [-51.5156225, -27.1803943, 1.0],
                        [-51.5163442, -27.1812077, 1.0]
                    ],
                    [
                        [-51.5163442, -27.1812077, 1.0],
                        [-51.516063, -27.1813902, 1.0]
                    ],
                    [
                        [-51.516225, -27.1864315, 1.0],
                        [-51.5157228, -27.1858275, 1.0],
                        [-51.5156971, -27.1857233, 1.0],
                        [-51.5156949, -27.1856589, 1.0],
                        [-51.5158941, -27.1848945, 1.0]
                    ],
                    [
                        [-51.5160294, -27.1867286, 1.0],
                        [-51.5160328, -27.186667, 1.0],
                        [-51.5160565, -27.1866204, 1.0],
                        [-51.516225, -27.1864315, 1.0]
                    ],
                    [
                        [-51.5161399, -27.1844431, 1.0],
                        [-51.516176, -27.1843806, 1.0],
                        [-51.5162144, -27.1843143, 1.0],
                        [-51.5162591, -27.1841988, 1.0],
                        [-51.5162456, -27.1841311, 1.0],
                        [-51.5156952, -27.1834845, 1.0]
                    ],
                    [
                        [-51.5158255, -27.1847768, 1.0],
                        [-51.5161399, -27.1844431, 1.0]
                    ],
                    [
                        [-51.5161338, -27.1751977, 1.0],
                        [-51.5159098, -27.1752268, 1.0],
                        [-51.5155675, -27.1752655, 1.0],
                        [-51.5153432, -27.1752739, 1.0],
                        [-51.5151398, -27.1752788, 1.0]
                    ],
                    [
                        [-51.5159919, -27.1709974, 1.0],
                        [-51.5152454, -27.1700003, 1.0]
                    ],
                    [
                        [-51.5158255, -27.1847768, 1.0],
                        [-51.5158941, -27.1848945, 1.0]
                    ],
                    [
                        [-51.5148912, -27.1785772, 1.0],
                        [-51.5156101, -27.1780344, 1.0],
                        [-51.5156959, -27.1779748, 1.0],
                        [-51.5157844, -27.1779437, 1.0],
                        [-51.5158503, -27.1779431, 1.0]
                    ],
                    [
                        [-51.515193, -27.1838187, 1.0],
                        [-51.5154612, -27.1841838, 1.0],
                        [-51.5158255, -27.1847768, 1.0]
                    ],
                    [
                        [-51.5156952, -27.1834845, 1.0],
                        [-51.5153794, -27.1831234, 1.0],
                        [-51.5147196, -27.182377, 1.0],
                        [-51.514674, -27.1823567, 1.0],
                        [-51.514627, -27.1823698, 1.0],
                        [-51.5144514, -27.182498, 1.0]
                    ],
                    [
                        [-51.5156952, -27.1834845, 1.0],
                        [-51.515193, -27.1838187, 1.0]
                    ],
                    [
                        [-51.514796, -27.1794422, 1.0],
                        [-51.5152375, -27.17995, 1.0],
                        [-51.5156225, -27.1803943, 1.0]
                    ],
                    [
                        [-51.5150078, -27.1807887, 1.0],
                        [-51.5156225, -27.1803943, 1.0]
                    ],
                    [
                        [-51.5148912, -27.1785772, 1.0],
                        [-51.5153338, -27.1790747, 1.0]
                    ],
                    [
                        [-51.514796, -27.1794422, 1.0],
                        [-51.5151294, -27.1792144, 1.0],
                        [-51.5153338, -27.1790747, 1.0]
                    ],
                    [
                        [-51.5152454, -27.1700003, 1.0],
                        [-51.5147433, -27.1698662, 1.0],
                        [-51.5139629, -27.1695478, 1.0],
                        [-51.5132381, -27.1692983, 1.0],
                        [-51.5129964, -27.1692652, 1.0]
                    ],
                    [
                        [-51.5141724, -27.183082, 1.0],
                        [-51.5144648, -27.1831724, 1.0],
                        [-51.5147233, -27.1833017, 1.0],
                        [-51.5148409, -27.183405, 1.0],
                        [-51.5149147, -27.1834698, 1.0],
                        [-51.515193, -27.1838187, 1.0]
                    ],
                    [
                        [-51.5146177, -27.1750896, 1.0],
                        [-51.5148247, -27.1752074, 1.0],
                        [-51.5148652, -27.1752232, 1.0],
                        [-51.5151398, -27.1752788, 1.0]
                    ],
                    [
                        [-51.5151398, -27.1752788, 1.0],
                        [-51.5148173, -27.1752925, 1.0],
                        [-51.5146433, -27.1752869, 1.0],
                        [-51.5144632, -27.1752556, 1.0]
                    ],
                    [
                        [-51.5144368, -27.1753874, 1.0],
                        [-51.5145021, -27.1754773, 1.0],
                        [-51.5146113, -27.1756379, 1.0],
                        [-51.5148379, -27.1759562, 1.0],
                        [-51.5149079, -27.1760918, 1.0],
                        [-51.5149635, -27.1762353, 1.0],
                        [-51.5150277, -27.1764702, 1.0],
                        [-51.5150797, -27.1767438, 1.0],
                        [-51.5150817, -27.1768426, 1.0]
                    ],
                    [
                        [-51.5150817, -27.1768426, 1.0],
                        [-51.5150777, -27.17708, 1.0],
                        [-51.5150054, -27.17739, 1.0],
                        [-51.51488, -27.1775905, 1.0],
                        [-51.5146539, -27.1777791, 1.0],
                        [-51.5142167, -27.1780669, 1.0],
                        [-51.513929, -27.1781804, 1.0],
                        [-51.5138407, -27.1782107, 1.0],
                        [-51.5137811, -27.1782571, 1.0],
                        [-51.5137172, -27.1783405, 1.0],
                        [-51.5134884, -27.1786393, 1.0],
                        [-51.5131584, -27.179044, 1.0],
                        [-51.5130892, -27.179134, 1.0],
                        [-51.5130408, -27.1792104, 1.0]
                    ],
                    [
                        [-51.5141147, -27.1775727, 1.0],
                        [-51.5149909, -27.1769111, 1.0],
                        [-51.5150817, -27.1768426, 1.0]
                    ],
                    [
                        [-51.5150078, -27.1807887, 1.0],
                        [-51.5142438, -27.1798976, 1.0],
                        [-51.5142368, -27.1798729, 1.0],
                        [-51.5142395, -27.1798466, 1.0],
                        [-51.5142455, -27.1798287, 1.0],
                        [-51.514796, -27.1794422, 1.0]
                    ],
                    [
                        [-51.5137129, -27.1816196, 1.0],
                        [-51.514141, -27.1813449, 1.0],
                        [-51.5150078, -27.1807887, 1.0]
                    ],
                    [
                        [-51.5141291, -27.1786435, 1.0],
                        [-51.5146304, -27.1783637, 1.0],
                        [-51.5146612, -27.1783631, 1.0],
                        [-51.5146954, -27.1783744, 1.0],
                        [-51.5148416, -27.1785235, 1.0],
                        [-51.5148912, -27.1785772, 1.0]
                    ],
                    [
                        [-51.5141291, -27.1786435, 1.0],
                        [-51.514796, -27.1794422, 1.0]
                    ],
                    [
                        [-51.5143247, -27.1751881, 1.0],
                        [-51.5143131, -27.1751452, 1.0],
                        [-51.5143165, -27.1751009, 1.0],
                        [-51.5143345, -27.1750596, 1.0],
                        [-51.5143654, -27.1750248, 1.0],
                        [-51.5144064, -27.1749999, 1.0],
                        [-51.514465, -27.1750097, 1.0],
                        [-51.5145209, -27.1750284, 1.0],
                        [-51.5145722, -27.1750553, 1.0],
                        [-51.5146177, -27.1750896, 1.0]
                    ],
                    [
                        [-51.5146177, -27.1750896, 1.0],
                        [-51.5146139, -27.1751287, 1.0],
                        [-51.5145998, -27.1751658, 1.0],
                        [-51.514576, -27.1751988, 1.0],
                        [-51.5145439, -27.1752257, 1.0],
                        [-51.5145056, -27.175245, 1.0],
                        [-51.5144632, -27.1752556, 1.0]
                    ],
                    [
                        [-51.5144632, -27.1752556, 1.0],
                        [-51.5144132, -27.1752397, 1.0],
                        [-51.5143666, -27.175217, 1.0],
                        [-51.5143247, -27.1751881, 1.0]
                    ],
                    [
                        [-51.5144368, -27.1753874, 1.0],
                        [-51.5144475, -27.1753304, 1.0],
                        [-51.5144632, -27.1752556, 1.0]
                    ],
                    [
                        [-51.5137129, -27.1816196, 1.0],
                        [-51.5144514, -27.182498, 1.0]
                    ],
                    [
                        [-51.5139405, -27.1828558, 1.0],
                        [-51.5144514, -27.182498, 1.0]
                    ],
                    [
                        [-51.5141792, -27.1766909, 1.0],
                        [-51.5142609, -27.1766135, 1.0],
                        [-51.5142985, -27.1765658, 1.0],
                        [-51.5143273, -27.1764936, 1.0],
                        [-51.514344, -27.1763986, 1.0],
                        [-51.514349, -27.1761844, 1.0],
                        [-51.5143701, -27.1758898, 1.0],
                        [-51.5144368, -27.1753874, 1.0]
                    ],
                    [
                        [-51.5143247, -27.1751881, 1.0],
                        [-51.5142739, -27.1751545, 1.0],
                        [-51.5142207, -27.1751073, 1.0],
                        [-51.5141131, -27.1750052, 1.0],
                        [-51.5139699, -27.1748478, 1.0]
                    ],
                    [
                        [-51.5141792, -27.1766909, 1.0],
                        [-51.5141217, -27.1766483, 1.0],
                        [-51.5138236, -27.1764845, 1.0],
                        [-51.513631, -27.1763794, 1.0],
                        [-51.5135426, -27.1763358, 1.0],
                        [-51.5133521, -27.1762961, 1.0],
                        [-51.5131307, -27.1763103, 1.0],
                        [-51.512845, -27.1764748, 1.0],
                        [-51.5124987, -27.1766741, 1.0],
                        [-51.5122949, -27.1768233, 1.0],
                        [-51.5116759, -27.1774402, 1.0]
                    ],
                    [
                        [-51.5132122, -27.1773914, 1.0],
                        [-51.5141792, -27.1766909, 1.0]
                    ],
                    [
                        [-51.5139405, -27.1828558, 1.0],
                        [-51.5141724, -27.183082, 1.0]
                    ],
                    [
                        [-51.5128293, -27.1854597, 1.0],
                        [-51.5132162, -27.1850576, 1.0],
                        [-51.5137553, -27.1845506, 1.0],
                        [-51.5139887, -27.1843323, 1.0],
                        [-51.5141013, -27.1842368, 1.0],
                        [-51.5142663, -27.1841462, 1.0],
                        [-51.5144031, -27.1840949, 1.0],
                        [-51.5145037, -27.1840018, 1.0],
                        [-51.5146646, -27.1836904, 1.0],
                        [-51.514686, -27.1835532, 1.0],
                        [-51.5146565, -27.1834602, 1.0],
                        [-51.5145989, -27.1833886, 1.0],
                        [-51.5143347, -27.1832252, 1.0],
                        [-51.5141724, -27.183082, 1.0]
                    ],
                    [
                        [-51.5130408, -27.1792104, 1.0],
                        [-51.5131882, -27.1791491, 1.0],
                        [-51.5132712, -27.1791103, 1.0],
                        [-51.5141291, -27.1786435, 1.0]
                    ],
                    [
                        [-51.5141147, -27.1775727, 1.0],
                        [-51.5140439, -27.1774989, 1.0],
                        [-51.5139731, -27.1774251, 1.0],
                        [-51.5139023, -27.1773512, 1.0],
                        [-51.5138103, -27.1773961, 1.0],
                        [-51.5134637, -27.1776447, 1.0]
                    ],
                    [
                        [-51.5137012, -27.177884, 1.0],
                        [-51.5141147, -27.1775727, 1.0]
                    ],
                    [
                        [-51.513157, -27.1819459, 1.0],
                        [-51.5139405, -27.1828558, 1.0]
                    ],
                    [
                        [-51.5133561, -27.1832735, 1.0],
                        [-51.5139405, -27.1828558, 1.0]
                    ],
                    [
                        [-51.5129221, -27.1807342, 1.0],
                        [-51.5137129, -27.1816196, 1.0]
                    ],
                    [
                        [-51.513157, -27.1819459, 1.0],
                        [-51.5137129, -27.1816196, 1.0]
                    ],
                    [
                        [-51.5137012, -27.177884, 1.0],
                        [-51.5134637, -27.1776447, 1.0]
                    ],
                    [
                        [-51.5133638, -27.1781274, 1.0],
                        [-51.5137012, -27.177884, 1.0]
                    ],
                    [
                        [-51.5135196, -27.1728231, 1.0],
                        [-51.5134364, -27.1728805, 1.0],
                        [-51.513356, -27.1729968, 1.0],
                        [-51.5130125, -27.173406, 1.0],
                        [-51.5128231, -27.1735793, 1.0],
                        [-51.5125689, -27.1739155, 1.0]
                    ],
                    [
                        [-51.5134637, -27.1776447, 1.0],
                        [-51.5132122, -27.1773914, 1.0]
                    ],
                    [
                        [-51.5134637, -27.1776447, 1.0],
                        [-51.513125, -27.1778877, 1.0],
                        [-51.5130104, -27.1779645, 1.0],
                        [-51.512689, -27.1782865, 1.0],
                        [-51.5115607, -27.1790762, 1.0],
                        [-51.5112796, -27.1791141, 1.0],
                        [-51.5111008, -27.1792334, 1.0],
                        [-51.5110476, -27.1792523, 1.0],
                        [-51.5109901, -27.1792296, 1.0],
                        [-51.5108451, -27.179089, 1.0],
                        [-51.5105888, -27.1788565, 1.0]
                    ],
                    [
                        [-51.5121812, -27.1754915, 1.0],
                        [-51.5123257, -27.175529, 1.0],
                        [-51.5129346, -27.1755827, 1.0],
                        [-51.513074, -27.175597, 1.0],
                        [-51.5134025, -27.1755833, 1.0]
                    ],
                    [
                        [-51.5133561, -27.1832735, 1.0],
                        [-51.5125478, -27.1822936, 1.0]
                    ],
                    [
                        [-51.5127247, -27.1836075, 1.0],
                        [-51.5133561, -27.1832735, 1.0]
                    ],
                    [
                        [-51.5129221, -27.1807342, 1.0],
                        [-51.5132516, -27.1805074, 1.0]
                    ],
                    [
                        [-51.5120427, -27.1778435, 1.0],
                        [-51.5122278, -27.1777683, 1.0],
                        [-51.5124118, -27.1777267, 1.0],
                        [-51.5126467, -27.1776936, 1.0],
                        [-51.5128368, -27.1776402, 1.0],
                        [-51.5129728, -27.1775568, 1.0],
                        [-51.5132122, -27.1773914, 1.0]
                    ],
                    [
                        [-51.512396, -27.1810964, 1.0],
                        [-51.513157, -27.1819459, 1.0]
                    ],
                    [
                        [-51.513157, -27.1819459, 1.0],
                        [-51.512648, -27.1822658, 1.0],
                        [-51.5125478, -27.1822936, 1.0]
                    ],
                    [
                        [-51.5131495, -27.1745833, 1.0],
                        [-51.5133638, -27.174887, 1.0],
                        [-51.5135064, -27.1750366, 1.0],
                        [-51.5135533, -27.1750906, 1.0],
                        [-51.5135639, -27.1751531, 1.0],
                        [-51.5135442, -27.1751848, 1.0],
                        [-51.5135135, -27.175203, 1.0],
                        [-51.5134782, -27.1752091, 1.0],
                        [-51.5134327, -27.175203, 1.0],
                        [-51.5128424, -27.1749182, 1.0],
                        [-51.5122226, -27.1746414, 1.0]
                    ],
                    [
                        [-51.5115298, -27.1800851, 1.0],
                        [-51.5127514, -27.1793403, 1.0],
                        [-51.5130408, -27.1792104, 1.0]
                    ],
                    [
                        [-51.512396, -27.1810964, 1.0],
                        [-51.5129221, -27.1807342, 1.0]
                    ],
                    [
                        [-51.5128293, -27.1854597, 1.0],
                        [-51.5126823, -27.1856686, 1.0],
                        [-51.5124686, -27.1859325, 1.0],
                        [-51.5121418, -27.1862554, 1.0],
                        [-51.5116873, -27.1866919, 1.0],
                        [-51.5111817, -27.187187, 1.0],
                        [-51.5110144, -27.1873809, 1.0],
                        [-51.5107848, -27.1876487, 1.0],
                        [-51.5106078, -27.1878813, 1.0],
                        [-51.510369, -27.1882404, 1.0],
                        [-51.5102001, -27.1884575, 1.0],
                        [-51.5098956, -27.1887235, 1.0],
                        [-51.5095523, -27.1889692, 1.0],
                        [-51.5093619, -27.1890861, 1.0],
                        [-51.5091456, -27.1892145, 1.0]
                    ],
                    [
                        [-51.5099837, -27.1873854, 1.0],
                        [-51.5104026, -27.186977, 1.0],
                        [-51.5111026, -27.1865189, 1.0],
                        [-51.5121111, -27.1858724, 1.0],
                        [-51.5128293, -27.1854597, 1.0]
                    ],
                    [
                        [-51.5127247, -27.1836075, 1.0],
                        [-51.5125564, -27.1834149, 1.0],
                        [-51.512382, -27.1832144, 1.0],
                        [-51.5122104, -27.1830236, 1.0],
                        [-51.5120569, -27.1828533, 1.0]
                    ],
                    [
                        [-51.5120642, -27.1839028, 1.0],
                        [-51.5127247, -27.1836075, 1.0]
                    ],
                    [
                        [-51.5125689, -27.1739155, 1.0],
                        [-51.5121078, -27.1738845, 1.0],
                        [-51.5115399, -27.1738463, 1.0]
                    ],
                    [
                        [-51.5125689, -27.1739155, 1.0],
                        [-51.5124786, -27.1740544, 1.0],
                        [-51.5124424, -27.1741164, 1.0],
                        [-51.5122226, -27.1746414, 1.0]
                    ],
                    [
                        [-51.5125478, -27.1822936, 1.0],
                        [-51.512279, -27.1819621, 1.0],
                        [-51.5118481, -27.1814737, 1.0]
                    ],
                    [
                        [-51.5115298, -27.1800851, 1.0],
                        [-51.5116565, -27.1802399, 1.0],
                        [-51.512396, -27.1810964, 1.0]
                    ],
                    [
                        [-51.5118481, -27.1814737, 1.0],
                        [-51.5119131, -27.1814289, 1.0],
                        [-51.512396, -27.1810964, 1.0]
                    ],
                    [
                        [-51.5122226, -27.1746414, 1.0],
                        [-51.5121812, -27.1747392, 1.0],
                        [-51.5121049, -27.1748971, 1.0]
                    ],
                    [
                        [-51.5120159, -27.1749957, 1.0],
                        [-51.511981, -27.175052, 1.0],
                        [-51.511881, -27.1752254, 1.0],
                        [-51.5118567, -27.1752912, 1.0],
                        [-51.5120899, -27.1754349, 1.0],
                        [-51.5121812, -27.1754915, 1.0]
                    ],
                    [
                        [-51.5121049, -27.1748971, 1.0],
                        [-51.5122395, -27.1749609, 1.0],
                        [-51.5124228, -27.1750443, 1.0],
                        [-51.5124409, -27.1750576, 1.0],
                        [-51.5124574, -27.1750827, 1.0],
                        [-51.5124565, -27.1751093, 1.0],
                        [-51.512398, -27.175188, 1.0],
                        [-51.5121812, -27.1754915, 1.0]
                    ],
                    [
                        [-51.5121812, -27.1754915, 1.0],
                        [-51.5119019, -27.1758475, 1.0]
                    ],
                    [
                        [-51.5121049, -27.1748971, 1.0],
                        [-51.5120502, -27.1749586, 1.0],
                        [-51.5120159, -27.1749957, 1.0]
                    ],
                    [
                        [-51.5120642, -27.1839028, 1.0],
                        [-51.5115743, -27.183309, 1.0]
                    ],
                    [
                        [-51.5114262, -27.1841923, 1.0],
                        [-51.5120642, -27.1839028, 1.0]
                    ],
                    [
                        [-51.5116759, -27.1774402, 1.0],
                        [-51.5120427, -27.1778435, 1.0]
                    ],
                    [
                        [-51.5105888, -27.1788565, 1.0],
                        [-51.5107258, -27.1787538, 1.0],
                        [-51.5114124, -27.1782754, 1.0],
                        [-51.5120427, -27.1778435, 1.0]
                    ],
                    [
                        [-51.5120159, -27.1749957, 1.0],
                        [-51.5113816, -27.1747786, 1.0]
                    ],
                    [
                        [-51.5119019, -27.1758475, 1.0],
                        [-51.5110677, -27.1752856, 1.0]
                    ],
                    [
                        [-51.506783, -27.1776935, 1.0],
                        [-51.5076903, -27.1775316, 1.0],
                        [-51.5086356, -27.1773434, 1.0],
                        [-51.5088069, -27.1774486, 1.0],
                        [-51.5089733, -27.1775365, 1.0],
                        [-51.5091439, -27.1775884, 1.0],
                        [-51.5093492, -27.1776139, 1.0],
                        [-51.509634, -27.1776282, 1.0],
                        [-51.5099026, -27.177626, 1.0],
                        [-51.5102093, -27.1776079, 1.0],
                        [-51.510554, -27.1775486, 1.0],
                        [-51.5106799, -27.1774741, 1.0],
                        [-51.5107491, -27.1774005, 1.0],
                        [-51.5108657, -27.1772554, 1.0],
                        [-51.5111336, -27.1768774, 1.0],
                        [-51.5119019, -27.1758475, 1.0]
                    ],
                    [
                        [-51.5118481, -27.1814737, 1.0],
                        [-51.510988, -27.1803943, 1.0]
                    ],
                    [
                        [-51.5116759, -27.1774402, 1.0],
                        [-51.5114436, -27.1776958, 1.0],
                        [-51.5112832, -27.1779201, 1.0],
                        [-51.5111807, -27.1780619, 1.0],
                        [-51.5111083, -27.1781312, 1.0],
                        [-51.5110125, -27.1781984, 1.0],
                        [-51.5109135, -27.1782157, 1.0],
                        [-51.5108223, -27.1782217, 1.0],
                        [-51.5101893, -27.1782611, 1.0],
                        [-51.5100914, -27.1782849, 1.0],
                        [-51.5099694, -27.17836, 1.0]
                    ],
                    [
                        [-51.5115298, -27.1800851, 1.0],
                        [-51.510988, -27.1803943, 1.0]
                    ],
                    [
                        [-51.5114267, -27.1942449, 1.0],
                        [-51.511269, -27.1932334, 1.0]
                    ],
                    [
                        [-51.5114262, -27.1841923, 1.0],
                        [-51.5109722, -27.1836345, 1.0]
                    ],
                    [
                        [-51.5107885, -27.1844985, 1.0],
                        [-51.5114262, -27.1841923, 1.0]
                    ],
                    [
                        [-51.511269, -27.1932334, 1.0],
                        [-51.5111681, -27.1929967, 1.0],
                        [-51.5109175, -27.1925026, 1.0],
                        [-51.5108465, -27.1924084, 1.0],
                        [-51.5106413, -27.1922771, 1.0]
                    ],
                    [
                        [-51.511269, -27.1932334, 1.0],
                        [-51.5115873, -27.1930971, 1.0],
                        [-51.5116149, -27.1930743, 1.0],
                        [-51.5116384, -27.1930261, 1.0],
                        [-51.5117067, -27.1926995, 1.0],
                        [-51.5115232, -27.1923967, 1.0],
                        [-51.5113651, -27.1921913, 1.0],
                        [-51.5112409, -27.1920738, 1.0],
                        [-51.5111614, -27.1920172, 1.0],
                        [-51.5110742, -27.1919657, 1.0]
                    ],
                    [
                        [-51.5110742, -27.1919657, 1.0],
                        [-51.5109537, -27.1917835, 1.0],
                        [-51.5105286, -27.1909589, 1.0]
                    ],
                    [
                        [-51.5110742, -27.1919657, 1.0],
                        [-51.5109028, -27.1920367, 1.0],
                        [-51.5107397, -27.1921419, 1.0],
                        [-51.5106413, -27.1922771, 1.0]
                    ],
                    [
                        [-51.510988, -27.1803943, 1.0],
                        [-51.5105311, -27.1806899, 1.0]
                    ],
                    [
                        [-51.5107885, -27.1844985, 1.0],
                        [-51.5103715, -27.1839873, 1.0]
                    ],
                    [
                        [-51.5101847, -27.184786, 1.0],
                        [-51.5107885, -27.1844985, 1.0]
                    ],
                    [
                        [-51.5106413, -27.1922771, 1.0],
                        [-51.5105447, -27.1922199, 1.0],
                        [-51.5104374, -27.1921555, 1.0],
                        [-51.5098678, -27.1917068, 1.0],
                        [-51.5097799, -27.1916343, 1.0],
                        [-51.5097074, -27.1915932, 1.0],
                        [-51.5096316, -27.1915736, 1.0],
                        [-51.509549, -27.191566, 1.0],
                        [-51.5094303, -27.1916389, 1.0]
                    ],
                    [
                        [-51.5099694, -27.17836, 1.0],
                        [-51.5100822, -27.1784493, 1.0],
                        [-51.5105888, -27.1788565, 1.0]
                    ],
                    [
                        [-51.5105888, -27.1788565, 1.0],
                        [-51.5104989, -27.178943, 1.0],
                        [-51.5103808, -27.1790331, 1.0],
                        [-51.5100004, -27.1792979, 1.0],
                        [-51.5099147, -27.1793725, 1.0]
                    ],
                    [
                        [-51.5098278, -27.1788811, 1.0],
                        [-51.5102897, -27.1788755, 1.0],
                        [-51.5105888, -27.1788565, 1.0]
                    ],
                    [
                        [-51.5105311, -27.1806899, 1.0],
                        [-51.5104115, -27.1805619, 1.0],
                        [-51.5103537, -27.1805144, 1.0],
                        [-51.510278, -27.1805026, 1.0],
                        [-51.5096334, -27.1805829, 1.0],
                        [-51.5095982, -27.1806059, 1.0],
                        [-51.5095809, -27.1806343, 1.0],
                        [-51.5095799, -27.1806734, 1.0],
                        [-51.5096421, -27.1807489, 1.0],
                        [-51.5100982, -27.1813031, 1.0],
                        [-51.5101695, -27.1813897, 1.0]
                    ],
                    [
                        [-51.5101695, -27.1813897, 1.0],
                        [-51.5106562, -27.1810607, 1.0],
                        [-51.5107052, -27.1810211, 1.0],
                        [-51.510723, -27.1809736, 1.0],
                        [-51.5107185, -27.1809221, 1.0],
                        [-51.5106408, -27.1808258, 1.0],
                        [-51.5105311, -27.1806899, 1.0]
                    ],
                    [
                        [-51.5101847, -27.184786, 1.0],
                        [-51.5098204, -27.184367, 1.0]
                    ],
                    [
                        [-51.5095379, -27.1850992, 1.0],
                        [-51.5098827, -27.1849304, 1.0],
                        [-51.5101847, -27.184786, 1.0]
                    ],
                    [
                        [-51.5101695, -27.1813897, 1.0],
                        [-51.5100775, -27.1814517, 1.0],
                        [-51.50877, -27.1823333, 1.0],
                        [-51.508698, -27.1823638, 1.0],
                        [-51.5085797, -27.1823908, 1.0]
                    ],
                    [
                        [-51.5099147, -27.1793725, 1.0],
                        [-51.5099317, -27.1794353, 1.0],
                        [-51.5099949, -27.1796689, 1.0]
                    ],
                    [
                        [-51.5099837, -27.1873854, 1.0],
                        [-51.5095847, -27.1871052, 1.0]
                    ],
                    [
                        [-51.5094768, -27.1879265, 1.0],
                        [-51.5095978, -27.1877883, 1.0],
                        [-51.5099837, -27.1873854, 1.0]
                    ],
                    [
                        [-51.5099694, -27.17836, 1.0],
                        [-51.5097234, -27.1784664, 1.0]
                    ],
                    [
                        [-51.5098278, -27.1788811, 1.0],
                        [-51.5099147, -27.1793725, 1.0]
                    ],
                    [
                        [-51.5099147, -27.1793725, 1.0],
                        [-51.5098353, -27.1794195, 1.0],
                        [-51.5067159, -27.1799934, 1.0]
                    ],
                    [
                        [-51.5097234, -27.1784664, 1.0],
                        [-51.5098278, -27.1788811, 1.0]
                    ],
                    [
                        [-51.5083549, -27.1791411, 1.0],
                        [-51.5097346, -27.1788976, 1.0],
                        [-51.5098278, -27.1788811, 1.0]
                    ],
                    [
                        [-51.5055022, -27.1778978, 1.0],
                        [-51.5054774, -27.1780024, 1.0],
                        [-51.5055035, -27.1784007, 1.0],
                        [-51.5055183, -27.1784311, 1.0],
                        [-51.5055417, -27.178443, 1.0],
                        [-51.5055813, -27.1784532, 1.0],
                        [-51.5056202, -27.178443, 1.0],
                        [-51.5056497, -27.178406, 1.0],
                        [-51.5058279, -27.1781656, 1.0],
                        [-51.5058668, -27.1781182, 1.0],
                        [-51.5059223, -27.1780668, 1.0],
                        [-51.5059937, -27.1780204, 1.0],
                        [-51.5061034, -27.1779627, 1.0],
                        [-51.5062243, -27.177927, 1.0],
                        [-51.5062706, -27.1779229, 1.0],
                        [-51.506333, -27.1779324, 1.0],
                        [-51.5065046, -27.177995, 1.0],
                        [-51.5067192, -27.1780636, 1.0],
                        [-51.5067581, -27.1780702, 1.0],
                        [-51.5071899, -27.1781072, 1.0],
                        [-51.5073373, -27.1781277, 1.0],
                        [-51.5077732, -27.1781865, 1.0],
                        [-51.5086844, -27.1782269, 1.0],
                        [-51.5089421, -27.1782961, 1.0],
                        [-51.5090853, -27.1783413, 1.0],
                        [-51.5095415, -27.1784222, 1.0],
                        [-51.5097234, -27.1784664, 1.0]
                    ],
                    [
                        [-51.5095379, -27.1850992, 1.0],
                        [-51.5092898, -27.1847771, 1.0]
                    ],
                    [
                        [-51.5092189, -27.1852612, 1.0],
                        [-51.5095379, -27.1850992, 1.0]
                    ],
                    [
                        [-51.5094768, -27.1879265, 1.0],
                        [-51.5089283, -27.1875517, 1.0]
                    ],
                    [
                        [-51.5085787, -27.1886949, 1.0],
                        [-51.5086011, -27.1886199, 1.0],
                        [-51.5086021, -27.1885762, 1.0],
                        [-51.5085814, -27.1884769, 1.0],
                        [-51.5083118, -27.1878538, 1.0],
                        [-51.5083252, -27.1878265, 1.0],
                        [-51.5083621, -27.1878176, 1.0],
                        [-51.5083957, -27.1878301, 1.0],
                        [-51.5089408, -27.1881127, 1.0],
                        [-51.5091487, -27.188201, 1.0],
                        [-51.5092009, -27.188207, 1.0],
                        [-51.5092405, -27.1881956, 1.0],
                        [-51.5092747, -27.1881724, 1.0],
                        [-51.5094768, -27.1879265, 1.0]
                    ],
                    [
                        [-51.5091456, -27.1892145, 1.0],
                        [-51.5089943, -27.189112, 1.0],
                        [-51.5089167, -27.1890451, 1.0],
                        [-51.5087872, -27.1889197, 1.0],
                        [-51.5085787, -27.1886949, 1.0]
                    ],
                    [
                        [-51.5091456, -27.1892145, 1.0],
                        [-51.5090873, -27.1892446, 1.0],
                        [-51.5089995, -27.1892747, 1.0],
                        [-51.5088854, -27.1892987, 1.0],
                        [-51.5087519, -27.189328, 1.0],
                        [-51.5086201, -27.1893724, 1.0],
                        [-51.5085297, -27.1894235, 1.0],
                        [-51.5084284, -27.1895009, 1.0]
                    ],
                    [
                        [-51.5082279, -27.1786501, 1.0],
                        [-51.508699, -27.1785633, 1.0]
                    ],
                    [
                        [-51.5085787, -27.1886949, 1.0],
                        [-51.5079805, -27.1880808, 1.0],
                        [-51.5079641, -27.1880784, 1.0],
                        [-51.5079453, -27.1880799, 1.0],
                        [-51.5079272, -27.188085, 1.0],
                        [-51.5078484, -27.1881407, 1.0],
                        [-51.5077043, -27.1882445, 1.0],
                        [-51.5074253, -27.1884558, 1.0]
                    ],
                    [
                        [-51.5074253, -27.1884558, 1.0],
                        [-51.5084284, -27.1895009, 1.0]
                    ],
                    [
                        [-51.5084284, -27.1895009, 1.0],
                        [-51.5082343, -27.1896507, 1.0],
                        [-51.5078941, -27.1898964, 1.0],
                        [-51.5078221, -27.1899014, 1.0],
                        [-51.50778, -27.1898753, 1.0],
                        [-51.5077153, -27.1896865, 1.0],
                        [-51.5076596, -27.1896158, 1.0],
                        [-51.5075937, -27.189564, 1.0],
                        [-51.5075109, -27.1895136, 1.0],
                        [-51.5073943, -27.1894588, 1.0],
                        [-51.507276, -27.1894182, 1.0],
                        [-51.5071577, -27.1893881, 1.0],
                        [-51.5069837, -27.1893708, 1.0],
                        [-51.506879, -27.189376, 1.0]
                    ],
                    [
                        [-51.5082279, -27.1786501, 1.0],
                        [-51.5083549, -27.1791411, 1.0]
                    ],
                    [
                        [-51.5065961, -27.1794619, 1.0],
                        [-51.5068861, -27.1794109, 1.0],
                        [-51.5083549, -27.1791411, 1.0]
                    ],
                    [
                        [-51.5065961, -27.1794619, 1.0],
                        [-51.5064872, -27.1789942, 1.0],
                        [-51.506502, -27.1789518, 1.0],
                        [-51.5065363, -27.1789242, 1.0],
                        [-51.5067025, -27.178891, 1.0],
                        [-51.5082279, -27.1786501, 1.0]
                    ],
                    [
                        [-51.5077727, -27.1810384, 1.0],
                        [-51.5076855, -27.1812424, 1.0],
                        [-51.5076466, -27.1813057, 1.0],
                        [-51.5075929, -27.1813582, 1.0],
                        [-51.5074749, -27.1814536, 1.0],
                        [-51.5073824, -27.1815204, 1.0],
                        [-51.5073019, -27.1815717, 1.0],
                        [-51.5072154, -27.1816218, 1.0],
                        [-51.5071718, -27.1816349, 1.0],
                        [-51.5071316, -27.1816349, 1.0],
                        [-51.5070941, -27.181614, 1.0],
                        [-51.5070766, -27.1815854, 1.0],
                        [-51.5069009, -27.1808714, 1.0],
                        [-51.5067581, -27.1802294, 1.0]
                    ],
                    [
                        [-51.5059437, -27.1868887, 1.0],
                        [-51.5067415, -27.1877495, 1.0],
                        [-51.5068178, -27.1878228, 1.0],
                        [-51.5070485, -27.1880364, 1.0],
                        [-51.5074253, -27.1884558, 1.0]
                    ],
                    [
                        [-51.5074253, -27.1884558, 1.0],
                        [-51.5068255, -27.1889041, 1.0]
                    ],
                    [
                        [-51.5068255, -27.1889041, 1.0],
                        [-51.5066717, -27.189031, 1.0],
                        [-51.5066579, -27.1890594, 1.0],
                        [-51.5066653, -27.1890864, 1.0],
                        [-51.506879, -27.189376, 1.0]
                    ],
                    [
                        [-51.5064738, -27.1894661, 1.0],
                        [-51.5066206, -27.1893915, 1.0],
                        [-51.506879, -27.189376, 1.0]
                    ],
                    [
                        [-51.5068255, -27.1889041, 1.0],
                        [-51.506276, -27.1884539, 1.0]
                    ],
                    [
                        [-51.505769, -27.1771838, 1.0],
                        [-51.5065938, -27.1774081, 1.0],
                        [-51.5066398, -27.1774362, 1.0],
                        [-51.5066674, -27.1774731, 1.0],
                        [-51.5067068, -27.1775479, 1.0],
                        [-51.506783, -27.1776935, 1.0]
                    ],
                    [
                        [-51.506783, -27.1776935, 1.0],
                        [-51.5062854, -27.1777397, 1.0],
                        [-51.5061311, -27.1777463, 1.0],
                        [-51.5060581, -27.1777588, 1.0],
                        [-51.5059447, -27.1778071, 1.0],
                        [-51.5059032, -27.1778209, 1.0],
                        [-51.5055022, -27.1778978, 1.0]
                    ],
                    [
                        [-51.5067581, -27.1802294, 1.0],
                        [-51.5067159, -27.1799934, 1.0]
                    ],
                    [
                        [-51.5067581, -27.1802294, 1.0],
                        [-51.5064168, -27.1803023, 1.0]
                    ],
                    [
                        [-51.5067159, -27.1799934, 1.0],
                        [-51.5065961, -27.1794619, 1.0]
                    ],
                    [
                        [-51.5063283, -27.1813355, 1.0],
                        [-51.5065304, -27.1822039, 1.0]
                    ],
                    [
                        [-51.5062894, -27.1797619, 1.0],
                        [-51.5064168, -27.1803023, 1.0]
                    ],
                    [
                        [-51.5064168, -27.1803023, 1.0],
                        [-51.5061982, -27.1803512, 1.0],
                        [-51.5061694, -27.180368, 1.0],
                        [-51.5061547, -27.1803954, 1.0],
                        [-51.5061532, -27.1804318, 1.0],
                        [-51.5063283, -27.1813355, 1.0]
                    ],
                    [
                        [-51.5063283, -27.1813355, 1.0],
                        [-51.5058361, -27.1816958, 1.0],
                        [-51.5057972, -27.1817375, 1.0],
                        [-51.5057972, -27.1817852, 1.0],
                        [-51.5058871, -27.1821765, 1.0],
                        [-51.5059863, -27.1824915, 1.0]
                    ],
                    [
                        [-51.5048315, -27.1780928, 1.0],
                        [-51.5048986, -27.178959, 1.0],
                        [-51.5049509, -27.1792728, 1.0],
                        [-51.5050569, -27.179787, 1.0],
                        [-51.5050782, -27.1799701, 1.0],
                        [-51.5050837, -27.1805517, 1.0],
                        [-51.5050636, -27.1807008, 1.0],
                        [-51.5049724, -27.1810686, 1.0],
                        [-51.5048832, -27.1814563, 1.0],
                        [-51.5048735, -27.1816215, 1.0],
                        [-51.5048866, -27.1821368, 1.0],
                        [-51.504906, -27.1823793, 1.0],
                        [-51.5050038, -27.1826003, 1.0],
                        [-51.5051558, -27.1827854, 1.0],
                        [-51.5052896, -27.1829178, 1.0],
                        [-51.5054003, -27.1830013, 1.0],
                        [-51.505545, -27.1830546, 1.0],
                        [-51.505795, -27.1831362, 1.0],
                        [-51.506007, -27.1832608, 1.0],
                        [-51.5061231, -27.1833373, 1.0],
                        [-51.5061687, -27.1834101, 1.0],
                        [-51.5061714, -27.1835151, 1.0],
                        [-51.5061808, -27.1838181, 1.0],
                        [-51.5062787, -27.1843502, 1.0]
                    ],
                    [
                        [-51.5059437, -27.1868887, 1.0],
                        [-51.5049189, -27.1866564, 1.0]
                    ],
                    [
                        [-51.5059437, -27.1868887, 1.0],
                        [-51.5058938, -27.1867981, 1.0],
                        [-51.5055947, -27.1863018, 1.0],
                        [-51.5054008, -27.1858359, 1.0],
                        [-51.5053895, -27.1857914, 1.0],
                        [-51.5053453, -27.1853236, 1.0],
                        [-51.5052092, -27.1852044, 1.0],
                        [-51.5049824, -27.1849876, 1.0],
                        [-51.5046919, -27.184641, 1.0],
                        [-51.5045393, -27.1843943, 1.0]
                    ],
                    [
                        [-51.505769, -27.1771838, 1.0],
                        [-51.5052633, -27.1770499, 1.0],
                        [-51.505175, -27.177012, 1.0],
                        [-51.5048606, -27.1779463, 1.0],
                        [-51.5048315, -27.1780928, 1.0]
                    ],
                    [
                        [-51.505769, -27.1771838, 1.0],
                        [-51.5055022, -27.1778978, 1.0]
                    ],
                    [
                        [-51.5049189, -27.1866564, 1.0],
                        [-51.5049214, -27.1867211, 1.0],
                        [-51.504926, -27.1868006, 1.0],
                        [-51.5049619, -27.1869906, 1.0],
                        [-51.5050228, -27.187129, 1.0],
                        [-51.5051038, -27.1872704, 1.0],
                        [-51.5051496, -27.1873282, 1.0],
                        [-51.5056051, -27.1877353, 1.0],
                        [-51.5056307, -27.1877912, 1.0],
                        [-51.5056275, -27.1878821, 1.0],
                        [-51.5055692, -27.1888118, 1.0]
                    ],
                    [
                        [-51.5045393, -27.1843943, 1.0],
                        [-51.5045527, -27.1846675, 1.0],
                        [-51.5045896, -27.1849962, 1.0],
                        [-51.5047083, -27.1855348, 1.0],
                        [-51.5047364, -27.1856433, 1.0],
                        [-51.5049011, -27.186083, 1.0],
                        [-51.5049138, -27.1861537, 1.0],
                        [-51.5049172, -27.1862363, 1.0],
                        [-51.5049241, -27.1864677, 1.0],
                        [-51.5049189, -27.1866564, 1.0]
                    ],
                    [
                        [-51.5048315, -27.1780928, 1.0],
                        [-51.5037395, -27.1782528, 1.0]
                    ],
                    [
                        [-51.5045393, -27.1843943, 1.0],
                        [-51.5044959, -27.1843027, 1.0]
                    ],
                    [
                        [-51.5034686, -27.1824145, 1.0],
                        [-51.5035912, -27.1817748, 1.0],
                        [-51.5036136, -27.1817237, 1.0],
                        [-51.503687, -27.181648, 1.0],
                        [-51.5037019, -27.1816101, 1.0],
                        [-51.5036924, -27.1815542, 1.0],
                        [-51.5035761, -27.181273, 1.0],
                        [-51.5035747, -27.1812288, 1.0],
                        [-51.5035949, -27.1811934, 1.0],
                        [-51.5037803, -27.1810658, 1.0],
                        [-51.5040191, -27.180884, 1.0]
                    ],
                    [
                        [-51.502839, -27.1810552, 1.0],
                        [-51.5035656, -27.1805278, 1.0],
                        [-51.5036514, -27.1804861, 1.0],
                        [-51.503756, -27.1804694, 1.0],
                        [-51.5039693, -27.1804729, 1.0]
                    ],
                    [
                        [-51.5038931, -27.179834, 1.0],
                        [-51.5036093, -27.1798659, 1.0],
                        [-51.5033523, -27.1799201, 1.0],
                        [-51.5032432, -27.1799473, 1.0],
                        [-51.5032022, -27.1799671, 1.0],
                        [-51.5031777, -27.1799881, 1.0],
                        [-51.5031726, -27.1800257, 1.0],
                        [-51.5031911, -27.1801885, 1.0]
                    ],
                    [
                        [-51.5037807, -27.1789844, 1.0],
                        [-51.5035561, -27.1790071, 1.0],
                        [-51.5031942, -27.1790023, 1.0]
                    ]
                ]
            }
        },
        {
            "type": "Feature",
            "properties": {
                "SETOR": "M01",
                "FREQUENCIA": "SEG - QUA - SEX",
                "TURNO": "MANHÇA",
                "HORARIO": "05:00 ÀS 13:20",
                "OPERACAO": "DOMICILIAR",
                "FILIAL": "Joaçaba"
            },
            "geometry": {
                "type": "MultiLineString",
                "coordinates": [
                    [
                        [-51.5292677, -27.1581693, 1.0],
                        [-51.5295535, -27.1585, 1.0],
                        [-51.5296573, -27.1586202, 1.0]
                    ],
                    [
                        [-51.5296573, -27.1586202, 1.0],
                        [-51.5298754, -27.1588726, 1.0],
                        [-51.5298915, -27.1589275, 1.0],
                        [-51.5298352, -27.1592401, 1.0],
                        [-51.529811, -27.1592807, 1.0],
                        [-51.5295956, -27.159423, 1.0],
                        [-51.5291968, -27.1596864, 1.0],
                        [-51.5288855, -27.1593219, 1.0],
                        [-51.5287918, -27.1592122, 1.0]
                    ],
                    [
                        [-51.5287918, -27.1592122, 1.0],
                        [-51.5289533, -27.1591017, 1.0],
                        [-51.5295503, -27.1586934, 1.0],
                        [-51.5296573, -27.1586202, 1.0]
                    ],
                    [
                        [-51.528748, -27.1576299, 1.0],
                        [-51.528895, -27.1576972, 1.0],
                        [-51.5292677, -27.1581693, 1.0]
                    ],
                    [
                        [-51.5283867, -27.1587379, 1.0],
                        [-51.5285805, -27.1586128, 1.0],
                        [-51.529154, -27.1582427, 1.0],
                        [-51.5292677, -27.1581693, 1.0]
                    ],
                    [
                        [-51.5283867, -27.1587379, 1.0],
                        [-51.5287918, -27.1592122, 1.0]
                    ],
                    [
                        [-51.5279818, -27.1575386, 1.0],
                        [-51.5286335, -27.1572546, 1.0],
                        [-51.5288257, -27.157242, 1.0],
                        [-51.528796, -27.157477, 1.0],
                        [-51.528748, -27.1576299, 1.0]
                    ],
                    [
                        [-51.528748, -27.1576299, 1.0],
                        [-51.528692, -27.157716, 1.0],
                        [-51.528595, -27.15783, 1.0],
                        [-51.528465, -27.157929, 1.0],
                        [-51.5282452, -27.1580526, 1.0]
                    ],
                    [
                        [-51.5279096, -27.1581752, 1.0],
                        [-51.5280176, -27.1583025, 1.0],
                        [-51.5283867, -27.1587379, 1.0]
                    ],
                    [
                        [-51.5282452, -27.1580526, 1.0],
                        [-51.5281737, -27.1579131, 1.0],
                        [-51.5280304, -27.1576334, 1.0],
                        [-51.5279818, -27.1575386, 1.0]
                    ],
                    [
                        [-51.5282452, -27.1580526, 1.0],
                        [-51.5279096, -27.1581752, 1.0]
                    ],
                    [
                        [-51.527456, -27.1577366, 1.0],
                        [-51.5278747, -27.1575789, 1.0],
                        [-51.5279818, -27.1575386, 1.0]
                    ],
                    [
                        [-51.5279096, -27.1581752, 1.0],
                        [-51.5275974, -27.1582541, 1.0],
                        [-51.527404, -27.158303, 1.0],
                        [-51.527154, -27.158326, 1.0],
                        [-51.5261143, -27.1583106, 1.0],
                        [-51.5260291, -27.1583028, 1.0],
                        [-51.525948, -27.158284, 1.0],
                        [-51.5257475, -27.1582604, 1.0]
                    ],
                    [
                        [-51.5257475, -27.1582604, 1.0],
                        [-51.5258933, -27.1582234, 1.0],
                        [-51.5259848, -27.1581865, 1.0],
                        [-51.5260753, -27.1581202, 1.0],
                        [-51.5261328, -27.1580558, 1.0],
                        [-51.5261828, -27.1579734, 1.0],
                        [-51.5262456, -27.1578598, 1.0],
                        [-51.5263169, -27.1576798, 1.0],
                        [-51.5263531, -27.1575766, 1.0],
                        [-51.5263691, -27.1575046, 1.0],
                        [-51.5263776, -27.1574212, 1.0],
                        [-51.5263691, -27.157355, 1.0],
                        [-51.5263551, -27.1572849, 1.0],
                        [-51.5263081, -27.1571866, 1.0],
                        [-51.5261123, -27.1569563, 1.0],
                        [-51.5259068, -27.1566948, 1.0],
                        [-51.5246833, -27.1551907, 1.0]
                    ],
                    [
                        [-51.5152238, -27.1633114, 1.0],
                        [-51.5153044, -27.163455, 1.0],
                        [-51.5154059, -27.1635512, 1.0],
                        [-51.515536, -27.1636685, 1.0],
                        [-51.5156619, -27.1637354, 1.0],
                        [-51.515999, -27.1638872, 1.0],
                        [-51.5169571, -27.1643172, 1.0],
                        [-51.5172046, -27.164463, 1.0],
                        [-51.5175239, -27.1646877, 1.0],
                        [-51.5180342, -27.1650139, 1.0],
                        [-51.5182176, -27.1650763, 1.0],
                        [-51.5183709, -27.1650651, 1.0],
                        [-51.5184934, -27.165004, 1.0],
                        [-51.5185811, -27.1649254, 1.0],
                        [-51.5186285, -27.1648068, 1.0],
                        [-51.5186599, -27.1646384, 1.0],
                        [-51.518691, -27.1643827, 1.0],
                        [-51.5187328, -27.1639759, 1.0],
                        [-51.5187754, -27.1638205, 1.0],
                        [-51.5188853, -27.1634004, 1.0],
                        [-51.5190617, -27.1627258, 1.0],
                        [-51.5192331, -27.1621263, 1.0],
                        [-51.5193055, -27.1619994, 1.0],
                        [-51.5194247, -27.1618687, 1.0],
                        [-51.5196387, -27.1616869, 1.0],
                        [-51.5210437, -27.160754, 1.0],
                        [-51.5211821, -27.160628, 1.0],
                        [-51.5216176, -27.1601979, 1.0],
                        [-51.5218013, -27.1600455, 1.0],
                        [-51.5220081, -27.1598922, 1.0],
                        [-51.5221741, -27.1597946, 1.0],
                        [-51.5223051, -27.1597255, 1.0],
                        [-51.5226787, -27.1595465, 1.0],
                        [-51.5234301, -27.1591136, 1.0],
                        [-51.5235695, -27.1590063, 1.0],
                        [-51.5236902, -27.1588989, 1.0],
                        [-51.523792, -27.158833, 1.0],
                        [-51.5239303, -27.15877, 1.0],
                        [-51.5241261, -27.158696, 1.0],
                        [-51.5244632, -27.1585801, 1.0],
                        [-51.5249239, -27.1584218, 1.0],
                        [-51.5253151, -27.158303, 1.0],
                        [-51.5255322, -27.1582797, 1.0],
                        [-51.5257475, -27.1582604, 1.0]
                    ],
                    [
                        [-51.5224296, -27.1492785, 1.0],
                        [-51.5227139, -27.1492451, 1.0],
                        [-51.5228317, -27.1492357, 1.0],
                        [-51.5229499, -27.1492356, 1.0],
                        [-51.5230526, -27.1492431, 1.0],
                        [-51.5231542, -27.1492576, 1.0],
                        [-51.5232543, -27.149279, 1.0],
                        [-51.5233523, -27.1493072, 1.0],
                        [-51.5238458, -27.1494217, 1.0],
                        [-51.5239627, -27.1494394, 1.0],
                        [-51.5240808, -27.1494501, 1.0],
                        [-51.5241993, -27.1494538, 1.0],
                        [-51.5243179, -27.1494504, 1.0],
                        [-51.5244423, -27.1494392, 1.0],
                        [-51.5245655, -27.1494203, 1.0],
                        [-51.524687, -27.1493938, 1.0],
                        [-51.524806, -27.1493597, 1.0],
                        [-51.5251225, -27.1492785, 1.0],
                        [-51.5252137, -27.1492881, 1.0]
                    ],
                    [
                        [-51.5252137, -27.1492881, 1.0],
                        [-51.525726, -27.1489229, 1.0],
                        [-51.5257459, -27.1489128, 1.0],
                        [-51.5257677, -27.1489064, 1.0],
                        [-51.5257904, -27.1489038, 1.0],
                        [-51.5258206, -27.1489067, 1.0],
                        [-51.525849, -27.1489165, 1.0],
                        [-51.5258735, -27.1489325, 1.0],
                        [-51.5262142, -27.1493549, 1.0],
                        [-51.5262174, -27.1493909, 1.0],
                        [-51.5262115, -27.1494265, 1.0],
                        [-51.5261958, -27.1494616, 1.0],
                        [-51.5261712, -27.1494924, 1.0],
                        [-51.5261391, -27.1495172, 1.0],
                        [-51.5247869, -27.150411, 1.0]
                    ],
                    [
                        [-51.524339, -27.1498521, 1.0],
                        [-51.5252137, -27.1492881, 1.0]
                    ],
                    [
                        [-51.5247869, -27.150411, 1.0],
                        [-51.524339, -27.1498521, 1.0]
                    ],
                    [
                        [-51.5247869, -27.150411, 1.0],
                        [-51.5230101, -27.1515854, 1.0]
                    ],
                    [
                        [-51.5230101, -27.1515854, 1.0],
                        [-51.5226951, -27.1511903, 1.0],
                        [-51.52268, -27.1511629, 1.0],
                        [-51.5226737, -27.151133, 1.0],
                        [-51.5226751, -27.1511099, 1.0],
                        [-51.5226817, -27.1510876, 1.0],
                        [-51.5228266, -27.1508657, 1.0],
                        [-51.5228506, -27.1508349, 1.0],
                        [-51.5228775, -27.150806, 1.0],
                        [-51.5229232, -27.1507663, 1.0],
                        [-51.5229741, -27.150732, 1.0],
                        [-51.524339, -27.1498521, 1.0]
                    ],
                    [
                        [-51.523127, -27.151732, 1.0],
                        [-51.5230101, -27.1515854, 1.0]
                    ],
                    [
                        [-51.5210818, -27.1701601, 1.0],
                        [-51.5211765, -27.1698619, 1.0],
                        [-51.5212266, -27.1697043, 1.0],
                        [-51.5213621, -27.1694359, 1.0],
                        [-51.5216915, -27.1691121, 1.0],
                        [-51.5219504, -27.1688599, 1.0],
                        [-51.522282, -27.1687281, 1.0],
                        [-51.5224268, -27.1687153, 1.0],
                        [-51.522635, -27.1687441, 1.0]
                    ],
                    [
                        [-51.5212601, -27.1505101, 1.0],
                        [-51.521802, -27.1501378, 1.0],
                        [-51.5219468, -27.1500184, 1.0],
                        [-51.5220702, -27.1498657, 1.0],
                        [-51.5223974, -27.1493836, 1.0],
                        [-51.5224296, -27.1492785, 1.0]
                    ],
                    [
                        [-51.5167254, -27.1519552, 1.0],
                        [-51.517375, -27.151721, 1.0],
                        [-51.517716, -27.151628, 1.0],
                        [-51.517909, -27.151558, 1.0],
                        [-51.51887, -27.151149, 1.0],
                        [-51.519698, -27.150727, 1.0],
                        [-51.520384, -27.150342, 1.0],
                        [-51.520956, -27.149913, 1.0],
                        [-51.521227, -27.149747, 1.0],
                        [-51.521336, -27.149656, 1.0],
                        [-51.5215216, -27.1494253, 1.0],
                        [-51.5224296, -27.1492785, 1.0]
                    ],
                    [
                        [-51.5205381, -27.1715727, 1.0],
                        [-51.5208349, -27.1714133, 1.0],
                        [-51.5208873, -27.1713457, 1.0],
                        [-51.5209363, -27.1712555, 1.0],
                        [-51.5210818, -27.1701601, 1.0]
                    ],
                    [
                        [-51.5210818, -27.1701601, 1.0],
                        [-51.520949, -27.1702627, 1.0],
                        [-51.520886, -27.1702854, 1.0],
                        [-51.5205199, -27.1703343, 1.0],
                        [-51.5198801, -27.1703057, 1.0],
                        [-51.5196574, -27.1702548, 1.0],
                        [-51.5192618, -27.1701643, 1.0],
                        [-51.5185572, -27.1700888, 1.0]
                    ],
                    [
                        [-51.5182943, -27.1707644, 1.0],
                        [-51.5193804, -27.1709223, 1.0],
                        [-51.5200384, -27.1710179, 1.0],
                        [-51.5200813, -27.171037, 1.0],
                        [-51.5205381, -27.1715727, 1.0]
                    ],
                    [
                        [-51.518885, -27.1714677, 1.0],
                        [-51.5196195, -27.1716905, 1.0],
                        [-51.5200121, -27.171732, 1.0],
                        [-51.5202898, -27.1716708, 1.0],
                        [-51.5205381, -27.1715727, 1.0]
                    ],
                    [
                        [-51.5204287, -27.1687116, 1.0],
                        [-51.5199453, -27.1680726, 1.0],
                        [-51.5198813, -27.1679884, 1.0],
                        [-51.5192947, -27.1672674, 1.0],
                        [-51.5191437, -27.167137, 1.0]
                    ],
                    [
                        [-51.5199834, -27.1667429, 1.0],
                        [-51.5197018, -27.1668122, 1.0],
                        [-51.5191437, -27.167137, 1.0]
                    ],
                    [
                        [-51.5191437, -27.167137, 1.0],
                        [-51.5190351, -27.1670612, 1.0],
                        [-51.5188066, -27.1669131, 1.0],
                        [-51.5187378, -27.1668755, 1.0],
                        [-51.5185438, -27.166802, 1.0],
                        [-51.5184028, -27.1667497, 1.0],
                        [-51.5180488, -27.1665969, 1.0],
                        [-51.518008, -27.1665795, 1.0],
                        [-51.5177344, -27.1664578, 1.0],
                        [-51.5176137, -27.1664268, 1.0],
                        [-51.5174648, -27.1664184, 1.0]
                    ],
                    [
                        [-51.5189819, -27.1689912, 1.0],
                        [-51.5186477, -27.168798, 1.0],
                        [-51.5186242, -27.1687767, 1.0],
                        [-51.5164703, -27.1660916, 1.0],
                        [-51.5162994, -27.1658457, 1.0]
                    ],
                    [
                        [-51.5171877, -27.1701491, 1.0],
                        [-51.5171658, -27.1701933, 1.0],
                        [-51.5171592, -27.1702537, 1.0],
                        [-51.517175, -27.1703363, 1.0],
                        [-51.517387, -27.170864, 1.0],
                        [-51.517438, -27.1709559, 1.0],
                        [-51.517497, -27.1710406, 1.0],
                        [-51.5176056, -27.1711039, 1.0],
                        [-51.518885, -27.1714677, 1.0]
                    ],
                    [
                        [-51.518885, -27.1714677, 1.0],
                        [-51.5182943, -27.1707644, 1.0]
                    ],
                    [
                        [-51.5185572, -27.1700888, 1.0],
                        [-51.5182641, -27.1700444, 1.0],
                        [-51.5181146, -27.1700002, 1.0],
                        [-51.5172529, -27.1695432, 1.0],
                        [-51.5171658, -27.1694526, 1.0],
                        [-51.5168665, -27.1689677, 1.0]
                    ],
                    [
                        [-51.5182943, -27.1707644, 1.0],
                        [-51.5182909, -27.1707221, 1.0],
                        [-51.5183271, -27.170592, 1.0],
                        [-51.5185002, -27.1702019, 1.0],
                        [-51.5185572, -27.1700888, 1.0]
                    ],
                    [
                        [-51.5184667, -27.1692772, 1.0],
                        [-51.5182347, -27.1692583, 1.0],
                        [-51.5180367, -27.169192, 1.0],
                        [-51.5179239, -27.1691238, 1.0],
                        [-51.5177514, -27.1689799, 1.0],
                        [-51.5175513, -27.1687071, 1.0],
                        [-51.5170575, -27.1679612, 1.0]
                    ],
                    [
                        [-51.5171877, -27.1701491, 1.0],
                        [-51.5172851, -27.1701947, 1.0],
                        [-51.5182943, -27.1707644, 1.0]
                    ],
                    [
                        [-51.5180958, -27.1662743, 1.0],
                        [-51.5181314, -27.1662856, 1.0],
                        [-51.5181644, -27.1662667, 1.0],
                        [-51.518199, -27.1662121, 1.0],
                        [-51.5183333, -27.1659279, 1.0],
                        [-51.5183536, -27.1658671, 1.0],
                        [-51.5183341, -27.1657911, 1.0],
                        [-51.518253, -27.1657182, 1.0],
                        [-51.5176101, -27.165389, 1.0],
                        [-51.5174386, -27.1652334, 1.0],
                        [-51.5174155, -27.1652048, 1.0],
                        [-51.5173043, -27.1650673, 1.0],
                        [-51.5171471, -27.1649508, 1.0],
                        [-51.5169925, -27.1648719, 1.0],
                        [-51.5168937, -27.1648636, 1.0],
                        [-51.5168084, -27.1648914, 1.0],
                        [-51.5167458, -27.164947, 1.0],
                        [-51.5166774, -27.1650448, 1.0],
                        [-51.5166411, -27.1651282, 1.0]
                    ],
                    [
                        [-51.5174648, -27.1664184, 1.0],
                        [-51.5173347, -27.166391, 1.0],
                        [-51.5171979, -27.1663325, 1.0],
                        [-51.5162994, -27.1658457, 1.0]
                    ],
                    [
                        [-51.5166411, -27.1651282, 1.0],
                        [-51.516794, -27.1653898, 1.0],
                        [-51.5169849, -27.1657393, 1.0],
                        [-51.5170502, -27.1658661, 1.0],
                        [-51.517233, -27.1661398, 1.0],
                        [-51.5174648, -27.1664184, 1.0]
                    ],
                    [
                        [-51.5174541, -27.1531192, 1.0],
                        [-51.5175332, -27.1530665, 1.0],
                        [-51.5175503, -27.1530372, 1.0],
                        [-51.5175417, -27.1530064, 1.0],
                        [-51.5174825, -27.1529266, 1.0],
                        [-51.5168601, -27.1521313, 1.0],
                        [-51.5167254, -27.1519552, 1.0]
                    ],
                    [
                        [-51.5160146, -27.1552116, 1.0],
                        [-51.5161772, -27.1552095, 1.0],
                        [-51.5174568, -27.1551926, 1.0],
                        [-51.5176767, -27.1551496, 1.0],
                        [-51.517843, -27.1550685, 1.0],
                        [-51.5180039, -27.1548823, 1.0],
                        [-51.5180361, -27.154763, 1.0],
                        [-51.5180308, -27.1545387, 1.0],
                        [-51.5179503, -27.1543191, 1.0],
                        [-51.5177518, -27.1538227, 1.0],
                        [-51.5175298, -27.153298, 1.0],
                        [-51.5174541, -27.1531192, 1.0]
                    ],
                    [
                        [-51.5174541, -27.1531192, 1.0],
                        [-51.5173158, -27.1532178, 1.0],
                        [-51.5168854, -27.1535244, 1.0],
                        [-51.5167209, -27.1536416, 1.0]
                    ],
                    [
                        [-51.5165667, -27.1704017, 1.0],
                        [-51.5168296, -27.1701665, 1.0],
                        [-51.5169875, -27.1700898, 1.0],
                        [-51.5170322, -27.1700916, 1.0],
                        [-51.5170671, -27.1700983, 1.0],
                        [-51.5171877, -27.1701491, 1.0]
                    ],
                    [
                        [-51.5170575, -27.1679612, 1.0],
                        [-51.5168903, -27.1678804, 1.0],
                        [-51.5166231, -27.167762, 1.0],
                        [-51.5161824, -27.1676607, 1.0],
                        [-51.5156885, -27.1675745, 1.0]
                    ],
                    [
                        [-51.5170575, -27.1679612, 1.0],
                        [-51.5165836, -27.1674012, 1.0],
                        [-51.5160565, -27.1667307, 1.0],
                        [-51.5155952, -27.1662782, 1.0],
                        [-51.5155439, -27.1662487, 1.0],
                        [-51.5154701, -27.1662151, 1.0],
                        [-51.5152944, -27.1662076, 1.0]
                    ],
                    [
                        [-51.5168665, -27.1689677, 1.0],
                        [-51.5166916, -27.1686434, 1.0],
                        [-51.5165167, -27.1683191, 1.0],
                        [-51.5163906, -27.168133, 1.0],
                        [-51.5162569, -27.1680007, 1.0],
                        [-51.5159252, -27.1677917, 1.0],
                        [-51.5156885, -27.1675745, 1.0]
                    ],
                    [
                        [-51.5168665, -27.1689677, 1.0],
                        [-51.5163656, -27.1691875, 1.0],
                        [-51.5163194, -27.1691887, 1.0],
                        [-51.5162841, -27.1691742, 1.0],
                        [-51.5162533, -27.1691449, 1.0],
                        [-51.5158568, -27.1685521, 1.0],
                        [-51.5157062, -27.1680504, 1.0],
                        [-51.5155982, -27.1676781, 1.0],
                        [-51.5155483, -27.1675013, 1.0]
                    ],
                    [
                        [-51.5167209, -27.1536416, 1.0],
                        [-51.5164988, -27.153272, 1.0],
                        [-51.516317, -27.152929, 1.0],
                        [-51.516243, -27.152737, 1.0],
                        [-51.516232, -27.152613, 1.0],
                        [-51.516287, -27.1524, 1.0],
                        [-51.516339, -27.152297, 1.0],
                        [-51.516424, -27.152178, 1.0],
                        [-51.5165834, -27.1520463, 1.0],
                        [-51.5167254, -27.1519552, 1.0]
                    ],
                    [
                        [-51.515054, -27.1547589, 1.0],
                        [-51.5154136, -27.1546316, 1.0],
                        [-51.5158168, -27.15451, 1.0],
                        [-51.516023, -27.15449, 1.0],
                        [-51.5164548, -27.1545099, 1.0],
                        [-51.516714, -27.154501, 1.0],
                        [-51.516885, -27.154458, 1.0],
                        [-51.516962, -27.154404, 1.0],
                        [-51.517023, -27.154295, 1.0],
                        [-51.517024, -27.154198, 1.0],
                        [-51.517001, -27.154131, 1.0],
                        [-51.5168064, -27.153783, 1.0],
                        [-51.5167209, -27.1536416, 1.0]
                    ],
                    [
                        [-51.5142451, -27.1641961, 1.0],
                        [-51.5148145, -27.1642563, 1.0],
                        [-51.5150342, -27.1643209, 1.0],
                        [-51.5151947, -27.1644246, 1.0],
                        [-51.51546, -27.1646141, 1.0],
                        [-51.5155985, -27.1646817, 1.0],
                        [-51.5158855, -27.1647827, 1.0],
                        [-51.5162682, -27.1649057, 1.0],
                        [-51.5163672, -27.1649472, 1.0],
                        [-51.5164552, -27.1650012, 1.0],
                        [-51.5166031, -27.1650951, 1.0],
                        [-51.5166411, -27.1651282, 1.0]
                    ],
                    [
                        [-51.5166352, -27.1630976, 1.0],
                        [-51.5168488, -27.1627087, 1.0],
                        [-51.5169418, -27.1625064, 1.0],
                        [-51.5170618, -27.1621546, 1.0],
                        [-51.5170597, -27.1621304, 1.0],
                        [-51.5170517, -27.1621005, 1.0],
                        [-51.5165676, -27.1616314, 1.0],
                        [-51.5165435, -27.1616009, 1.0],
                        [-51.5163986, -27.1612759, 1.0],
                        [-51.5163316, -27.1610736, 1.0]
                    ],
                    [
                        [-51.5163316, -27.1610736, 1.0],
                        [-51.5163136, -27.1610103, 1.0]
                    ],
                    [
                        [-51.5152238, -27.1633114, 1.0],
                        [-51.5152954, -27.1631995, 1.0],
                        [-51.5158166, -27.1623843, 1.0],
                        [-51.5158227, -27.1622688, 1.0],
                        [-51.5157938, -27.1621468, 1.0],
                        [-51.515708, -27.1620442, 1.0],
                        [-51.5154947, -27.1619428, 1.0],
                        [-51.5149104, -27.1617191, 1.0],
                        [-51.5148583, -27.1616812, 1.0],
                        [-51.5148444, -27.1616243, 1.0],
                        [-51.5148615, -27.1615808, 1.0],
                        [-51.5149072, -27.1615562, 1.0],
                        [-51.5149711, -27.1615467, 1.0],
                        [-51.515535, -27.1614953, 1.0],
                        [-51.5161587, -27.1611825, 1.0],
                        [-51.5163316, -27.1610736, 1.0]
                    ],
                    [
                        [-51.5149803, -27.160864, 1.0],
                        [-51.5151777, -27.1608857, 1.0],
                        [-51.5163136, -27.1610103, 1.0]
                    ],
                    [
                        [-51.5163136, -27.1610103, 1.0],
                        [-51.5162663, -27.1608587, 1.0],
                        [-51.5161357, -27.1604406, 1.0],
                        [-51.5161071, -27.1603491, 1.0]
                    ],
                    [
                        [-51.5162994, -27.1658457, 1.0],
                        [-51.515705, -27.1655611, 1.0],
                        [-51.5154076, -27.1653597, 1.0],
                        [-51.5152809, -27.1652921, 1.0],
                        [-51.515048, -27.1651661, 1.0],
                        [-51.5148179, -27.1650681, 1.0]
                    ],
                    [
                        [-51.5161071, -27.1603491, 1.0],
                        [-51.5159306, -27.1603288, 1.0],
                        [-51.5149643, -27.1602175, 1.0],
                        [-51.5148281, -27.1602018, 1.0]
                    ],
                    [
                        [-51.5161071, -27.1603491, 1.0],
                        [-51.5160597, -27.1601979, 1.0],
                        [-51.5159365, -27.159805, 1.0],
                        [-51.515927, -27.1597416, 1.0],
                        [-51.5159505, -27.158887, 1.0],
                        [-51.5159546, -27.1587386, 1.0]
                    ],
                    [
                        [-51.5158477, -27.1551369, 1.0],
                        [-51.515882, -27.1551261, 1.0],
                        [-51.5159185, -27.1551255, 1.0],
                        [-51.5159532, -27.1551352, 1.0],
                        [-51.5159827, -27.1551542, 1.0],
                        [-51.5160039, -27.1551806, 1.0],
                        [-51.5160146, -27.1552116, 1.0]
                    ],
                    [
                        [-51.5160146, -27.1552116, 1.0],
                        [-51.5160146, -27.1552389, 1.0],
                        [-51.5160063, -27.1552653, 1.0],
                        [-51.5159904, -27.1552887, 1.0],
                        [-51.5159681, -27.1553074, 1.0],
                        [-51.5159409, -27.1553201, 1.0],
                        [-51.5159108, -27.1553258, 1.0],
                        [-51.5158802, -27.1553242, 1.0]
                    ],
                    [
                        [-51.5159546, -27.1587386, 1.0],
                        [-51.5159749, -27.1582843, 1.0],
                        [-51.515936, -27.1582044, 1.0],
                        [-51.5158743, -27.158165, 1.0],
                        [-51.5157817, -27.1581364, 1.0],
                        [-51.5156677, -27.1581483, 1.0],
                        [-51.515598, -27.1581364, 1.0],
                        [-51.5155068, -27.1580898, 1.0],
                        [-51.5154317, -27.1579908, 1.0],
                        [-51.5153606, -27.1579228, 1.0],
                        [-51.5152252, -27.1578512, 1.0],
                        [-51.5150924, -27.1577569, 1.0],
                        [-51.5150146, -27.1576818, 1.0],
                        [-51.5149489, -27.1575624, 1.0],
                        [-51.5149087, -27.1573393, 1.0],
                        [-51.514855, -27.1572259, 1.0],
                        [-51.5147209, -27.1570636, 1.0],
                        [-51.5145493, -27.1568441, 1.0],
                        [-51.5144527, -27.1566723, 1.0],
                        [-51.5144581, -27.156572, 1.0],
                        [-51.5145761, -27.1564336, 1.0],
                        [-51.5156539, -27.1555167, 1.0],
                        [-51.5158802, -27.1553242, 1.0]
                    ],
                    [
                        [-51.5159546, -27.1587386, 1.0],
                        [-51.5157906, -27.1588035, 1.0],
                        [-51.5152436, -27.1590199, 1.0],
                        [-51.5151872, -27.1590578, 1.0],
                        [-51.514986, -27.1592699, 1.0],
                        [-51.5149668, -27.1593334, 1.0],
                        [-51.5148425, -27.1601115, 1.0],
                        [-51.5148281, -27.1602018, 1.0]
                    ],
                    [
                        [-51.5158802, -27.1553242, 1.0],
                        [-51.5158505, -27.155315, 1.0],
                        [-51.5158248, -27.1552989, 1.0],
                        [-51.5158051, -27.1552772, 1.0],
                        [-51.5157928, -27.1552514, 1.0],
                        [-51.5157889, -27.1552249, 1.0],
                        [-51.515793, -27.1551984, 1.0],
                        [-51.5158048, -27.1551738, 1.0],
                        [-51.5158235, -27.1551528, 1.0],
                        [-51.5158477, -27.1551369, 1.0]
                    ],
                    [
                        [-51.5158477, -27.1551369, 1.0],
                        [-51.5157108, -27.1550742, 1.0],
                        [-51.5153525, -27.1549101, 1.0],
                        [-51.515054, -27.1547589, 1.0]
                    ],
                    [
                        [-51.5156885, -27.1675745, 1.0],
                        [-51.5155483, -27.1675013, 1.0]
                    ],
                    [
                        [-51.5155483, -27.1675013, 1.0],
                        [-51.5155135, -27.1673395, 1.0]
                    ],
                    [
                        [-51.5152944, -27.1662076, 1.0],
                        [-51.5150608, -27.1656508, 1.0],
                        [-51.5149073, -27.1652622, 1.0],
                        [-51.5148179, -27.1650681, 1.0]
                    ],
                    [
                        [-51.5152944, -27.1662076, 1.0],
                        [-51.5151246, -27.1662203, 1.0]
                    ],
                    [
                        [-51.5138297, -27.1633548, 1.0],
                        [-51.514507, -27.1631483, 1.0],
                        [-51.5147571, -27.1631372, 1.0],
                        [-51.5149261, -27.1631566, 1.0],
                        [-51.515068, -27.1632152, 1.0],
                        [-51.5152238, -27.1633114, 1.0]
                    ],
                    [
                        [-51.510939, -27.1597719, 1.0],
                        [-51.5110058, -27.15969, 1.0],
                        [-51.5112967, -27.1593334, 1.0],
                        [-51.5114851, -27.1591022, 1.0],
                        [-51.511601, -27.158879, 1.0],
                        [-51.5120038, -27.1579431, 1.0],
                        [-51.5122774, -27.1570016, 1.0],
                        [-51.5123217, -27.1568059, 1.0],
                        [-51.512378, -27.1566782, 1.0],
                        [-51.5124585, -27.1565577, 1.0],
                        [-51.512916, -27.156071, 1.0],
                        [-51.513227, -27.155697, 1.0],
                        [-51.513353, -27.155583, 1.0],
                        [-51.5137184, -27.155292, 1.0],
                        [-51.5138714, -27.1551776, 1.0],
                        [-51.515054, -27.1547589, 1.0]
                    ],
                    [
                        [-51.5148767, -27.1634979, 1.0],
                        [-51.5145192, -27.1637364, 1.0],
                        [-51.5141106, -27.1639098, 1.0]
                    ],
                    [
                        [-51.5148281, -27.1602018, 1.0],
                        [-51.5147131, -27.1601883, 1.0],
                        [-51.51347, -27.1600428, 1.0],
                        [-51.51329, -27.1600217, 1.0]
                    ],
                    [
                        [-51.5148179, -27.1650681, 1.0],
                        [-51.5147688, -27.164953, 1.0],
                        [-51.514653, -27.1648283, 1.0],
                        [-51.514292, -27.1645545, 1.0],
                        [-51.5140142, -27.1644361, 1.0],
                        [-51.5136196, -27.1643073, 1.0]
                    ],
                    [
                        [-51.5141106, -27.1639098, 1.0],
                        [-51.5142451, -27.1641961, 1.0]
                    ],
                    [
                        [-51.5136196, -27.1643073, 1.0],
                        [-51.5137353, -27.1642723, 1.0],
                        [-51.5139407, -27.1642315, 1.0],
                        [-51.5141143, -27.1642113, 1.0],
                        [-51.5142451, -27.1641961, 1.0]
                    ],
                    [
                        [-51.513777, -27.1626675, 1.0],
                        [-51.5141606, -27.1626763, 1.0]
                    ],
                    [
                        [-51.5141579, -27.1585577, 1.0],
                        [-51.5144868, -27.1585862, 1.0],
                        [-51.5145549, -27.1585899, 1.0],
                        [-51.5146188, -27.1585596, 1.0],
                        [-51.5147955, -27.1583655, 1.0],
                        [-51.514804, -27.1583323, 1.0],
                        [-51.5147951, -27.1582989, 1.0],
                        [-51.514143, -27.1574961, 1.0],
                        [-51.5140972, -27.1574506, 1.0],
                        [-51.5140355, -27.1574364, 1.0],
                        [-51.5139812, -27.1574506, 1.0],
                        [-51.5139524, -27.1574771, 1.0],
                        [-51.5138546, -27.1582414, 1.0],
                        [-51.5138693, -27.1582999, 1.0],
                        [-51.5139498, -27.1583989, 1.0],
                        [-51.5140544, -27.1585111, 1.0],
                        [-51.5141579, -27.1585577, 1.0]
                    ],
                    [
                        [-51.51329, -27.1600217, 1.0],
                        [-51.5133608, -27.1599022, 1.0],
                        [-51.5141579, -27.1585577, 1.0]
                    ],
                    [
                        [-51.5141505, -27.1619487, 1.0],
                        [-51.5137737, -27.1619411, 1.0]
                    ],
                    [
                        [-51.5141302, -27.16079, 1.0],
                        [-51.5127423, -27.1606544, 1.0]
                    ],
                    [
                        [-51.5138297, -27.1633548, 1.0],
                        [-51.5141106, -27.1639098, 1.0]
                    ],
                    [
                        [-51.513026, -27.1640188, 1.0],
                        [-51.51316, -27.1638511, 1.0],
                        [-51.5134377, -27.1635035, 1.0],
                        [-51.5136233, -27.163412, 1.0],
                        [-51.5138297, -27.1633548, 1.0]
                    ],
                    [
                        [-51.5122073, -27.1619261, 1.0],
                        [-51.5126315, -27.1624929, 1.0],
                        [-51.5126632, -27.1625308, 1.0],
                        [-51.512706, -27.1625612, 1.0],
                        [-51.5127723, -27.1625835, 1.0],
                        [-51.5132803, -27.1626447, 1.0],
                        [-51.513777, -27.1626675, 1.0]
                    ],
                    [
                        [-51.5137737, -27.1619411, 1.0],
                        [-51.513777, -27.1626675, 1.0]
                    ],
                    [
                        [-51.5137737, -27.1619411, 1.0],
                        [-51.5129373, -27.1616164, 1.0],
                        [-51.5128723, -27.1615999, 1.0],
                        [-51.5128075, -27.1616033, 1.0],
                        [-51.5127362, -27.1616254, 1.0]
                    ],
                    [
                        [-51.5128147, -27.1643246, 1.0],
                        [-51.5130335, -27.1643477, 1.0],
                        [-51.5133596, -27.1643461, 1.0],
                        [-51.5136196, -27.1643073, 1.0]
                    ],
                    [
                        [-51.51329, -27.1600217, 1.0],
                        [-51.5131827, -27.1600277, 1.0],
                        [-51.5131263, -27.1600408, 1.0],
                        [-51.51307, -27.1601028, 1.0],
                        [-51.5128216, -27.1605209, 1.0],
                        [-51.5127423, -27.1606544, 1.0]
                    ],
                    [
                        [-51.513026, -27.1640188, 1.0],
                        [-51.5129225, -27.1639032, 1.0],
                        [-51.5126771, -27.1635942, 1.0]
                    ],
                    [
                        [-51.5128147, -27.1643246, 1.0],
                        [-51.5128978, -27.1642114, 1.0],
                        [-51.513026, -27.1640188, 1.0]
                    ],
                    [
                        [-51.5102439, -27.1654807, 1.0],
                        [-51.5104515, -27.165367, 1.0],
                        [-51.5107144, -27.1652685, 1.0],
                        [-51.5111466, -27.1651019, 1.0],
                        [-51.5113063, -27.1650195, 1.0],
                        [-51.5114116, -27.1649181, 1.0],
                        [-51.5115117, -27.1647912, 1.0],
                        [-51.5115745, -27.1646975, 1.0],
                        [-51.5116958, -27.1646066, 1.0],
                        [-51.5118832, -27.1645194, 1.0],
                        [-51.5120971, -27.1644532, 1.0],
                        [-51.5123739, -27.164384, 1.0],
                        [-51.512685, -27.1643367, 1.0],
                        [-51.5128147, -27.1643246, 1.0]
                    ],
                    [
                        [-51.5127423, -27.1606544, 1.0],
                        [-51.5124487, -27.1606283, 1.0],
                        [-51.5119083, -27.1606362, 1.0],
                        [-51.5116616, -27.1606828, 1.0]
                    ],
                    [
                        [-51.5116616, -27.1606828, 1.0],
                        [-51.5117494, -27.160773, 1.0],
                        [-51.5127362, -27.1616254, 1.0]
                    ],
                    [
                        [-51.5127362, -27.1616254, 1.0],
                        [-51.5122073, -27.1619261, 1.0]
                    ],
                    [
                        [-51.5126771, -27.1635942, 1.0],
                        [-51.5122971, -27.1630118, 1.0],
                        [-51.5121972, -27.1628565, 1.0]
                    ],
                    [
                        [-51.5126771, -27.1635942, 1.0],
                        [-51.5126007, -27.1636092, 1.0],
                        [-51.5120258, -27.1637221, 1.0],
                        [-51.5118743, -27.1637518, 1.0]
                    ],
                    [
                        [-51.5122073, -27.1619261, 1.0],
                        [-51.5117235, -27.1621587, 1.0]
                    ],
                    [
                        [-51.5099608, -27.1632875, 1.0],
                        [-51.5109188, -27.1628794, 1.0],
                        [-51.5111255, -27.1628246, 1.0],
                        [-51.5120698, -27.1628527, 1.0],
                        [-51.5121972, -27.1628565, 1.0]
                    ],
                    [
                        [-51.5121972, -27.1628565, 1.0],
                        [-51.5117235, -27.1621587, 1.0]
                    ],
                    [
                        [-51.5118743, -27.1637518, 1.0],
                        [-51.5112381, -27.1635954, 1.0],
                        [-51.5110758, -27.1635822, 1.0],
                        [-51.5108491, -27.1636419, 1.0],
                        [-51.5104897, -27.1638066, 1.0]
                    ],
                    [
                        [-51.5118743, -27.1637518, 1.0],
                        [-51.5113672, -27.1639218, 1.0],
                        [-51.5108235, -27.1640839, 1.0],
                        [-51.5103704, -27.1644521, 1.0]
                    ],
                    [
                        [-51.5117235, -27.1621587, 1.0],
                        [-51.511378, -27.161677, 1.0],
                        [-51.5113212, -27.1616111, 1.0],
                        [-51.5110443, -27.1613796, 1.0]
                    ],
                    [
                        [-51.510939, -27.1597719, 1.0],
                        [-51.5116616, -27.1606828, 1.0]
                    ],
                    [
                        [-51.5110443, -27.1613796, 1.0],
                        [-51.51059, -27.1609872, 1.0],
                        [-51.5105243, -27.1608608, 1.0],
                        [-51.5104455, -27.1607341, 1.0]
                    ],
                    [
                        [-51.5110443, -27.1613796, 1.0],
                        [-51.5105009, -27.1618613, 1.0],
                        [-51.5104678, -27.1618641, 1.0],
                        [-51.5104268, -27.1618525, 1.0],
                        [-51.5104001, -27.1618347, 1.0],
                        [-51.5096722, -27.1608799, 1.0],
                        [-51.5101737, -27.1605291, 1.0],
                        [-51.5102057, -27.1605249, 1.0],
                        [-51.5102409, -27.1605305, 1.0],
                        [-51.5102738, -27.1605485, 1.0],
                        [-51.5104455, -27.1607341, 1.0]
                    ],
                    [
                        [-51.5109418, -27.15655, 1.0],
                        [-51.51081, -27.1569755, 1.0],
                        [-51.5106953, -27.1576874, 1.0],
                        [-51.5106268, -27.1581015, 1.0],
                        [-51.5105622, -27.1582528, 1.0],
                        [-51.5104611, -27.1583598, 1.0],
                        [-51.5103344, -27.1584233, 1.0],
                        [-51.5101349, -27.1584936, 1.0],
                        [-51.5099521, -27.1585015, 1.0],
                        [-51.5097287, -27.1584747, 1.0],
                        [-51.5094464, -27.1584631, 1.0]
                    ],
                    [
                        [-51.5104455, -27.1607341, 1.0],
                        [-51.5104429, -27.1604914, 1.0],
                        [-51.5104742, -27.1603916, 1.0],
                        [-51.5105253, -27.1602874, 1.0],
                        [-51.5107673, -27.1599698, 1.0],
                        [-51.510939, -27.1597719, 1.0]
                    ],
                    [
                        [-51.5103087, -27.1559014, 1.0],
                        [-51.5103453, -27.1557773, 1.0],
                        [-51.5103834, -27.1557127, 1.0],
                        [-51.5104398, -27.1556379, 1.0],
                        [-51.5105377, -27.1555536, 1.0],
                        [-51.5106005, -27.1555024, 1.0]
                    ],
                    [
                        [-51.5099608, -27.1632875, 1.0],
                        [-51.5100649, -27.1633897, 1.0],
                        [-51.5104897, -27.1638066, 1.0]
                    ],
                    [
                        [-51.5104897, -27.1638066, 1.0],
                        [-51.510389, -27.1638875, 1.0],
                        [-51.5097516, -27.1643997, 1.0],
                        [-51.5090544, -27.1649598, 1.0]
                    ],
                    [
                        [-51.5103087, -27.1559014, 1.0],
                        [-51.5102386, -27.1557904, 1.0],
                        [-51.5101822, -27.1557174, 1.0],
                        [-51.5101513, -27.1556625, 1.0],
                        [-51.5101471, -27.1556085, 1.0],
                        [-51.5101662, -27.1555356, 1.0],
                        [-51.5102482, -27.1554134, 1.0]
                    ],
                    [
                        [-51.510252, -27.1575041, 1.0],
                        [-51.5102778, -27.1573142, 1.0],
                        [-51.5102823, -27.1570756, 1.0],
                        [-51.5102599, -27.1568625, 1.0],
                        [-51.5102205, -27.156727, 1.0],
                        [-51.5101875, -27.1566219, 1.0],
                        [-51.5101939, -27.1565442, 1.0],
                        [-51.5102727, -27.1563908, 1.0],
                        [-51.5103312, -27.1562364, 1.0],
                        [-51.5103685, -27.1561351, 1.0],
                        [-51.510361, -27.1560339, 1.0],
                        [-51.5103087, -27.1559014, 1.0]
                    ],
                    [
                        [-51.5094464, -27.1584631, 1.0],
                        [-51.5095444, -27.1583496, 1.0],
                        [-51.5096821, -27.1582977, 1.0],
                        [-51.5100438, -27.1581552, 1.0],
                        [-51.5101471, -27.1580558, 1.0],
                        [-51.5102237, -27.1579109, 1.0],
                        [-51.510245, -27.157784, 1.0],
                        [-51.5102557, -27.157622, 1.0],
                        [-51.510252, -27.1575041, 1.0]
                    ],
                    [
                        [-51.5099204, -27.1576561, 1.0],
                        [-51.5101183, -27.157568, 1.0],
                        [-51.510252, -27.1575041, 1.0]
                    ],
                    [
                        [-51.5102439, -27.1654807, 1.0],
                        [-51.5101907, -27.1654674, 1.0],
                        [-51.510102, -27.1654717, 1.0],
                        [-51.5099991, -27.165493, 1.0],
                        [-51.5099087, -27.1655328, 1.0],
                        [-51.5097894, -27.1656108, 1.0]
                    ],
                    [
                        [-51.509835, -27.1662587, 1.0],
                        [-51.5099334, -27.1659596, 1.0],
                        [-51.5100141, -27.1657145, 1.0],
                        [-51.5101332, -27.1655782, 1.0],
                        [-51.5102439, -27.1654807, 1.0]
                    ],
                    [
                        [-51.5092894, -27.1638101, 1.0],
                        [-51.5099608, -27.1632875, 1.0]
                    ],
                    [
                        [-51.5093136, -27.1559504, 1.0],
                        [-51.5094761, -27.1561797, 1.0],
                        [-51.5096947, -27.156531, 1.0],
                        [-51.5097117, -27.1565812, 1.0],
                        [-51.5097213, -27.1566967, 1.0],
                        [-51.5097043, -27.1570566, 1.0],
                        [-51.5097192, -27.1571212, 1.0],
                        [-51.5097429, -27.1572019, 1.0],
                        [-51.5098665, -27.1574628, 1.0],
                        [-51.5098911, -27.157543, 1.0],
                        [-51.5099204, -27.1576561, 1.0]
                    ],
                    [
                        [-51.509451, -27.1578947, 1.0],
                        [-51.5099204, -27.1576561, 1.0]
                    ],
                    [
                        [-51.5090544, -27.1649598, 1.0],
                        [-51.5097894, -27.1656108, 1.0]
                    ],
                    [
                        [-51.5097894, -27.1656108, 1.0],
                        [-51.5095845, -27.1658719, 1.0],
                        [-51.509492, -27.16594, 1.0],
                        [-51.5093029, -27.1660485, 1.0],
                        [-51.509095, -27.1661356, 1.0],
                        [-51.5089622, -27.1662359, 1.0],
                        [-51.5088844, -27.1663528, 1.0],
                        [-51.5086739, -27.1666773, 1.0]
                    ],
                    [
                        [-51.5080321, -27.159161, 1.0],
                        [-51.5081885, -27.159073, 1.0],
                        [-51.5083908, -27.1590057, 1.0],
                        [-51.5088211, -27.1589798, 1.0],
                        [-51.5090795, -27.1589328, 1.0],
                        [-51.5092019, -27.1588343, 1.0],
                        [-51.5092757, -27.1587299, 1.0],
                        [-51.5093568, -27.1585766, 1.0],
                        [-51.5094464, -27.1584631, 1.0]
                    ],
                    [
                        [-51.5092894, -27.1638101, 1.0],
                        [-51.5092401, -27.1637614, 1.0],
                        [-51.5090722, -27.1635954, 1.0],
                        [-51.5090185, -27.1635464, 1.0],
                        [-51.5089381, -27.163525, 1.0],
                        [-51.5088187, -27.1635083, 1.0],
                        [-51.508702, -27.1635166, 1.0],
                        [-51.5085679, -27.1635703, 1.0],
                        [-51.5084889, -27.1636354, 1.0],
                        [-51.5084348, -27.1637172, 1.0],
                        [-51.508293, -27.1640416, 1.0],
                        [-51.5082045, -27.1641826, 1.0],
                        [-51.5080537, -27.164307, 1.0],
                        [-51.5075301, -27.1645578, 1.0],
                        [-51.5074293, -27.1645987, 1.0],
                        [-51.5073114, -27.1646293, 1.0],
                        [-51.5069577, -27.1646687, 1.0]
                    ],
                    [
                        [-51.5087283, -27.1646547, 1.0],
                        [-51.5088623, -27.1641845, 1.0],
                        [-51.5089013, -27.1641318, 1.0],
                        [-51.5092894, -27.1638101, 1.0]
                    ],
                    [
                        [-51.5080717, -27.1617614, 1.0],
                        [-51.5083171, -27.1617256, 1.0],
                        [-51.5085062, -27.1616958, 1.0],
                        [-51.5085916, -27.1617115, 1.0],
                        [-51.5086685, -27.1617411, 1.0],
                        [-51.5090588, -27.1619869, 1.0]
                    ],
                    [
                        [-51.5089434, -27.1611934, 1.0],
                        [-51.5092254, -27.1617239, 1.0],
                        [-51.5092305, -27.1617507, 1.0],
                        [-51.5092247, -27.1617846, 1.0],
                        [-51.5090588, -27.1619869, 1.0]
                    ],
                    [
                        [-51.5090588, -27.1619869, 1.0],
                        [-51.509158, -27.1621576, 1.0],
                        [-51.5092143, -27.16229, 1.0],
                        [-51.5091741, -27.162463, 1.0],
                        [-51.5091178, -27.1626217, 1.0],
                        [-51.5089783, -27.1627673, 1.0],
                        [-51.5087329, -27.1629582, 1.0],
                        [-51.508517, -27.1630238, 1.0],
                        [-51.5081307, -27.1631384, 1.0],
                        [-51.5078054, -27.1633264, 1.0],
                        [-51.5072511, -27.1637641, 1.0]
                    ],
                    [
                        [-51.5087283, -27.1646547, 1.0],
                        [-51.5090544, -27.1649598, 1.0]
                    ],
                    [
                        [-51.5090544, -27.1649598, 1.0],
                        [-51.5089989, -27.1650043, 1.0],
                        [-51.5078373, -27.1659371, 1.0]
                    ],
                    [
                        [-51.5073242, -27.1654213, 1.0],
                        [-51.5080874, -27.1647941, 1.0],
                        [-51.5081874, -27.1647436, 1.0],
                        [-51.5082837, -27.1647142, 1.0],
                        [-51.5087283, -27.1646547, 1.0]
                    ],
                    [
                        [-51.5086739, -27.1666773, 1.0],
                        [-51.5078373, -27.1659371, 1.0]
                    ],
                    [
                        [-51.5086739, -27.1666773, 1.0],
                        [-51.508525, -27.1669864, 1.0],
                        [-51.5083802, -27.167287, 1.0],
                        [-51.5080878, -27.1676533, 1.0],
                        [-51.5077968, -27.1680673, 1.0],
                        [-51.5070619, -27.1690278, 1.0],
                        [-51.5068795, -27.1691984, 1.0],
                        [-51.5067279, -27.1693034, 1.0],
                        [-51.5064559, -27.1694265, 1.0],
                        [-51.5060537, -27.1695069, 1.0],
                        [-51.5046318, -27.1696375, 1.0],
                        [-51.5043501, -27.1697113, 1.0],
                        [-51.5041027, -27.1697348, 1.0],
                        [-51.5036338, -27.1697578, 1.0],
                        [-51.5033902, -27.1698232, 1.0],
                        [-51.5031918, -27.1699171, 1.0],
                        [-51.5030862, -27.1699096, 1.0],
                        [-51.5029722, -27.169857, 1.0],
                        [-51.5028666, -27.1697556, 1.0],
                        [-51.5025223, -27.1692783, 1.0]
                    ],
                    [
                        [-51.508361, -27.1685253, 1.0],
                        [-51.5080651, -27.1696105, 1.0],
                        [-51.5079182, -27.1699401, 1.0],
                        [-51.5077691, -27.170156, 1.0],
                        [-51.5075563, -27.1703492, 1.0],
                        [-51.5072443, -27.1704524, 1.0],
                        [-51.5070618, -27.1705012, 1.0]
                    ],
                    [
                        [-51.5080321, -27.159161, 1.0],
                        [-51.5081, -27.159757, 1.0]
                    ],
                    [
                        [-51.5081, -27.159757, 1.0],
                        [-51.5081602, -27.160104, 1.0],
                        [-51.5081522, -27.1601685, 1.0],
                        [-51.508124, -27.1602747, 1.0],
                        [-51.5079202, -27.1607018, 1.0],
                        [-51.5078987, -27.1608128, 1.0],
                        [-51.5078518, -27.1611946, 1.0],
                        [-51.5078558, -27.1613688, 1.0],
                        [-51.5079685, -27.1616063, 1.0],
                        [-51.5080717, -27.1617614, 1.0]
                    ],
                    [
                        [-51.5072524, -27.1608786, 1.0],
                        [-51.507609, -27.1604001, 1.0],
                        [-51.5081, -27.159757, 1.0]
                    ],
                    [
                        [-51.5080717, -27.1617614, 1.0],
                        [-51.5081542, -27.1618936, 1.0],
                        [-51.5083165, -27.162012, 1.0],
                        [-51.5084613, -27.1621289, 1.0],
                        [-51.5085143, -27.1622423, 1.0],
                        [-51.5085385, -27.1623548, 1.0],
                        [-51.5085116, -27.1624195, 1.0],
                        [-51.5084727, -27.1624755, 1.0],
                        [-51.508399, -27.162503, 1.0],
                        [-51.5080342, -27.1625453, 1.0],
                        [-51.5078089, -27.162599, 1.0],
                        [-51.5076667, -27.1626575, 1.0],
                        [-51.5073355, -27.1628663, 1.0]
                    ],
                    [
                        [-51.5064047, -27.1605885, 1.0],
                        [-51.5069599, -27.160332, 1.0],
                        [-51.507446, -27.1600727, 1.0],
                        [-51.5075085, -27.1599825, 1.0],
                        [-51.5075567, -27.1598535, 1.0],
                        [-51.5076334, -27.159641, 1.0],
                        [-51.5076756, -27.1595448, 1.0],
                        [-51.5078116, -27.1593554, 1.0],
                        [-51.507916, -27.1592264, 1.0],
                        [-51.5080321, -27.159161, 1.0]
                    ],
                    [
                        [-51.507886, -27.1638595, 1.0],
                        [-51.5073299, -27.1643268, 1.0],
                        [-51.5069577, -27.1646687, 1.0]
                    ],
                    [
                        [-51.5078564, -27.1711816, 1.0],
                        [-51.5070618, -27.1705012, 1.0]
                    ],
                    [
                        [-51.5078373, -27.1659371, 1.0],
                        [-51.5074122, -27.1655098, 1.0],
                        [-51.5073242, -27.1654213, 1.0]
                    ],
                    [
                        [-51.5078373, -27.1659371, 1.0],
                        [-51.5077436, -27.1660165, 1.0],
                        [-51.5072852, -27.1664054, 1.0],
                        [-51.5072162, -27.1664274, 1.0]
                    ],
                    [
                        [-51.5073355, -27.1628663, 1.0],
                        [-51.5072388, -27.1627516, 1.0],
                        [-51.5072315, -27.1627292, 1.0],
                        [-51.5072333, -27.1627093, 1.0],
                        [-51.5072402, -27.162691, 1.0],
                        [-51.5075607, -27.1624103, 1.0]
                    ],
                    [
                        [-51.5073546, -27.1621952, 1.0],
                        [-51.5069751, -27.1625343, 1.0],
                        [-51.5063305, -27.1631055, 1.0]
                    ],
                    [
                        [-51.5073355, -27.1628663, 1.0],
                        [-51.5072228, -27.1629677, 1.0],
                        [-51.5070243, -27.1631742, 1.0],
                        [-51.5068477, -27.1632941, 1.0]
                    ],
                    [
                        [-51.5063746, -27.1661745, 1.0],
                        [-51.5070488, -27.1656397, 1.0],
                        [-51.5073242, -27.1654213, 1.0]
                    ],
                    [
                        [-51.5072511, -27.1637641, 1.0],
                        [-51.5068477, -27.1632941, 1.0]
                    ],
                    [
                        [-51.5072511, -27.1637641, 1.0],
                        [-51.5070155, -27.164009, 1.0],
                        [-51.5067185, -27.1642723, 1.0]
                    ],
                    [
                        [-51.5072162, -27.1664274, 1.0],
                        [-51.5072201, -27.1666391, 1.0]
                    ],
                    [
                        [-51.5072162, -27.1664274, 1.0],
                        [-51.5071103, -27.1664211, 1.0],
                        [-51.5064143, -27.1663635, 1.0],
                        [-51.5061481, -27.1663414, 1.0]
                    ],
                    [
                        [-51.5070618, -27.1705012, 1.0],
                        [-51.5068741, -27.1704441, 1.0],
                        [-51.5067454, -27.1704345, 1.0],
                        [-51.5065616, -27.1704285, 1.0],
                        [-51.5064195, -27.1704536, 1.0],
                        [-51.5062197, -27.1705729, 1.0],
                        [-51.505974, -27.1708344, 1.0],
                        [-51.5059309, -27.170759, 1.0],
                        [-51.5056931, -27.1705443, 1.0],
                        [-51.5056363, -27.1705323, 1.0],
                        [-51.5055679, -27.1705407, 1.0],
                        [-51.5049, -27.1708008, 1.0],
                        [-51.504837, -27.1708247, 1.0],
                        [-51.5045835, -27.170938, 1.0],
                        [-51.5039143, -27.1712112, 1.0],
                        [-51.5036727, -27.1712789, 1.0]
                    ],
                    [
                        [-51.5069577, -27.1646687, 1.0],
                        [-51.5067644, -27.1646971, 1.0],
                        [-51.506142, -27.1647887, 1.0],
                        [-51.5056214, -27.1648665, 1.0],
                        [-51.5054628, -27.1648863, 1.0],
                        [-51.5052847, -27.1648831, 1.0]
                    ],
                    [
                        [-51.5068477, -27.1632941, 1.0],
                        [-51.506622, -27.1634558, 1.0],
                        [-51.5064092, -27.1636585, 1.0],
                        [-51.5058862, -27.1642007, 1.0],
                        [-51.5053577, -27.1648003, 1.0],
                        [-51.5052847, -27.1648831, 1.0]
                    ],
                    [
                        [-51.5065657, -27.1624714, 1.0],
                        [-51.5061794, -27.1628436, 1.0]
                    ],
                    [
                        [-51.5059848, -27.1599971, 1.0],
                        [-51.5064047, -27.1605885, 1.0]
                    ],
                    [
                        [-51.5047814, -27.1619966, 1.0],
                        [-51.5051092, -27.1613271, 1.0],
                        [-51.5051924, -27.161234, 1.0],
                        [-51.5053506, -27.1611362, 1.0],
                        [-51.5055411, -27.1610268, 1.0],
                        [-51.505816, -27.1608689, 1.0],
                        [-51.5064047, -27.1605885, 1.0]
                    ],
                    [
                        [-51.5063746, -27.1661745, 1.0],
                        [-51.5059809, -27.1657972, 1.0],
                        [-51.5059436, -27.1657866, 1.0],
                        [-51.5059069, -27.1657851, 1.0],
                        [-51.5058816, -27.1657895, 1.0],
                        [-51.5055988, -27.1659561, 1.0],
                        [-51.5053742, -27.1661578, 1.0],
                        [-51.5050095, -27.1664499, 1.0]
                    ],
                    [
                        [-51.5061481, -27.1663414, 1.0],
                        [-51.5063746, -27.1661745, 1.0]
                    ],
                    [
                        [-51.5063627, -27.1598079, 1.0],
                        [-51.5059848, -27.1599971, 1.0]
                    ],
                    [
                        [-51.5061794, -27.1628436, 1.0],
                        [-51.5063305, -27.1631055, 1.0]
                    ],
                    [
                        [-51.5063305, -27.1631055, 1.0],
                        [-51.5062664, -27.1631679, 1.0],
                        [-51.5060086, -27.1633925, 1.0],
                        [-51.5058287, -27.1635336, 1.0],
                        [-51.5055455, -27.1637088, 1.0]
                    ],
                    [
                        [-51.5061794, -27.1628436, 1.0],
                        [-51.5058777, -27.1631109, 1.0]
                    ],
                    [
                        [-51.5051463, -27.167089, 1.0],
                        [-51.5061481, -27.1663414, 1.0]
                    ],
                    [
                        [-51.5060713, -27.1592163, 1.0],
                        [-51.5056167, -27.1594786, 1.0]
                    ],
                    [
                        [-51.5056167, -27.1594786, 1.0],
                        [-51.5059848, -27.1599971, 1.0]
                    ],
                    [
                        [-51.5056167, -27.1594786, 1.0],
                        [-51.5053332, -27.1596506, 1.0],
                        [-51.5052795, -27.1597115, 1.0],
                        [-51.5049081, -27.1602377, 1.0],
                        [-51.5047981, -27.1603701, 1.0],
                        [-51.5045634, -27.1605467, 1.0],
                        [-51.5041852, -27.1610443, 1.0],
                        [-51.5040712, -27.16116, 1.0],
                        [-51.5038954, -27.1613892, 1.0]
                    ],
                    [
                        [-51.5055455, -27.1637088, 1.0],
                        [-51.5053672, -27.1635179, 1.0],
                        [-51.5052857, -27.1634687, 1.0],
                        [-51.5050368, -27.1633508, 1.0]
                    ],
                    [
                        [-51.5055455, -27.1637088, 1.0],
                        [-51.5051638, -27.1640358, 1.0]
                    ],
                    [
                        [-51.5052847, -27.1648831, 1.0],
                        [-51.5049021, -27.1649195, 1.0],
                        [-51.5045017, -27.1649723, 1.0],
                        [-51.5041007, -27.1650129, 1.0],
                        [-51.5037445, -27.16501, 1.0],
                        [-51.503687, -27.1650204, 1.0],
                        [-51.5035911, -27.1650725, 1.0],
                        [-51.5032499, -27.1652088, 1.0],
                        [-51.503108, -27.1652798, 1.0],
                        [-51.5029972, -27.1653678, 1.0],
                        [-51.5029186, -27.1654495, 1.0],
                        [-51.5028208, -27.1655491, 1.0],
                        [-51.502685, -27.1656477, 1.0],
                        [-51.5024216, -27.1658089, 1.0],
                        [-51.5021741, -27.1659569, 1.0]
                    ],
                    [
                        [-51.5051463, -27.167089, 1.0],
                        [-51.5048843, -27.1669081, 1.0],
                        [-51.5046706, -27.1667213, 1.0]
                    ],
                    [
                        [-51.5025223, -27.1692783, 1.0],
                        [-51.5025577, -27.1692422, 1.0],
                        [-51.5026451, -27.1691636, 1.0],
                        [-51.5034632, -27.1685256, 1.0],
                        [-51.5036694, -27.1683392, 1.0],
                        [-51.5040495, -27.1679844, 1.0],
                        [-51.5044382, -27.1676342, 1.0],
                        [-51.5047558, -27.1673846, 1.0],
                        [-51.5051463, -27.167089, 1.0]
                    ],
                    [
                        [-51.5050368, -27.1633508, 1.0],
                        [-51.5044002, -27.1628318, 1.0]
                    ],
                    [
                        [-51.5050368, -27.1633508, 1.0],
                        [-51.5041959, -27.1640714, 1.0]
                    ],
                    [
                        [-51.5050095, -27.1664499, 1.0],
                        [-51.5045894, -27.1660013, 1.0]
                    ],
                    [
                        [-51.5050095, -27.1664499, 1.0],
                        [-51.5046706, -27.1667213, 1.0]
                    ],
                    [
                        [-51.5047814, -27.1619966, 1.0],
                        [-51.5046478, -27.1619049, 1.0],
                        [-51.5042931, -27.1616618, 1.0],
                        [-51.5038954, -27.1613892, 1.0]
                    ],
                    [
                        [-51.5044002, -27.1628318, 1.0],
                        [-51.5047814, -27.1619966, 1.0]
                    ],
                    [
                        [-51.5046706, -27.1667213, 1.0],
                        [-51.5044061, -27.1669126, 1.0]
                    ],
                    [
                        [-51.5046216, -27.1596601, 1.0],
                        [-51.5043257, -27.1599935, 1.0],
                        [-51.5038997, -27.1604999, 1.0],
                        [-51.5038459, -27.1605455, 1.0],
                        [-51.5036514, -27.1606523, 1.0],
                        [-51.50352, -27.1607418, 1.0],
                        [-51.5034516, -27.1607913, 1.0],
                        [-51.5034047, -27.1608653, 1.0],
                        [-51.5033028, -27.1611087, 1.0],
                        [-51.503225, -27.1612066, 1.0],
                        [-51.5031618, -27.1612628, 1.0]
                    ],
                    [
                        [-51.5044061, -27.1669126, 1.0],
                        [-51.503889, -27.1663804, 1.0],
                        [-51.5035012, -27.1666248, 1.0],
                        [-51.5033363, -27.1668444, 1.0]
                    ],
                    [
                        [-51.5044061, -27.1669126, 1.0],
                        [-51.5040952, -27.1671667, 1.0],
                        [-51.5035556, -27.1675857, 1.0],
                        [-51.5031465, -27.167902, 1.0],
                        [-51.502936, -27.1680994, 1.0]
                    ],
                    [
                        [-51.5042711, -27.1630396, 1.0],
                        [-51.5043383, -27.1629315, 1.0],
                        [-51.5044002, -27.1628318, 1.0]
                    ],
                    [
                        [-51.5037319, -27.1618581, 1.0],
                        [-51.5037754, -27.161952, 1.0],
                        [-51.5042711, -27.1630396, 1.0]
                    ],
                    [
                        [-51.5038632, -27.1635228, 1.0],
                        [-51.5039659, -27.1634332, 1.0],
                        [-51.5041043, -27.1632675, 1.0],
                        [-51.5041436, -27.1632137, 1.0],
                        [-51.5042711, -27.1630396, 1.0]
                    ],
                    [
                        [-51.5041959, -27.1640714, 1.0],
                        [-51.5043401, -27.1642587, 1.0],
                        [-51.504326, -27.1642886, 1.0],
                        [-51.5043005, -27.1643184, 1.0],
                        [-51.5040853, -27.164455, 1.0]
                    ],
                    [
                        [-51.5041959, -27.1640714, 1.0],
                        [-51.5041202, -27.1641078, 1.0],
                        [-51.5038694, -27.1641657, 1.0],
                        [-51.5031002, -27.1642075, 1.0]
                    ],
                    [
                        [-51.5039135, -27.171723, 1.0],
                        [-51.5036727, -27.1712789, 1.0]
                    ],
                    [
                        [-51.5038954, -27.1613892, 1.0],
                        [-51.5037319, -27.1618581, 1.0]
                    ],
                    [
                        [-51.5038632, -27.1635228, 1.0],
                        [-51.5035039, -27.1634806, 1.0],
                        [-51.5033645, -27.163473, 1.0],
                        [-51.5031825, -27.1634824, 1.0],
                        [-51.5030131, -27.1635202, 1.0],
                        [-51.5029031, -27.1635631, 1.0],
                        [-51.5028453, -27.1635989, 1.0],
                        [-51.502718, -27.1636777, 1.0],
                        [-51.50249, -27.1638758, 1.0],
                        [-51.5021816, -27.1642075, 1.0],
                        [-51.5019807, -27.1645289, 1.0]
                    ],
                    [
                        [-51.5031002, -27.1642075, 1.0],
                        [-51.5032625, -27.1640452, 1.0],
                        [-51.5037835, -27.1635936, 1.0],
                        [-51.5038632, -27.1635228, 1.0]
                    ],
                    [
                        [-51.5031618, -27.1612628, 1.0],
                        [-51.5037319, -27.1618581, 1.0]
                    ],
                    [
                        [-51.5022426, -27.1719212, 1.0],
                        [-51.5023358, -27.1716932, 1.0],
                        [-51.5023586, -27.1716664, 1.0],
                        [-51.5031985, -27.1713132, 1.0],
                        [-51.5032762, -27.1712971, 1.0],
                        [-51.5035334, -27.1712792, 1.0],
                        [-51.5036727, -27.1712789, 1.0]
                    ],
                    [
                        [-51.5030205, -27.1556281, 1.0],
                        [-51.5030949, -27.1558573, 1.0],
                        [-51.5032658, -27.1562648, 1.0],
                        [-51.5033913, -27.1566162, 1.0],
                        [-51.5034758, -27.1567844, 1.0],
                        [-51.5037011, -27.1571424, 1.0],
                        [-51.5037868, -27.1572566, 1.0],
                        [-51.5038417, -27.1573213, 1.0],
                        [-51.504436, -27.1577832, 1.0],
                        [-51.5044809, -27.1578631, 1.0],
                        [-51.5045024, -27.1580004, 1.0],
                        [-51.5044977, -27.1581227, 1.0],
                        [-51.5044427, -27.1582832, 1.0],
                        [-51.5042375, -27.1586817, 1.0],
                        [-51.5041168, -27.1590146, 1.0],
                        [-51.5039532, -27.1593129, 1.0],
                        [-51.503693, -27.1597759, 1.0],
                        [-51.5034074, -27.1602078, 1.0]
                    ],
                    [
                        [-51.5034074, -27.1602078, 1.0],
                        [-51.5031644, -27.1605599, 1.0],
                        [-51.5031197, -27.160611, 1.0],
                        [-51.5030949, -27.1606716, 1.0],
                        [-51.5030759, -27.1607326, 1.0],
                        [-51.503075, -27.1608279, 1.0],
                        [-51.5031133, -27.1609946, 1.0],
                        [-51.5031618, -27.1612628, 1.0]
                    ],
                    [
                        [-51.5007588, -27.1615268, 1.0],
                        [-51.5021106, -27.160771, 1.0],
                        [-51.5021923, -27.1606995, 1.0],
                        [-51.5022969, -27.1605722, 1.0],
                        [-51.5024693, -27.1604131, 1.0],
                        [-51.5025949, -27.1603516, 1.0],
                        [-51.5028103, -27.1603, 1.0],
                        [-51.5030457, -27.1602681, 1.0],
                        [-51.5034074, -27.1602078, 1.0]
                    ],
                    [
                        [-51.5031618, -27.1612628, 1.0],
                        [-51.503107, -27.1614237, 1.0],
                        [-51.5030614, -27.1615788, 1.0],
                        [-51.503001, -27.1616994, 1.0],
                        [-51.5029313, -27.1618079, 1.0],
                        [-51.5023398, -27.1623437, 1.0],
                        [-51.5022607, -27.1624547, 1.0],
                        [-51.5020944, -27.1628436, 1.0],
                        [-51.5020528, -27.1629057, 1.0],
                        [-51.5018033, -27.1632059, 1.0]
                    ],
                    [
                        [-51.5025187, -27.165237, 1.0],
                        [-51.502592, -27.1650952, 1.0],
                        [-51.502873, -27.1645425, 1.0],
                        [-51.502942, -27.1643909, 1.0],
                        [-51.5031002, -27.1642075, 1.0]
                    ],
                    [
                        [-51.5027571, -27.1591602, 1.0],
                        [-51.5020016, -27.1581361, 1.0]
                    ],
                    [
                        [-51.5027571, -27.1591602, 1.0],
                        [-51.5033893, -27.1587882, 1.0],
                        [-51.5023828, -27.1574168, 1.0],
                        [-51.5020016, -27.1581361, 1.0]
                    ],
                    [
                        [-51.5022367, -27.1595284, 1.0],
                        [-51.5027571, -27.1591602, 1.0]
                    ],
                    [
                        [-51.5025223, -27.1692783, 1.0],
                        [-51.5024246, -27.169298, 1.0],
                        [-51.5022703, -27.1693344, 1.0],
                        [-51.5016586, -27.1695134, 1.0],
                        [-51.5014728, -27.1695846, 1.0],
                        [-51.5014111, -27.1696034, 1.0],
                        [-51.5013562, -27.1696049, 1.0],
                        [-51.5013097, -27.1695807, 1.0],
                        [-51.5009121, -27.1692206, 1.0]
                    ],
                    [
                        [-51.5021741, -27.1659569, 1.0],
                        [-51.5022906, -27.1657362, 1.0],
                        [-51.5025187, -27.165237, 1.0]
                    ],
                    [
                        [-51.5025187, -27.165237, 1.0],
                        [-51.5023552, -27.1653007, 1.0],
                        [-51.5020692, -27.1654234, 1.0],
                        [-51.5018544, -27.1655009, 1.0],
                        [-51.5016344, -27.1655259, 1.0]
                    ],
                    [
                        [-51.5022367, -27.1595284, 1.0],
                        [-51.501983, -27.1592078, 1.0]
                    ],
                    [
                        [-51.5022367, -27.1595284, 1.0],
                        [-51.5023353, -27.1597196, 1.0],
                        [-51.5023378, -27.1597553, 1.0],
                        [-51.5023286, -27.1597986, 1.0],
                        [-51.5023049, -27.1598326, 1.0],
                        [-51.501626, -27.1602878, 1.0],
                        [-51.5007667, -27.1607508, 1.0],
                        [-51.500217, -27.1610405, 1.0]
                    ],
                    [
                        [-51.501555, -27.1672468, 1.0],
                        [-51.5018573, -27.1670101, 1.0],
                        [-51.5018998, -27.1669533, 1.0],
                        [-51.5019494, -27.1668609, 1.0],
                        [-51.5021741, -27.1659569, 1.0]
                    ],
                    [
                        [-51.5021741, -27.1659569, 1.0],
                        [-51.5019147, -27.1661388, 1.0],
                        [-51.5013291, -27.1666102, 1.0]
                    ],
                    [
                        [-51.5016502, -27.1587751, 1.0],
                        [-51.5020016, -27.1581361, 1.0]
                    ],
                    [
                        [-51.501983, -27.1592078, 1.0],
                        [-51.5016502, -27.1587751, 1.0]
                    ],
                    [
                        [-51.501983, -27.1592078, 1.0],
                        [-51.5012016, -27.1597369, 1.0],
                        [-51.4998152, -27.1604904, 1.0]
                    ],
                    [
                        [-51.5016344, -27.1655259, 1.0],
                        [-51.5017347, -27.1654334, 1.0],
                        [-51.501804, -27.165283, 1.0],
                        [-51.5018722, -27.1651047, 1.0],
                        [-51.5019275, -27.1649115, 1.0],
                        [-51.5019807, -27.164671, 1.0],
                        [-51.5019807, -27.1645289, 1.0]
                    ],
                    [
                        [-51.5019807, -27.1645289, 1.0],
                        [-51.501771, -27.1647363, 1.0],
                        [-51.5015667, -27.1648727, 1.0],
                        [-51.5014426, -27.1649425, 1.0]
                    ],
                    [
                        [-51.5018033, -27.1632059, 1.0],
                        [-51.5018058, -27.1633831, 1.0],
                        [-51.5017759, -27.1636112, 1.0],
                        [-51.5017087, -27.1638592, 1.0],
                        [-51.5016266, -27.1642179, 1.0],
                        [-51.5015124, -27.1646596, 1.0],
                        [-51.5014426, -27.1649425, 1.0]
                    ],
                    [
                        [-51.5018033, -27.1632059, 1.0],
                        [-51.5013112, -27.1638364, 1.0],
                        [-51.5010349, -27.1642134, 1.0]
                    ],
                    [
                        [-51.5009659, -27.1592697, 1.0],
                        [-51.5016502, -27.1587751, 1.0]
                    ],
                    [
                        [-51.5008281, -27.166106, 1.0],
                        [-51.5016344, -27.1655259, 1.0]
                    ],
                    [
                        [-51.5014426, -27.1649425, 1.0],
                        [-51.5010564, -27.1651155, 1.0],
                        [-51.5008725, -27.1651958, 1.0],
                        [-51.5006885, -27.1652761, 1.0]
                    ],
                    [
                        [-51.5013291, -27.1666102, 1.0],
                        [-51.5008281, -27.166106, 1.0]
                    ],
                    [
                        [-51.5013291, -27.1666102, 1.0],
                        [-51.5000343, -27.1676855, 1.0],
                        [-51.4987383, -27.1687708, 1.0]
                    ],
                    [
                        [-51.5012257, -27.1645187, 1.0],
                        [-51.5010349, -27.1642134, 1.0]
                    ],
                    [
                        [-51.5011962, -27.1715083, 1.0],
                        [-51.5011864, -27.1714604, 1.0],
                        [-51.5011817, -27.1714335, 1.0],
                        [-51.5011857, -27.1714055, 1.0],
                        [-51.5012251, -27.1713369, 1.0],
                        [-51.501324, -27.1712005, 1.0],
                        [-51.5013176, -27.1711693, 1.0],
                        [-51.5012991, -27.1711228, 1.0],
                        [-51.5011713, -27.171038, 1.0],
                        [-51.5009993, -27.1708884, 1.0],
                        [-51.5007752, -27.1706934, 1.0],
                        [-51.5003474, -27.1702467, 1.0],
                        [-51.5001321, -27.1700557, 1.0],
                        [-51.4998391, -27.1698482, 1.0]
                    ],
                    [
                        [-51.5009121, -27.1692206, 1.0],
                        [-51.5009536, -27.1691917, 1.0],
                        [-51.5011653, -27.1690276, 1.0]
                    ],
                    [
                        [-51.5010349, -27.1642134, 1.0],
                        [-51.5009218, -27.1640712, 1.0],
                        [-51.5008571, -27.1639827, 1.0]
                    ],
                    [
                        [-51.5006381, -27.1693626, 1.0],
                        [-51.5009121, -27.1692206, 1.0]
                    ],
                    [
                        [-51.5008281, -27.166106, 1.0],
                        [-51.5002578, -27.1655322, 1.0],
                        [-51.500217, -27.1654911, 1.0]
                    ],
                    [
                        [-51.5003775, -27.1665016, 1.0],
                        [-51.5008281, -27.166106, 1.0]
                    ],
                    [
                        [-51.5007588, -27.1615268, 1.0],
                        [-51.500217, -27.1610405, 1.0]
                    ],
                    [
                        [-51.4995047, -27.1626957, 1.0],
                        [-51.5002987, -27.1619511, 1.0],
                        [-51.5007588, -27.1615268, 1.0]
                    ],
                    [
                        [-51.5006885, -27.1652761, 1.0],
                        [-51.5002413, -27.1646088, 1.0]
                    ],
                    [
                        [-51.5006885, -27.1652761, 1.0],
                        [-51.5006035, -27.1653148, 1.0],
                        [-51.500217, -27.1654911, 1.0]
                    ],
                    [
                        [-51.5005173, -27.1683573, 1.0],
                        [-51.5002786, -27.168584, 1.0],
                        [-51.4999875, -27.1688107, 1.0],
                        [-51.4996826, -27.1689912, 1.0],
                        [-51.4995442, -27.1690452, 1.0],
                        [-51.499425, -27.1690632, 1.0],
                        [-51.4993196, -27.1690708, 1.0]
                    ],
                    [
                        [-51.500217, -27.1654911, 1.0],
                        [-51.499953, -27.1656331, 1.0],
                        [-51.4994297, -27.1659528, 1.0],
                        [-51.4993891, -27.1659799, 1.0],
                        [-51.4988002, -27.1663462, 1.0]
                    ],
                    [
                        [-51.500217, -27.1610405, 1.0],
                        [-51.4998152, -27.1604904, 1.0]
                    ],
                    [
                        [-51.500217, -27.1610405, 1.0],
                        [-51.500022, -27.1612275, 1.0],
                        [-51.4986478, -27.1625453, 1.0]
                    ],
                    [
                        [-51.500217, -27.1610405, 1.0],
                        [-51.4999612, -27.1611541, 1.0],
                        [-51.4982839, -27.1620254, 1.0]
                    ],
                    [
                        [-51.4998467, -27.1630083, 1.0],
                        [-51.4995047, -27.1626957, 1.0]
                    ],
                    [
                        [-51.4998391, -27.1698482, 1.0],
                        [-51.4995698, -27.1696844, 1.0],
                        [-51.4994665, -27.1696011, 1.0],
                        [-51.4993598, -27.1694775, 1.0],
                        [-51.4993239, -27.1693511, 1.0],
                        [-51.4993026, -27.1692535, 1.0],
                        [-51.4993196, -27.1690708, 1.0]
                    ],
                    [
                        [-51.4993819, -27.1702828, 1.0],
                        [-51.4998391, -27.1698482, 1.0]
                    ],
                    [
                        [-51.4998152, -27.1604904, 1.0],
                        [-51.4996254, -27.1602269, 1.0],
                        [-51.4995852, -27.1602162, 1.0],
                        [-51.4995316, -27.1602234, 1.0],
                        [-51.4991885, -27.1602858, 1.0],
                        [-51.4983366, -27.1603821, 1.0],
                        [-51.4982481, -27.1603952, 1.0],
                        [-51.4971136, -27.1606541, 1.0],
                        [-51.4969406, -27.1607054, 1.0],
                        [-51.4953822, -27.1608343, 1.0],
                        [-51.4948323, -27.1608725, 1.0],
                        [-51.4943013, -27.1608367, 1.0],
                        [-51.4939606, -27.1608104, 1.0],
                        [-51.4933236, -27.160629, 1.0],
                        [-51.4929856, -27.1604882, 1.0],
                        [-51.4928046, -27.1604465, 1.0]
                    ],
                    [
                        [-51.4998152, -27.1604904, 1.0],
                        [-51.4980072, -27.1614405, 1.0]
                    ],
                    [
                        [-51.4990863, -27.1630489, 1.0],
                        [-51.4995047, -27.1626957, 1.0]
                    ],
                    [
                        [-51.4993196, -27.1690708, 1.0],
                        [-51.4996059, -27.168682, 1.0],
                        [-51.4996213, -27.1686434, 1.0],
                        [-51.4996191, -27.1686043, 1.0],
                        [-51.4995966, -27.1685779, 1.0],
                        [-51.4994263, -27.1684313, 1.0],
                        [-51.4993889, -27.1684117, 1.0],
                        [-51.4993384, -27.1684107, 1.0],
                        [-51.4991816, -27.1685061, 1.0],
                        [-51.4988892, -27.168715, 1.0],
                        [-51.4987383, -27.1687708, 1.0]
                    ],
                    [
                        [-51.4990863, -27.1630489, 1.0],
                        [-51.4989484, -27.1628845, 1.0],
                        [-51.4986478, -27.1625453, 1.0]
                    ],
                    [
                        [-51.4983297, -27.1637554, 1.0],
                        [-51.4989938, -27.1631479, 1.0],
                        [-51.4990863, -27.1630489, 1.0]
                    ],
                    [
                        [-51.4976581, -27.1667601, 1.0],
                        [-51.4984365, -27.1661521, 1.0],
                        [-51.4984779, -27.1661198, 1.0],
                        [-51.498497, -27.1661049, 1.0],
                        [-51.4985397, -27.1660715, 1.0],
                        [-51.4988002, -27.1663462, 1.0]
                    ],
                    [
                        [-51.4988002, -27.1663462, 1.0],
                        [-51.498385, -27.166683, 1.0],
                        [-51.4980881, -27.1669239, 1.0]
                    ],
                    [
                        [-51.4987383, -27.1687708, 1.0],
                        [-51.4983188, -27.169142, 1.0]
                    ],
                    [
                        [-51.4986478, -27.1625453, 1.0],
                        [-51.4982839, -27.1620254, 1.0]
                    ],
                    [
                        [-51.4986478, -27.1625453, 1.0],
                        [-51.4967347, -27.1643101, 1.0],
                        [-51.4966368, -27.1643966, 1.0]
                    ],
                    [
                        [-51.498633, -27.1640559, 1.0],
                        [-51.4983297, -27.1637554, 1.0]
                    ],
                    [
                        [-51.4978417, -27.1642019, 1.0],
                        [-51.4983297, -27.1637554, 1.0]
                    ],
                    [
                        [-51.4982839, -27.1620254, 1.0],
                        [-51.4980072, -27.1614405, 1.0]
                    ],
                    [
                        [-51.4982839, -27.1620254, 1.0],
                        [-51.4965677, -27.1626396, 1.0]
                    ],
                    [
                        [-51.4982227, -27.1645356, 1.0],
                        [-51.4978417, -27.1642019, 1.0]
                    ],
                    [
                        [-51.4980881, -27.1669239, 1.0],
                        [-51.4976581, -27.1667601, 1.0]
                    ],
                    [
                        [-51.4980881, -27.1669239, 1.0],
                        [-51.4980559, -27.1669801, 1.0],
                        [-51.497807, -27.1674936, 1.0],
                        [-51.4977403, -27.1676109, 1.0],
                        [-51.4976717, -27.1676806, 1.0],
                        [-51.4975983, -27.1677484, 1.0],
                        [-51.4974085, -27.1678815, 1.0]
                    ],
                    [
                        [-51.4980072, -27.1614405, 1.0],
                        [-51.496274, -27.162074, 1.0]
                    ],
                    [
                        [-51.4973579, -27.1646445, 1.0],
                        [-51.4978417, -27.1642019, 1.0]
                    ],
                    [
                        [-51.4976581, -27.1667601, 1.0],
                        [-51.4975003, -27.1666751, 1.0],
                        [-51.4970834, -27.1663462, 1.0],
                        [-51.4969701, -27.1662892, 1.0],
                        [-51.4968044, -27.1662472, 1.0],
                        [-51.496675, -27.166218, 1.0],
                        [-51.4964511, -27.1661225, 1.0],
                        [-51.4962901, -27.1660784, 1.0],
                        [-51.4961205, -27.16607, 1.0],
                        [-51.4959173, -27.1661165, 1.0]
                    ],
                    [
                        [-51.4976581, -27.1667601, 1.0],
                        [-51.4969651, -27.1668169, 1.0]
                    ],
                    [
                        [-51.4976329, -27.1648875, 1.0],
                        [-51.4973579, -27.1646445, 1.0]
                    ],
                    [
                        [-51.4974085, -27.1678815, 1.0],
                        [-51.4966085, -27.1670821, 1.0]
                    ],
                    [
                        [-51.4968453, -27.1682248, 1.0],
                        [-51.4969352, -27.1681801, 1.0],
                        [-51.4969856, -27.1681522, 1.0],
                        [-51.4970477, -27.1681226, 1.0],
                        [-51.4970889, -27.1680889, 1.0],
                        [-51.4971726, -27.1680414, 1.0],
                        [-51.4972677, -27.1679765, 1.0],
                        [-51.4974085, -27.1678815, 1.0]
                    ],
                    [
                        [-51.4970894, -27.1648768, 1.0],
                        [-51.4973579, -27.1646445, 1.0]
                    ],
                    [
                        [-51.4970894, -27.1648768, 1.0],
                        [-51.4966368, -27.1643966, 1.0]
                    ],
                    [
                        [-51.494546, -27.1627941, 1.0],
                        [-51.494198, -27.1630006, 1.0],
                        [-51.4940401, -27.1630939, 1.0],
                        [-51.4940052, -27.1631282, 1.0],
                        [-51.4939858, -27.1631703, 1.0],
                        [-51.4939854, -27.1632016, 1.0],
                        [-51.4941336, -27.1634235, 1.0],
                        [-51.4951656, -27.1648858, 1.0],
                        [-51.4952347, -27.1649753, 1.0],
                        [-51.4953098, -27.1650463, 1.0],
                        [-51.4953956, -27.1650803, 1.0],
                        [-51.4954922, -27.1650904, 1.0],
                        [-51.4968185, -27.1649305, 1.0],
                        [-51.4970894, -27.1648768, 1.0]
                    ],
                    [
                        [-51.4969651, -27.1668169, 1.0],
                        [-51.4960796, -27.1664244, 1.0],
                        [-51.4959441, -27.1664041, 1.0],
                        [-51.4958476, -27.1664399, 1.0],
                        [-51.4957644, -27.1665294, 1.0],
                        [-51.4956115, -27.1671188, 1.0]
                    ],
                    [
                        [-51.4969651, -27.1668169, 1.0],
                        [-51.4969037, -27.1668408, 1.0],
                        [-51.4966085, -27.1670821, 1.0]
                    ],
                    [
                        [-51.4906065, -27.1640798, 1.0],
                        [-51.4914514, -27.1645535, 1.0],
                        [-51.4918041, -27.1647969, 1.0],
                        [-51.4919651, -27.1649532, 1.0],
                        [-51.4921112, -27.165131, 1.0],
                        [-51.492423, -27.1655677, 1.0],
                        [-51.4925605, -27.1657431, 1.0],
                        [-51.4927409, -27.1659602, 1.0],
                        [-51.4934262, -27.1666171, 1.0],
                        [-51.4937434, -27.166867, 1.0],
                        [-51.4941222, -27.167123, 1.0],
                        [-51.4945769, -27.1674093, 1.0],
                        [-51.4947914, -27.167528, 1.0],
                        [-51.495399, -27.1677571, 1.0],
                        [-51.496099, -27.1681151, 1.0],
                        [-51.4963656, -27.1682554, 1.0],
                        [-51.4964318, -27.168288, 1.0],
                        [-51.49661, -27.1682928, 1.0],
                        [-51.4967414, -27.1682654, 1.0],
                        [-51.4968453, -27.1682248, 1.0]
                    ],
                    [
                        [-51.4959884, -27.1675734, 1.0],
                        [-51.4965597, -27.1681288, 1.0],
                        [-51.4966475, -27.1682069, 1.0],
                        [-51.4966981, -27.1682415, 1.0],
                        [-51.4967639, -27.1682327, 1.0],
                        [-51.4968453, -27.1682248, 1.0]
                    ],
                    [
                        [-51.4966368, -27.1643966, 1.0],
                        [-51.4964993, -27.1643119, 1.0],
                        [-51.4963726, -27.1642719, 1.0],
                        [-51.4961573, -27.1642874, 1.0],
                        [-51.495751, -27.1643339, 1.0],
                        [-51.4956343, -27.1642814, 1.0],
                        [-51.4954774, -27.164112, 1.0],
                        [-51.4948967, -27.1633746, 1.0]
                    ],
                    [
                        [-51.4966085, -27.1670821, 1.0],
                        [-51.4959884, -27.1675734, 1.0]
                    ],
                    [
                        [-51.496274, -27.162074, 1.0],
                        [-51.4965677, -27.1626396, 1.0]
                    ],
                    [
                        [-51.4965677, -27.1626396, 1.0],
                        [-51.4958985, -27.1628878, 1.0],
                        [-51.4953138, -27.1631312, 1.0],
                        [-51.4948967, -27.1633746, 1.0]
                    ],
                    [
                        [-51.496274, -27.162074, 1.0],
                        [-51.4953125, -27.1623974, 1.0],
                        [-51.4949571, -27.1625644, 1.0],
                        [-51.4947217, -27.1626909, 1.0],
                        [-51.494546, -27.1627941, 1.0]
                    ],
                    [
                        [-51.4959884, -27.1675734, 1.0],
                        [-51.4956115, -27.1671188, 1.0]
                    ],
                    [
                        [-51.4956115, -27.1671188, 1.0],
                        [-51.4952293, -27.1670066, 1.0],
                        [-51.4950241, -27.1669613, 1.0],
                        [-51.4948612, -27.166904, 1.0],
                        [-51.4946841, -27.1667901, 1.0],
                        [-51.4945903, -27.1667095, 1.0],
                        [-51.4944917, -27.1665831, 1.0],
                        [-51.4943636, -27.1664632, 1.0],
                        [-51.4942946, -27.1663716, 1.0],
                        [-51.4942543, -27.1663325, 1.0],
                        [-51.4941216, -27.1662591, 1.0],
                        [-51.4939392, -27.1661601, 1.0],
                        [-51.4937688, -27.1660342, 1.0],
                        [-51.4936468, -27.1658815, 1.0],
                        [-51.4934751, -27.165539, 1.0],
                        [-51.4928207, -27.1648458, 1.0],
                        [-51.4925531, -27.1645821, 1.0],
                        [-51.4924371, -27.1644968, 1.0],
                        [-51.4922635, -27.164402, 1.0],
                        [-51.4921367, -27.1643214, 1.0],
                        [-51.4920321, -27.1642087, 1.0],
                        [-51.4918913, -27.164007, 1.0],
                        [-51.4916204, -27.1637338, 1.0],
                        [-51.4911778, -27.1635023, 1.0],
                        [-51.4909519, -27.1633752, 1.0],
                        [-51.4908191, -27.1633042, 1.0],
                        [-51.4906776, -27.1632338, 1.0],
                        [-51.4905777, -27.1631169, 1.0],
                        [-51.4905321, -27.1630232, 1.0],
                        [-51.4905207, -27.1629242, 1.0],
                        [-51.4906159, -27.1622876, 1.0]
                    ],
                    [
                        [-51.4948967, -27.1633746, 1.0],
                        [-51.494546, -27.1627941, 1.0]
                    ],
                    [
                        [-51.4928046, -27.1604465, 1.0],
                        [-51.4929729, -27.1604119, 1.0],
                        [-51.4937635, -27.160354, 1.0],
                        [-51.4938191, -27.1603313, 1.0],
                        [-51.4938533, -27.1602961, 1.0],
                        [-51.4938641, -27.1602439, 1.0]
                    ],
                    [
                        [-51.4906159, -27.1622876, 1.0],
                        [-51.4906628, -27.1620311, 1.0],
                        [-51.4907765, -27.161756, 1.0],
                        [-51.491216, -27.1613784, 1.0],
                        [-51.4913853, -27.1612332, 1.0],
                        [-51.4916144, -27.1610622, 1.0],
                        [-51.4918551, -27.1609494, 1.0],
                        [-51.4920609, -27.1609005, 1.0],
                        [-51.4923151, -27.1608528, 1.0],
                        [-51.4924767, -27.1607537, 1.0],
                        [-51.4926195, -27.1606052, 1.0],
                        [-51.4927107, -27.1604894, 1.0],
                        [-51.4928046, -27.1604465, 1.0]
                    ],
                    [
                        [-51.4906065, -27.1640798, 1.0],
                        [-51.490349, -27.1638674, 1.0],
                        [-51.4901646, -27.1637385, 1.0],
                        [-51.4900037, -27.1635697, 1.0],
                        [-51.4899507, -27.1634343, 1.0],
                        [-51.4900285, -27.1631384, 1.0],
                        [-51.4901814, -27.1628389, 1.0],
                        [-51.490408, -27.1625656, 1.0],
                        [-51.4906159, -27.1622876, 1.0]
                    ],
                    [
                        [-51.4906065, -27.1640798, 1.0],
                        [-51.4900379, -27.1638292, 1.0],
                        [-51.489775, -27.1636884, 1.0],
                        [-51.4895014, -27.1635643, 1.0],
                        [-51.489248, -27.1634725, 1.0],
                        [-51.4890508, -27.1634128, 1.0],
                        [-51.4888966, -27.1633925, 1.0],
                        [-51.4886954, -27.1634033, 1.0],
                        [-51.4882261, -27.1635333, 1.0],
                        [-51.4879726, -27.1635798, 1.0],
                        [-51.4878197, -27.1635739, 1.0],
                        [-51.4875716, -27.1635071, 1.0],
                        [-51.487357, -27.1634271, 1.0]
                    ],
                    [
                        [-51.4901304, -27.1614834, 1.0],
                        [-51.4900285, -27.1615944, 1.0],
                        [-51.4899521, -27.1617053, 1.0],
                        [-51.4892466, -27.1625835, 1.0],
                        [-51.4890964, -27.16271, 1.0],
                        [-51.4888349, -27.1628436, 1.0],
                        [-51.4885332, -27.1629188, 1.0],
                        [-51.4880906, -27.1628961, 1.0],
                        [-51.4877071, -27.1628484, 1.0]
                    ],
                    [
                        [-51.486311, -27.1604334, 1.0],
                        [-51.4870647, -27.1602806, 1.0],
                        [-51.4877486, -27.1600993, 1.0],
                        [-51.4882113, -27.1599775, 1.0],
                        [-51.4884473, -27.1599131, 1.0],
                        [-51.4885707, -27.1598451, 1.0],
                        [-51.4888309, -27.1596339, 1.0],
                        [-51.4891031, -27.1593785, 1.0],
                        [-51.4894143, -27.1590957, 1.0],
                        [-51.4897133, -27.1588034, 1.0],
                        [-51.489885, -27.158591, 1.0],
                        [-51.4899842, -27.1584096, 1.0],
                        [-51.4900044, -27.1582163, 1.0]
                    ],
                    [
                        [-51.4898595, -27.1430169, 1.0],
                        [-51.489653, -27.1432293, 1.0],
                        [-51.489417, -27.1433809, 1.0],
                        [-51.4891581, -27.1435325, 1.0],
                        [-51.4887537, -27.1436549, 1.0],
                        [-51.4884615, -27.1437494, 1.0],
                        [-51.4880363, -27.1438913, 1.0],
                        [-51.4877376, -27.143979, 1.0],
                        [-51.4875528, -27.1440332, 1.0],
                        [-51.4873137, -27.144123, 1.0],
                        [-51.4869259, -27.1442032, 1.0],
                        [-51.4865717, -27.1443095, 1.0],
                        [-51.4858409, -27.1447602, 1.0],
                        [-51.4854871, -27.1449446, 1.0]
                    ],
                    [
                        [-51.4867183, -27.1622213, 1.0],
                        [-51.4871773, -27.162111, 1.0],
                        [-51.4874536, -27.1620848, 1.0],
                        [-51.4878693, -27.1621325, 1.0],
                        [-51.4882341, -27.1622447, 1.0],
                        [-51.4884836, -27.1622781, 1.0],
                        [-51.4886069, -27.1622614, 1.0],
                        [-51.4888001, -27.1621516, 1.0],
                        [-51.4890683, -27.1618652, 1.0],
                        [-51.489374, -27.1614524, 1.0],
                        [-51.489531, -27.1612543, 1.0]
                    ],
                    [
                        [-51.4890267, -27.1560172, 1.0],
                        [-51.4889985, -27.1559468, 1.0],
                        [-51.4887373, -27.1548595, 1.0]
                    ],
                    [
                        [-51.4890267, -27.1560172, 1.0],
                        [-51.4891122, -27.1561037, 1.0],
                        [-51.4891742, -27.1561854, 1.0],
                        [-51.4893834, -27.1567439, 1.0],
                        [-51.489307, -27.1567629, 1.0],
                        [-51.4889476, -27.1568847, 1.0],
                        [-51.4886646, -27.1569646, 1.0]
                    ],
                    [
                        [-51.4890267, -27.1560172, 1.0],
                        [-51.4883856, -27.1561723, 1.0]
                    ],
                    [
                        [-51.4886646, -27.1569646, 1.0],
                        [-51.4883856, -27.1561723, 1.0]
                    ],
                    [
                        [-51.4886646, -27.1569646, 1.0],
                        [-51.4879324, -27.1571961, 1.0]
                    ],
                    [
                        [-51.4883856, -27.1561723, 1.0],
                        [-51.4880563, -27.1549818, 1.0]
                    ],
                    [
                        [-51.4883856, -27.1561723, 1.0],
                        [-51.4880544, -27.1562558, 1.0],
                        [-51.4876869, -27.1563739, 1.0]
                    ],
                    [
                        [-51.4876869, -27.1563739, 1.0],
                        [-51.4879324, -27.1571961, 1.0]
                    ],
                    [
                        [-51.4879324, -27.1571961, 1.0],
                        [-51.4873087, -27.1573739, 1.0]
                    ],
                    [
                        [-51.4877071, -27.1628484, 1.0],
                        [-51.4873436, -27.1625358, 1.0],
                        [-51.4871746, -27.1624224, 1.0],
                        [-51.4867183, -27.1622213, 1.0]
                    ],
                    [
                        [-51.487357, -27.1634271, 1.0],
                        [-51.4877071, -27.1628484, 1.0]
                    ],
                    [
                        [-51.4876869, -27.1563739, 1.0],
                        [-51.4875649, -27.156467, 1.0],
                        [-51.4874764, -27.156578, 1.0],
                        [-51.4874201, -27.1567737, 1.0],
                        [-51.4873087, -27.1573739, 1.0]
                    ],
                    [
                        [-51.487357, -27.1634271, 1.0],
                        [-51.4871357, -27.1633329, 1.0],
                        [-51.4868192, -27.1631921, 1.0],
                        [-51.486429, -27.1630119, 1.0],
                        [-51.4860508, -27.1627995, 1.0],
                        [-51.4857437, -27.1625943, 1.0],
                        [-51.4854996, -27.1624254, 1.0],
                        [-51.4850181, -27.1621874, 1.0],
                        [-51.4844441, -27.1619989, 1.0],
                        [-51.4839955, -27.1618569, 1.0],
                        [-51.4835429, -27.1617125, 1.0],
                        [-51.4833958, -27.1616535, 1.0],
                        [-51.4830447, -27.1615126, 1.0],
                        [-51.4827939, -27.1613873, 1.0],
                        [-51.4825378, -27.1612143, 1.0],
                        [-51.4824372, -27.1611135, 1.0],
                        [-51.4823489, -27.1610066, 1.0],
                        [-51.4822923, -27.1609381, 1.0]
                    ],
                    [
                        [-51.4873087, -27.1573739, 1.0],
                        [-51.4872457, -27.1579097, 1.0],
                        [-51.4872182, -27.1580588, 1.0],
                        [-51.4870888, -27.1581591, 1.0],
                        [-51.4868836, -27.1581877, 1.0],
                        [-51.4867629, -27.1580326, 1.0],
                        [-51.4866207, -27.157677, 1.0],
                        [-51.4864024, -27.1570043, 1.0],
                        [-51.4863359, -27.1569198, 1.0],
                        [-51.4861849, -27.1568674, 1.0]
                    ],
                    [
                        [-51.4858778, -27.1553215, 1.0],
                        [-51.4859676, -27.1551329, 1.0],
                        [-51.4862694, -27.1546174, 1.0],
                        [-51.4865219, -27.154238, 1.0],
                        [-51.486622, -27.1541017, 1.0],
                        [-51.486721, -27.1540155, 1.0],
                        [-51.4868189, -27.1539454, 1.0],
                        [-51.4870073, -27.153862, 1.0],
                        [-51.487085, -27.153809, 1.0],
                        [-51.4871468, -27.153719, 1.0],
                        [-51.4872426, -27.1536006, 1.0]
                    ],
                    [
                        [-51.486311, -27.1604334, 1.0],
                        [-51.4863861, -27.160561, 1.0],
                        [-51.4864866, -27.1606434, 1.0],
                        [-51.486724, -27.1607341, 1.0],
                        [-51.4869842, -27.1607997, 1.0]
                    ],
                    [
                        [-51.4867183, -27.1622213, 1.0],
                        [-51.4865845, -27.1621898, 1.0],
                        [-51.4864015, -27.1621749, 1.0],
                        [-51.4860991, -27.1621778, 1.0],
                        [-51.4859086, -27.162142, 1.0],
                        [-51.4857262, -27.1620293, 1.0]
                    ],
                    [
                        [-51.4861849, -27.1568674, 1.0],
                        [-51.4865604, -27.1555912, 1.0]
                    ],
                    [
                        [-51.4860977, -27.1600336, 1.0],
                        [-51.4861634, -27.1601112, 1.0],
                        [-51.486311, -27.1604334, 1.0]
                    ],
                    [
                        [-51.4860334, -27.1604417, 1.0],
                        [-51.486311, -27.1604334, 1.0]
                    ],
                    [
                        [-51.4861849, -27.1568674, 1.0],
                        [-51.4858733, -27.1579978, 1.0],
                        [-51.4855412, -27.1585433, 1.0]
                    ],
                    [
                        [-51.4853494, -27.1575433, 1.0],
                        [-51.4860213, -27.1569109, 1.0],
                        [-51.4861205, -27.1568715, 1.0],
                        [-51.4861849, -27.1568674, 1.0]
                    ],
                    [
                        [-51.4854523, -27.1595203, 1.0],
                        [-51.4855371, -27.1595736, 1.0],
                        [-51.4857142, -27.1596924, 1.0],
                        [-51.486036, -27.159962, 1.0],
                        [-51.4860977, -27.1600336, 1.0]
                    ],
                    [
                        [-51.4860977, -27.1600336, 1.0],
                        [-51.4860334, -27.1604417, 1.0]
                    ],
                    [
                        [-51.4834597, -27.1603725, 1.0],
                        [-51.4837012, -27.1603999, 1.0],
                        [-51.4843503, -27.1603307, 1.0],
                        [-51.4846198, -27.1603319, 1.0],
                        [-51.4851683, -27.1604131, 1.0],
                        [-51.4856578, -27.1604513, 1.0],
                        [-51.4860334, -27.1604417, 1.0]
                    ],
                    [
                        [-51.4858778, -27.1553215, 1.0],
                        [-51.485851, -27.1556353, 1.0],
                        [-51.4853494, -27.1575433, 1.0]
                    ],
                    [
                        [-51.484931, -27.1567271, 1.0],
                        [-51.4850785, -27.1564921, 1.0],
                        [-51.4857075, -27.1555935, 1.0],
                        [-51.4858778, -27.1553215, 1.0]
                    ],
                    [
                        [-51.4855412, -27.1585433, 1.0],
                        [-51.4854661, -27.1589777, 1.0],
                        [-51.4854687, -27.1590874, 1.0],
                        [-51.485517, -27.1591781, 1.0],
                        [-51.485576, -27.1592759, 1.0],
                        [-51.4855868, -27.1593714, 1.0],
                        [-51.4855465, -27.1594215, 1.0],
                        [-51.4854523, -27.1595203, 1.0]
                    ],
                    [
                        [-51.4855412, -27.1585433, 1.0],
                        [-51.484255, -27.1588511, 1.0]
                    ],
                    [
                        [-51.4843059, -27.145738, 1.0],
                        [-51.4844435, -27.1457396, 1.0],
                        [-51.484481, -27.1457331, 1.0],
                        [-51.4851254, -27.1455028, 1.0],
                        [-51.4851978, -27.1454407, 1.0],
                        [-51.4854871, -27.1449446, 1.0]
                    ],
                    [
                        [-51.4854871, -27.1449446, 1.0],
                        [-51.4852684, -27.1450586, 1.0],
                        [-51.484478, -27.1453731, 1.0],
                        [-51.4843006, -27.1453973, 1.0],
                        [-51.4842532, -27.145391, 1.0]
                    ],
                    [
                        [-51.4854523, -27.1595203, 1.0],
                        [-51.4849927, -27.1593206, 1.0],
                        [-51.4842014, -27.1590397, 1.0]
                    ],
                    [
                        [-51.4853494, -27.1575433, 1.0],
                        [-51.4851522, -27.1581638, 1.0],
                        [-51.4850919, -27.1582497, 1.0],
                        [-51.4849953, -27.1583154, 1.0],
                        [-51.4844066, -27.1584359, 1.0]
                    ],
                    [
                        [-51.4844066, -27.1584359, 1.0],
                        [-51.4844415, -27.1583201, 1.0],
                        [-51.4848143, -27.1571066, 1.0],
                        [-51.484931, -27.1567271, 1.0]
                    ],
                    [
                        [-51.484931, -27.1567271, 1.0],
                        [-51.4846312, -27.1571418, 1.0],
                        [-51.4844871, -27.157313, 1.0],
                        [-51.4841826, -27.1578285, 1.0],
                        [-51.4840767, -27.1580147, 1.0],
                        [-51.483795, -27.158585, 1.0]
                    ],
                    [
                        [-51.484255, -27.1588511, 1.0],
                        [-51.4844066, -27.1584359, 1.0]
                    ],
                    [
                        [-51.4833123, -27.1459419, 1.0],
                        [-51.4836563, -27.1458243, 1.0],
                        [-51.4839208, -27.1457663, 1.0],
                        [-51.4842054, -27.1457378, 1.0],
                        [-51.4843059, -27.145738, 1.0]
                    ],
                    [
                        [-51.4842532, -27.145391, 1.0],
                        [-51.4843059, -27.145738, 1.0]
                    ],
                    [
                        [-51.4842014, -27.1590397, 1.0],
                        [-51.484255, -27.1588511, 1.0]
                    ],
                    [
                        [-51.4842532, -27.145391, 1.0],
                        [-51.4841329, -27.1453749, 1.0],
                        [-51.4840586, -27.145365, 1.0],
                        [-51.4837764, -27.1452441, 1.0],
                        [-51.4830682, -27.1450129, 1.0]
                    ],
                    [
                        [-51.4834597, -27.1603725, 1.0],
                        [-51.4835429, -27.1603009, 1.0],
                        [-51.4838259, -27.1600551, 1.0],
                        [-51.4839144, -27.1599167, 1.0],
                        [-51.4842014, -27.1590397, 1.0]
                    ],
                    [
                        [-51.4840244, -27.1570636, 1.0],
                        [-51.483964, -27.1572832, 1.0]
                    ],
                    [
                        [-51.483964, -27.1572832, 1.0],
                        [-51.4838045, -27.1579469, 1.0],
                        [-51.483795, -27.158585, 1.0]
                    ],
                    [
                        [-51.483964, -27.1572832, 1.0],
                        [-51.4832774, -27.1574037, 1.0]
                    ],
                    [
                        [-51.4838219, -27.1557033, 1.0],
                        [-51.4837521, -27.1559157, 1.0],
                        [-51.4836878, -27.1562331, 1.0],
                        [-51.48361, -27.1564264, 1.0],
                        [-51.4832774, -27.1574037, 1.0]
                    ],
                    [
                        [-51.483795, -27.158585, 1.0],
                        [-51.4837119, -27.1588786, 1.0],
                        [-51.4834531, -27.1594597, 1.0],
                        [-51.4834303, -27.1595874, 1.0],
                        [-51.483441, -27.1597437, 1.0],
                        [-51.4834571, -27.1600742, 1.0],
                        [-51.4834571, -27.1602544, 1.0],
                        [-51.4834597, -27.1603725, 1.0]
                    ],
                    [
                        [-51.4837454, -27.1479623, 1.0],
                        [-51.4836569, -27.1474098, 1.0],
                        [-51.4835899, -27.1471126, 1.0]
                    ],
                    [
                        [-51.4835899, -27.1471126, 1.0],
                        [-51.4834625, -27.1465351, 1.0]
                    ],
                    [
                        [-51.4835899, -27.1471126, 1.0],
                        [-51.4842282, -27.1470046, 1.0],
                        [-51.4842698, -27.1469945, 1.0],
                        [-51.4842926, -27.1469658, 1.0],
                        [-51.4843489, -27.1463435, 1.0],
                        [-51.4843422, -27.1463268, 1.0],
                        [-51.4843167, -27.1463226, 1.0],
                        [-51.4834625, -27.1465351, 1.0]
                    ],
                    [
                        [-51.4834625, -27.1465351, 1.0],
                        [-51.4833123, -27.1459419, 1.0]
                    ],
                    [
                        [-51.4831835, -27.160505, 1.0],
                        [-51.4834597, -27.1603725, 1.0]
                    ],
                    [
                        [-51.4833123, -27.1459419, 1.0],
                        [-51.4830682, -27.1450129, 1.0]
                    ],
                    [
                        [-51.4832774, -27.1574037, 1.0],
                        [-51.4831848, -27.1577748, 1.0],
                        [-51.4831352, -27.1581304, 1.0],
                        [-51.4830916, -27.158483, 1.0]
                    ],
                    [
                        [-51.4830916, -27.158483, 1.0],
                        [-51.4829756, -27.1594513, 1.0],
                        [-51.4830038, -27.1597842, 1.0],
                        [-51.4831835, -27.160505, 1.0]
                    ],
                    [
                        [-51.4822923, -27.1609381, 1.0],
                        [-51.4831835, -27.160505, 1.0]
                    ],
                    [
                        [-51.4830916, -27.158483, 1.0],
                        [-51.4822595, -27.1586841, 1.0]
                    ],
                    [
                        [-51.4830682, -27.1450129, 1.0],
                        [-51.4830102, -27.1449941, 1.0],
                        [-51.4826554, -27.1449215, 1.0],
                        [-51.482600906356438, -27.144915495852405, 1.0]
                    ],
                    [
                        [-51.4822923, -27.1609381, 1.0],
                        [-51.4822367, -27.1608128, 1.0],
                        [-51.4821743, -27.1606493, 1.0],
                        [-51.4821421, -27.1604924, 1.0],
                        [-51.4821348, -27.1603397, 1.0],
                        [-51.4821381, -27.1601953, 1.0],
                        [-51.4821723, -27.1598654, 1.0],
                        [-51.4822595, -27.1586841, 1.0]
                    ],
                    [
                        [-51.482266768355572, -27.144964177473163, 1.0],
                        [-51.4822639, -27.1449708, 1.0],
                        [-51.4822393, -27.1449963, 1.0],
                        [-51.4822066, -27.1450131, 1.0],
                        [-51.4821695, -27.1450192, 1.0]
                    ],
                    [
                        [-51.4822595, -27.1586841, 1.0],
                        [-51.4822957, -27.1580206, 1.0],
                        [-51.4823507, -27.1577963, 1.0],
                        [-51.4825062, -27.1573882, 1.0],
                        [-51.482834, -27.1565376, 1.0],
                        [-51.4829004, -27.1562449, 1.0],
                        [-51.4829944, -27.1555916, 1.0],
                        [-51.4830794, -27.1550887, 1.0],
                        [-51.4831411, -27.1547311, 1.0],
                        [-51.4832614, -27.1542615, 1.0],
                        [-51.4833655, -27.153986, 1.0],
                        [-51.4835241, -27.1533335, 1.0],
                        [-51.4835443, -27.1531616, 1.0],
                        [-51.4835175, -27.1530189, 1.0],
                        [-51.4832879, -27.1522202, 1.0],
                        [-51.4832249, -27.151884, 1.0],
                        [-51.4832136, -27.151551, 1.0],
                        [-51.4831776, -27.1505489, 1.0],
                        [-51.4830934, -27.1498532, 1.0],
                        [-51.4830012, -27.1493298, 1.0],
                        [-51.4827638, -27.1477641, 1.0],
                        [-51.4826073, -27.1469972, 1.0],
                        [-51.4822783, -27.1455827, 1.0],
                        [-51.4822139, -27.1452414, 1.0],
                        [-51.4821695, -27.1450192, 1.0]
                    ],
                    [
                        [-51.4821695, -27.1450192, 1.0],
                        [-51.4821425, -27.1450166, 1.0],
                        [-51.4821171, -27.1450082, 1.0],
                        [-51.482089559907031, -27.144989995531766, 1.0]
                    ],
                    [
                        [-51.4821695, -27.1450192, 1.0],
                        [-51.48216521307581, -27.144978973382646, 1.0]
                    ]
                ]
            }
        }
    ]
}