{
    "type": "FeatureCollection",
    "name": "RSC",
    "crs": {
        "type": "name",
        "properties": {
            "name": "urn:ogc:def:crs:OGC:1.3:CRS84"
        }
    },
    "features": [{
            "type": "Feature",
            "properties": {
                "SETOR": "T04",
                "TURNO": "TARDE",
                "FREQUENCIA": "TER - QUI - SAB",
                "HORARIO": "14:20 ÀS 22:35",
                "OPERACAO": "DOMICILIAR",
                "FILIAL": "ITAPEMA"
            },
            "geometry": {
                "type": "MultiLineString",
                "coordinates": [
                    [
                        [-48.6179984, -27.1171794],
                        [-48.6178461, -27.1173587]
                    ],
                    [
                        [-48.6178461, -27.1173587],
                        [-48.6159756, -27.1160399],
                        [-48.615786, -27.1164216]
                    ],
                    [
                        [-48.6178461, -27.1173587],
                        [-48.6173317, -27.1179573]
                    ],
                    [
                        [-48.6173317, -27.1179573],
                        [-48.6177101, -27.1181869],
                        [-48.6177748, -27.1182331]
                    ],
                    [
                        [-48.6174245, -27.1185161],
                        [-48.6155763, -27.117191500000011]
                    ],
                    [
                        [-48.6162521, -27.1171456],
                        [-48.6162722, -27.1171802],
                        [-48.616299, -27.1172255],
                        [-48.6163379, -27.1172888],
                        [-48.6163929, -27.1173485],
                        [-48.6164291, -27.1173831],
                        [-48.6164707, -27.1174177],
                        [-48.6165203, -27.1174488],
                        [-48.6165579, -27.1174714],
                        [-48.6166169, -27.1175073],
                        [-48.6167336, -27.1175789],
                        [-48.616865, -27.1176589],
                        [-48.6170541, -27.1177794],
                        [-48.6171627, -27.1178463],
                        [-48.6173317, -27.1179573]
                    ],
                    [
                        [-48.6168007, -27.1187208],
                        [-48.6152278, -27.1175867]
                    ],
                    [
                        [-48.6162521, -27.1171456],
                        [-48.6165934, -27.116877899999988]
                    ],
                    [
                        [-48.6148753, -27.1179866],
                        [-48.6164367, -27.1190892]
                    ],
                    [
                        [-48.6160431, -27.1166619],
                        [-48.6160655, -27.1167025],
                        [-48.6160863, -27.1167463],
                        [-48.616228, -27.1170847],
                        [-48.6162521, -27.1171456]
                    ],
                    [
                        [-48.615786, -27.1164216],
                        [-48.6158415, -27.1164554],
                        [-48.6159041, -27.1164988],
                        [-48.6159593, -27.1165486],
                        [-48.6160092, -27.1166083],
                        [-48.6160431, -27.1166619]
                    ],
                    [
                        [-48.6160431, -27.1166619],
                        [-48.6155763, -27.117191500000011]
                    ],
                    [
                        [-48.6137028, -27.115848799999988],
                        [-48.6139858, -27.1157943],
                        [-48.6140884, -27.1157758],
                        [-48.6141786, -27.1157635],
                        [-48.6142471, -27.1157571],
                        [-48.6143265, -27.1157535],
                        [-48.6144027, -27.1157589],
                        [-48.6144764, -27.115771],
                        [-48.6145451, -27.115791],
                        [-48.6146323, -27.1158233],
                        [-48.6147476, -27.1158746],
                        [-48.614839, -27.1159207],
                        [-48.6150184, -27.1160139],
                        [-48.615786, -27.1164216]
                    ],
                    [
                        [-48.6156806, -27.1199228],
                        [-48.6156409, -27.1198485],
                        [-48.6155983, -27.1198075],
                        [-48.6141742, -27.1187819]
                    ],
                    [
                        [-48.6156806, -27.1199228],
                        [-48.6160606, -27.1195175],
                        [-48.6144967, -27.118416]
                    ],
                    [
                        [-48.6153775, -27.1202462],
                        [-48.6156806, -27.1199228]
                    ],
                    [
                        [-48.6155763, -27.117191500000011],
                        [-48.6137028, -27.115848799999988]
                    ],
                    [
                        [-48.6155763, -27.117191500000011],
                        [-48.6152278, -27.1175867]
                    ],
                    [
                        [-48.6138503, -27.1191492],
                        [-48.6153775, -27.1202462]
                    ],
                    [
                        [-48.6150967, -27.1205457],
                        [-48.6152806, -27.1203495],
                        [-48.6153775, -27.1202462]
                    ],
                    [
                        [-48.6136346, -27.121617],
                        [-48.6151278, -27.1226555]
                    ],
                    [
                        [-48.6151278, -27.1226555],
                        [-48.6154318, -27.1223069],
                        [-48.6139414, -27.1212647]
                    ],
                    [
                        [-48.6151278, -27.1226555],
                        [-48.6148001, -27.1230313]
                    ],
                    [
                        [-48.6152278, -27.1175867],
                        [-48.6131996, -27.1161247]
                    ],
                    [
                        [-48.6152278, -27.1175867],
                        [-48.6148753, -27.1179866]
                    ],
                    [
                        [-48.6135738, -27.1194628],
                        [-48.6150967, -27.1205457]
                    ],
                    [
                        [-48.6150967, -27.1205457],
                        [-48.6149145, -27.1207403],
                        [-48.6145938, -27.1205153]
                    ],
                    [
                        [-48.6133075, -27.1219927],
                        [-48.6148001, -27.1230313]
                    ],
                    [
                        [-48.6148001, -27.1230313],
                        [-48.6144767, -27.1234021]
                    ],
                    [
                        [-48.6128281, -27.1165409],
                        [-48.6148753, -27.1179866]
                    ],
                    [
                        [-48.6148753, -27.1179866],
                        [-48.6144967, -27.118416]
                    ],
                    [
                        [-48.6145938, -27.1205153],
                        [-48.6133902, -27.1196711]
                    ],
                    [
                        [-48.6142731, -27.1208837],
                        [-48.6145938, -27.1205153]
                    ],
                    [
                        [-48.6144767, -27.1234021],
                        [-48.6129854, -27.1223628]
                    ],
                    [
                        [-48.6144767, -27.1234021],
                        [-48.6141488, -27.1237781]
                    ],
                    [
                        [-48.6144967, -27.118416],
                        [-48.6124458, -27.1169691]
                    ],
                    [
                        [-48.6144967, -27.118416],
                        [-48.6141742, -27.1187819]
                    ],
                    [
                        [-48.6142731, -27.1208837],
                        [-48.6130666, -27.1200382]
                    ],
                    [
                        [-48.6139414, -27.1212647],
                        [-48.6142731, -27.1208837]
                    ],
                    [
                        [-48.6141488, -27.1237781],
                        [-48.6126573, -27.1227396]
                    ],
                    [
                        [-48.6141488, -27.1237781],
                        [-48.6138287, -27.1241452]
                    ],
                    [
                        [-48.6141742, -27.1187819],
                        [-48.612137, -27.117315]
                    ],
                    [
                        [-48.6141742, -27.1187819],
                        [-48.6138503, -27.1191492]
                    ],
                    [
                        [-48.6139414, -27.1212647],
                        [-48.6127313, -27.1204185]
                    ],
                    [
                        [-48.6136346, -27.121617],
                        [-48.6139414, -27.1212647]
                    ],
                    [
                        [-48.6123374, -27.1231071],
                        [-48.6138287, -27.1241452]
                    ],
                    [
                        [-48.6138287, -27.1241452],
                        [-48.6135016, -27.1245203]
                    ],
                    [
                        [-48.6118086, -27.1176826],
                        [-48.6124063, -27.1181119],
                        [-48.6138503, -27.1191492]
                    ],
                    [
                        [-48.6138503, -27.1191492],
                        [-48.6135738, -27.1194628]
                    ],
                    [
                        [-48.6124197, -27.120772],
                        [-48.6136346, -27.121617]
                    ],
                    [
                        [-48.6133075, -27.1219927],
                        [-48.6136346, -27.121617]
                    ],
                    [
                        [-48.6134306, -27.115865899999989],
                        [-48.6134821, -27.1158693],
                        [-48.6135388, -27.1158701],
                        [-48.6136041, -27.1158635],
                        [-48.6137028, -27.115848799999988]
                    ],
                    [
                        [-48.6135016, -27.1245203],
                        [-48.6124362, -27.1237787],
                        [-48.6120106, -27.1234824]
                    ],
                    [
                        [-48.6135016, -27.1245203],
                        [-48.6131802, -27.1248888]
                    ],
                    [
                        [-48.611522, -27.1180039],
                        [-48.6135738, -27.1194628]
                    ],
                    [
                        [-48.6135738, -27.1194628],
                        [-48.6133902, -27.1196711]
                    ],
                    [
                        [-48.6133902, -27.1196711],
                        [-48.6113262, -27.1182233]
                    ],
                    [
                        [-48.6133902, -27.1196711],
                        [-48.6130666, -27.1200382]
                    ],
                    [
                        [-48.6120902, -27.1211457],
                        [-48.6129212, -27.1217239],
                        [-48.6133075, -27.1219927]
                    ],
                    [
                        [-48.6129854, -27.1223628],
                        [-48.6133075, -27.1219927]
                    ],
                    [
                        [-48.6115986, -27.1149706],
                        [-48.6121804, -27.1150156],
                        [-48.6122856, -27.1150264],
                        [-48.6123997, -27.1150444],
                        [-48.6124602, -27.1150632],
                        [-48.612498, -27.1150817],
                        [-48.6125413, -27.1151103],
                        [-48.6125828, -27.1151473],
                        [-48.612619, -27.1151807],
                        [-48.6126713, -27.1152321],
                        [-48.6131528, -27.1157159],
                        [-48.6132219, -27.1157794],
                        [-48.6132835, -27.1158172],
                        [-48.6133459, -27.1158433],
                        [-48.6134306, -27.115865899999989]
                    ],
                    [
                        [-48.6131996, -27.1161247],
                        [-48.6134306, -27.115865899999989]
                    ],
                    [
                        [-48.6116915, -27.123849],
                        [-48.6121198, -27.1241481],
                        [-48.6131802, -27.1248888]
                    ],
                    [
                        [-48.6131802, -27.1248888],
                        [-48.6128571, -27.1252594]
                    ],
                    [
                        [-48.6131996, -27.1161247],
                        [-48.6115986, -27.1149706]
                    ],
                    [
                        [-48.6128281, -27.1165409],
                        [-48.6131996, -27.1161247]
                    ],
                    [
                        [-48.6130666, -27.1200382],
                        [-48.6109994, -27.1185893]
                    ],
                    [
                        [-48.6130666, -27.1200382],
                        [-48.6127313, -27.1204185]
                    ],
                    [
                        [-48.6129854, -27.1223628],
                        [-48.6125964, -27.1220916],
                        [-48.6117663, -27.1215131]
                    ],
                    [
                        [-48.6126573, -27.1227396],
                        [-48.6129854, -27.1223628]
                    ],
                    [
                        [-48.6109765, -27.1152104],
                        [-48.6128281, -27.1165409]
                    ],
                    [
                        [-48.6124458, -27.1169691],
                        [-48.6128281, -27.1165409]
                    ],
                    [
                        [-48.6127313, -27.1204185],
                        [-48.61066, -27.1189698]
                    ],
                    [
                        [-48.6127313, -27.1204185],
                        [-48.6126903, -27.120465],
                        [-48.6124197, -27.120772]
                    ],
                    [
                        [-48.6126573, -27.1227396],
                        [-48.61143520000001, -27.1218887]
                    ],
                    [
                        [-48.6123374, -27.1231071],
                        [-48.6126573, -27.1227396]
                    ],
                    [
                        [-48.6103416, -27.1193266],
                        [-48.6124197, -27.120772]
                    ],
                    [
                        [-48.6124197, -27.120772],
                        [-48.6120902, -27.1211457]
                    ],
                    [
                        [-48.6111127, -27.1222545],
                        [-48.6123374, -27.1231071]
                    ],
                    [
                        [-48.6120106, -27.1234824],
                        [-48.6123374, -27.1231071]
                    ],
                    [
                        [-48.6124458, -27.1169691],
                        [-48.6109795, -27.115934599999989],
                        [-48.6109353, -27.1158872],
                        [-48.6109067, -27.115836],
                        [-48.6108928, -27.1157845],
                        [-48.6108874, -27.1157028],
                        [-48.6108985, -27.1155964],
                        [-48.6109115, -27.1155136],
                        [-48.6109765, -27.1152104]
                    ],
                    [
                        [-48.612137, -27.117315],
                        [-48.6124458, -27.1169691]
                    ],
                    [
                        [-48.6124597, -27.114568299999988],
                        [-48.611749, -27.1140866]
                    ],
                    [
                        [-48.61001, -27.1196981],
                        [-48.6120902, -27.1211457]
                    ],
                    [
                        [-48.6120902, -27.1211457],
                        [-48.6119738, -27.1212778],
                        [-48.6117663, -27.1215131]
                    ],
                    [
                        [-48.6120106, -27.1234824],
                        [-48.6107833, -27.1226281]
                    ],
                    [
                        [-48.6116915, -27.123849],
                        [-48.6120106, -27.1234824]
                    ],
                    [
                        [-48.612137, -27.117315],
                        [-48.6101726, -27.1159007],
                        [-48.6101028, -27.1158578],
                        [-48.6100239, -27.11582],
                        [-48.6099337, -27.1157929],
                        [-48.6098383, -27.115771]
                    ],
                    [
                        [-48.6118086, -27.1176826],
                        [-48.612137, -27.117315]
                    ],
                    [
                        [-48.6117663, -27.1215131],
                        [-48.6097186, -27.120086]
                    ],
                    [
                        [-48.6117663, -27.1215131],
                        [-48.61143520000001, -27.1218887]
                    ],
                    [
                        [-48.6104633, -27.1229911],
                        [-48.6116915, -27.123849]
                    ],
                    [
                        [-48.6113654, -27.1242235],
                        [-48.6116915, -27.123849]
                    ],
                    [
                        [-48.6097513, -27.1162047],
                        [-48.6118086, -27.1176826]
                    ],
                    [
                        [-48.611522, -27.1180039],
                        [-48.6118086, -27.1176826]
                    ],
                    [
                        [-48.6114527, -27.1131559],
                        [-48.6115249, -27.1132628],
                        [-48.6115566, -27.1132987],
                        [-48.6116027, -27.1133286],
                        [-48.6116513, -27.1133499],
                        [-48.6118401, -27.1134075],
                        [-48.6118755, -27.1134404],
                        [-48.6118963, -27.11348],
                        [-48.6119055, -27.1135201],
                        [-48.6118959, -27.1135757],
                        [-48.611749, -27.1140866]
                    ],
                    [
                        [-48.611749, -27.1140866],
                        [-48.6117315, -27.1141479],
                        [-48.6117119, -27.1142513],
                        [-48.6116881, -27.1144]
                    ],
                    [
                        [-48.6110406, -27.1139376],
                        [-48.6116881, -27.1144]
                    ],
                    [
                        [-48.6116881, -27.1144],
                        [-48.6115986, -27.1149706]
                    ],
                    [
                        [-48.6115986, -27.1149706],
                        [-48.6104844, -27.1141674],
                        [-48.6103915, -27.1141004]
                    ],
                    [
                        [-48.6108055, -27.1150875],
                        [-48.610973, -27.115034],
                        [-48.6110517, -27.1150127],
                        [-48.6111662, -27.1149861],
                        [-48.6112608, -27.114975],
                        [-48.6113422, -27.1149717],
                        [-48.6115986, -27.1149706]
                    ],
                    [
                        [-48.611522, -27.1180039],
                        [-48.6096744, -27.1166901]
                    ],
                    [
                        [-48.6113262, -27.1182233],
                        [-48.611522, -27.1180039]
                    ],
                    [
                        [-48.61143520000001, -27.1218887],
                        [-48.6097293, -27.1207011]
                    ],
                    [
                        [-48.61143520000001, -27.1218887],
                        [-48.6111127, -27.1222545]
                    ],
                    [
                        [-48.6113262, -27.1182233],
                        [-48.6099392, -27.1172504],
                        [-48.6097348, -27.117107],
                        [-48.6096265, -27.117031]
                    ],
                    [
                        [-48.6109994, -27.1185893],
                        [-48.6110711, -27.118509],
                        [-48.6113262, -27.1182233]
                    ],
                    [
                        [-48.6097577, -27.1213099],
                        [-48.6111127, -27.1222545]
                    ],
                    [
                        [-48.6111127, -27.1222545],
                        [-48.6107833, -27.1226281]
                    ],
                    [
                        [-48.6095661, -27.117584699999988],
                        [-48.6096296, -27.1176293],
                        [-48.6109994, -27.1185893]
                    ],
                    [
                        [-48.61066, -27.1189698],
                        [-48.6109994, -27.1185893]
                    ],
                    [
                        [-48.6108055, -27.1150875],
                        [-48.6109765, -27.1152104]
                    ],
                    [
                        [-48.6107833, -27.1226281],
                        [-48.6097867, -27.1219332]
                    ],
                    [
                        [-48.6107833, -27.1226281],
                        [-48.6104633, -27.1229911]
                    ],
                    [
                        [-48.6098383, -27.115771],
                        [-48.6098632, -27.1156657],
                        [-48.6099586, -27.115261499999988],
                        [-48.6100856, -27.115257],
                        [-48.6101412, -27.1152528],
                        [-48.610193, -27.1152472],
                        [-48.6102707, -27.1152337],
                        [-48.6103506, -27.1152163],
                        [-48.6104187, -27.1152014],
                        [-48.6105151, -27.1151761],
                        [-48.6106441, -27.1151365],
                        [-48.6108055, -27.1150875]
                    ],
                    [
                        [-48.61066, -27.1189698],
                        [-48.6097976, -27.1183544],
                        [-48.6095492, -27.1181772]
                    ],
                    [
                        [-48.6103416, -27.1193266],
                        [-48.6106187, -27.1190161],
                        [-48.61066, -27.1189698]
                    ],
                    [
                        [-48.6098148, -27.122537],
                        [-48.6104633, -27.1229911]
                    ],
                    [
                        [-48.6104633, -27.1229911],
                        [-48.6101319, -27.123366899999986]
                    ],
                    [
                        [-48.6095324, -27.1187638],
                        [-48.6096902, -27.1188735],
                        [-48.6103416, -27.1193266]
                    ],
                    [
                        [-48.61001, -27.1196981],
                        [-48.6103416, -27.1193266]
                    ],
                    [
                        [-48.6101319, -27.123366899999986],
                        [-48.6098441, -27.1231657]
                    ],
                    [
                        [-48.6101319, -27.123366899999986],
                        [-48.6098675, -27.1236669],
                        [-48.6098441, -27.1231657]
                    ],
                    [
                        [-48.6097167, -27.1194944],
                        [-48.61001, -27.1196981]
                    ],
                    [
                        [-48.61001, -27.1196981],
                        [-48.609792, -27.1199419],
                        [-48.6097609, -27.1199836],
                        [-48.6097352, -27.1200322],
                        [-48.6097186, -27.120086]
                    ],
                    [
                        [-48.6098148, -27.122537],
                        [-48.6098441, -27.1231657]
                    ],
                    [
                        [-48.6097867, -27.1219332],
                        [-48.6098148, -27.122537]
                    ],
                    [
                        [-48.6097577, -27.1213099],
                        [-48.6097867, -27.1219332]
                    ],
                    [
                        [-48.6097293, -27.1207011],
                        [-48.6097577, -27.1213099]
                    ],
                    [
                        [-48.6098383, -27.115771],
                        [-48.6097953, -27.1159706],
                        [-48.6097513, -27.1162047]
                    ],
                    [
                        [-48.6097186, -27.120086],
                        [-48.60971, -27.120164],
                        [-48.6097084, -27.1202522],
                        [-48.6097293, -27.1207011]
                    ],
                    [
                        [-48.6097167, -27.1194944],
                        [-48.6096788, -27.119489],
                        [-48.6096405, -27.1194921],
                        [-48.6096043, -27.1195035],
                        [-48.6095723, -27.1195225]
                    ],
                    [
                        [-48.6095658, -27.119389],
                        [-48.6097167, -27.1194944]
                    ],
                    [
                        [-48.6097513, -27.1162047],
                        [-48.6097155, -27.1164122],
                        [-48.6096744, -27.1166901]
                    ],
                    [
                        [-48.6096744, -27.1166901],
                        [-48.6096265, -27.117031]
                    ],
                    [
                        [-48.6096265, -27.117031],
                        [-48.6095927, -27.1173246],
                        [-48.6095661, -27.117584699999988]
                    ],
                    [
                        [-48.6095658, -27.119389],
                        [-48.6095723, -27.1195225]
                    ],
                    [
                        [-48.6095723, -27.1195225],
                        [-48.6096009, -27.1200219],
                        [-48.6095971, -27.1201221],
                        [-48.6095887, -27.1202073],
                        [-48.6095019, -27.1206538],
                        [-48.6094731, -27.1208265],
                        [-48.6093644, -27.1213366]
                    ],
                    [
                        [-48.6095324, -27.1187638],
                        [-48.6095658, -27.119389]
                    ],
                    [
                        [-48.6095661, -27.117584699999988],
                        [-48.6095607, -27.1177739],
                        [-48.6095595, -27.1178162]
                    ],
                    [
                        [-48.6095595, -27.1178162],
                        [-48.6095523, -27.1180666],
                        [-48.6095492, -27.1181772]
                    ],
                    [
                        [-48.6095595, -27.1178162],
                        [-48.6094929, -27.1178723],
                        [-48.6094488, -27.1178942],
                        [-48.6094092, -27.117903],
                        [-48.609336818816558, -27.117902213003106]
                    ],
                    [
                        [-48.6095492, -27.1181772],
                        [-48.609547, -27.1182515],
                        [-48.6095324, -27.1183171]
                    ],
                    [
                        [-48.6095324, -27.1183171],
                        [-48.6095324, -27.1185639],
                        [-48.6095324, -27.1187638]
                    ],
                    [
                        [-48.609333051650509, -27.117964724431442],
                        [-48.6093902, -27.1179662],
                        [-48.6094352, -27.1179779],
                        [-48.6094703, -27.1180082],
                        [-48.6094946, -27.1180517],
                        [-48.6094996, -27.1181021],
                        [-48.6094978, -27.1181478],
                        [-48.6095058, -27.118239],
                        [-48.6095109, -27.1182791],
                        [-48.6095205, -27.1183039],
                        [-48.6095324, -27.1183171]
                    ]
                ]
            }
        },
        {
            "type": "Feature",
            "properties": {
                "SETOR": "T03",
                "TURNO": "TARDE",
                "FREQUENCIA": "SEG - QUI - SEX",
                "HORARIO": "14:20 ÀS 22:35",
                "OPERACAO": "DOMICILIAR",
                "FILIAL": "ITAPEMA"
            },
            "geometry": {
                "type": "MultiLineString",
                "coordinates": [
                    [
                        [-48.6239406, -27.0990741],
                        [-48.6233754, -27.099148899999989]
                    ],
                    [
                        [-48.623333, -27.0986688],
                        [-48.6233754, -27.099148899999989]
                    ],
                    [
                        [-48.6233754, -27.099148899999989],
                        [-48.6216115, -27.0993602]
                    ],
                    [
                        [-48.6229343, -27.106817599999989],
                        [-48.6220629, -27.1069123],
                        [-48.6219057, -27.10693],
                        [-48.62183, -27.1069364],
                        [-48.6216247, -27.1069381],
                        [-48.6215257, -27.1069326],
                        [-48.6213915, -27.1069262],
                        [-48.6207431, -27.1069272],
                        [-48.6204491, -27.1069391],
                        [-48.6202022, -27.1069517],
                        [-48.6200987, -27.1069554],
                        [-48.6200119, -27.1069518],
                        [-48.6199222, -27.1069374],
                        [-48.6197279, -27.1068965]
                    ],
                    [
                        [-48.6224868, -27.1060254],
                        [-48.6220951, -27.1060796],
                        [-48.6190882, -27.1064957]
                    ],
                    [
                        [-48.622281, -27.1056223],
                        [-48.6220167, -27.1056587],
                        [-48.6213627, -27.1057486],
                        [-48.6201725, -27.1059123],
                        [-48.6189925, -27.1060671]
                    ],
                    [
                        [-48.6221814, -27.106382499999988],
                        [-48.6194203, -27.1067065]
                    ],
                    [
                        [-48.6216115, -27.0993602],
                        [-48.6216747, -27.0998431]
                    ],
                    [
                        [-48.6216747, -27.0998431],
                        [-48.6217113, -27.1001664],
                        [-48.6217084, -27.1001992],
                        [-48.6216953, -27.1002302],
                        [-48.6216745, -27.1002561],
                        [-48.6215226, -27.1003803],
                        [-48.6214787, -27.100405299999988],
                        [-48.6214338, -27.1004199],
                        [-48.6213745, -27.1004311],
                        [-48.6203766, -27.1005533],
                        [-48.6195972, -27.1006488]
                    ],
                    [
                        [-48.6216747, -27.0998431],
                        [-48.6207051, -27.0999468],
                        [-48.6205595, -27.099963],
                        [-48.6202991, -27.0999833],
                        [-48.6201212, -27.1000148],
                        [-48.6200142, -27.1000382],
                        [-48.6199174, -27.1000665],
                        [-48.6198243, -27.100092],
                        [-48.6197393, -27.1001092],
                        [-48.6196479, -27.1001189],
                        [-48.6193487, -27.1001432],
                        [-48.6187144, -27.100182]
                    ],
                    [
                        [-48.6216115, -27.0993602],
                        [-48.6193609, -27.099614]
                    ],
                    [
                        [-48.6193609, -27.099614],
                        [-48.6194904, -27.0993231],
                        [-48.6195435, -27.099176],
                        [-48.619557, -27.0991354],
                        [-48.6195756, -27.0991096],
                        [-48.6196013, -27.0990965],
                        [-48.6196352, -27.0990892],
                        [-48.6199571, -27.0990486],
                        [-48.6208342, -27.098968]
                    ],
                    [
                        [-48.620668, -27.1026096],
                        [-48.6204815, -27.1026719],
                        [-48.6202596, -27.1027161],
                        [-48.6174668, -27.103025]
                    ],
                    [
                        [-48.6175297, -27.1033877],
                        [-48.6204103, -27.1030687]
                    ],
                    [
                        [-48.6189875, -27.1057281],
                        [-48.6200855, -27.1056164]
                    ],
                    [
                        [-48.6197279, -27.1068965],
                        [-48.619615, -27.106839499999989],
                        [-48.6195509, -27.1067958],
                        [-48.6194203, -27.1067065]
                    ],
                    [
                        [-48.6197279, -27.1068965],
                        [-48.616816, -27.1072724]
                    ],
                    [
                        [-48.6194203, -27.1067065],
                        [-48.6190882, -27.1064957]
                    ],
                    [
                        [-48.6180365, -27.1092755],
                        [-48.6191025, -27.109223],
                        [-48.6193261, -27.109212]
                    ],
                    [
                        [-48.6193609, -27.099614],
                        [-48.6193112, -27.0997104],
                        [-48.6192562, -27.099794],
                        [-48.6191998, -27.099829799999988],
                        [-48.6190657, -27.0998418],
                        [-48.6187633, -27.0998662],
                        [-48.6187144, -27.100182]
                    ],
                    [
                        [-48.6191682, -27.1078325],
                        [-48.6192474, -27.1082942],
                        [-48.6192403, -27.1083416],
                        [-48.61921190000001, -27.10837],
                        [-48.6186536, -27.1084403],
                        [-48.6185857, -27.107897],
                        [-48.6185706, -27.1078504],
                        [-48.6185418, -27.107812],
                        [-48.6185034, -27.107785],
                        [-48.6184632, -27.1077712],
                        [-48.6184161, -27.1077637],
                        [-48.6183556, -27.1077634],
                        [-48.6172076, -27.107922],
                        [-48.6168141, -27.1079782]
                    ],
                    [
                        [-48.6191811, -27.1051072],
                        [-48.6187731, -27.105147]
                    ],
                    [
                        [-48.6191905, -27.1043399],
                        [-48.6177398, -27.104491],
                        [-48.6176756, -27.1044977]
                    ],
                    [
                        [-48.6190882, -27.1064957],
                        [-48.6190364, -27.106447],
                        [-48.6190095, -27.1063755],
                        [-48.6189947, -27.1063216],
                        [-48.6189921, -27.1062136],
                        [-48.6189925, -27.1060671]
                    ],
                    [
                        [-48.6190882, -27.1064957],
                        [-48.6169454, -27.1066749]
                    ],
                    [
                        [-48.6189925, -27.1060671],
                        [-48.6189875, -27.1057281]
                    ],
                    [
                        [-48.6170497, -27.1062831],
                        [-48.6189925, -27.1060671]
                    ],
                    [
                        [-48.6189875, -27.1057281],
                        [-48.6190037, -27.1056055],
                        [-48.6189993, -27.1055643],
                        [-48.618984, -27.1055238],
                        [-48.618962, -27.1054834],
                        [-48.6188102, -27.105213],
                        [-48.6187731, -27.105147]
                    ],
                    [
                        [-48.6173844, -27.1059012],
                        [-48.6189875, -27.1057281]
                    ],
                    [
                        [-48.6187731, -27.105147],
                        [-48.6177738, -27.1052446]
                    ],
                    [
                        [-48.6187144, -27.100182],
                        [-48.6186348, -27.1004938],
                        [-48.6185544, -27.1007851],
                        [-48.618439, -27.101117],
                        [-48.6182191, -27.1016728],
                        [-48.6181297, -27.1018916],
                        [-48.6180642, -27.102031],
                        [-48.6179668, -27.1022141],
                        [-48.6179066, -27.1023258],
                        [-48.6178306, -27.1024599],
                        [-48.6174668, -27.103025]
                    ],
                    [
                        [-48.6184315, -27.0982838],
                        [-48.6184374, -27.0979284],
                        [-48.6184274, -27.0976385]
                    ],
                    [
                        [-48.6183764, -27.0989883],
                        [-48.6183992, -27.0987864],
                        [-48.618422, -27.098455],
                        [-48.6184315, -27.0982838]
                    ],
                    [
                        [-48.6184315, -27.0982838],
                        [-48.618055, -27.0983317],
                        [-48.6180032, -27.0983397],
                        [-48.6178988, -27.0983585],
                        [-48.6178406, -27.0983663],
                        [-48.6176703, -27.0983882],
                        [-48.6176121, -27.0983886]
                    ],
                    [
                        [-48.6184274, -27.0976385],
                        [-48.6184046, -27.0973346],
                        [-48.6183764, -27.0970457]
                    ],
                    [
                        [-48.6184274, -27.0976385],
                        [-48.6170039, -27.0977866]
                    ],
                    [
                        [-48.618293222574934, -27.099512504419661],
                        [-48.6183764, -27.0989883]
                    ],
                    [
                        [-48.6173664, -27.0990954],
                        [-48.6183764, -27.0989883]
                    ],
                    [
                        [-48.6183764, -27.0970457],
                        [-48.6183187, -27.0965884]
                    ],
                    [
                        [-48.6183764, -27.0970457],
                        [-48.6166748, -27.0972351],
                        [-48.6170039, -27.0977866]
                    ],
                    [
                        [-48.6181417, -27.1002727],
                        [-48.6182034, -27.1000035],
                        [-48.6182917, -27.0995221]
                    ],
                    [
                        [-48.6183187, -27.0965884],
                        [-48.618266, -27.0962987],
                        [-48.6182469, -27.0961941],
                        [-48.6182386, -27.0961532]
                    ],
                    [
                        [-48.6183187, -27.0965884],
                        [-48.6164996, -27.0967931]
                    ],
                    [
                        [-48.6173359, -27.1087484],
                        [-48.6179509, -27.108661],
                        [-48.617978, -27.108662],
                        [-48.6179999, -27.1086707],
                        [-48.6180198, -27.1086895],
                        [-48.6180336, -27.1087152],
                        [-48.618043, -27.1087855],
                        [-48.6180485, -27.1088868],
                        [-48.6180504, -27.109024],
                        [-48.6180446, -27.1091549],
                        [-48.6180365, -27.1092755]
                    ],
                    [
                        [-48.6174054, -27.109305],
                        [-48.6180365, -27.1092755]
                    ],
                    [
                        [-48.6182386, -27.0961532],
                        [-48.618225, -27.0960863],
                        [-48.6181623, -27.095788899999985],
                        [-48.6180981, -27.0955551],
                        [-48.6180103, -27.0952536],
                        [-48.6179151, -27.0949611]
                    ],
                    [
                        [-48.6182386, -27.0961532],
                        [-48.6169658, -27.0962775],
                        [-48.6164849, -27.0962916]
                    ],
                    [
                        [-48.6176964, -27.1016774],
                        [-48.6178413, -27.1013078],
                        [-48.6179446, -27.1009903],
                        [-48.6180062, -27.1007873],
                        [-48.6180693, -27.1005521],
                        [-48.6181417, -27.1002727]
                    ],
                    [
                        [-48.6175632, -27.1003436],
                        [-48.6181417, -27.1002727]
                    ],
                    [
                        [-48.6181078, -27.0987909],
                        [-48.6172694, -27.0988822]
                    ],
                    [
                        [-48.6176756, -27.1044977],
                        [-48.6176947, -27.1046432],
                        [-48.6177128, -27.1047803],
                        [-48.6177738, -27.1052446]
                    ],
                    [
                        [-48.6177738, -27.1052446],
                        [-48.6177554, -27.1053251],
                        [-48.6177241, -27.1053819],
                        [-48.6173844, -27.1059012]
                    ],
                    [
                        [-48.6179151, -27.0949611],
                        [-48.6176849, -27.0942245]
                    ],
                    [
                        [-48.6179151, -27.0949611],
                        [-48.6177002, -27.094985]
                    ],
                    [
                        [-48.6176408, -27.1042331],
                        [-48.617668, -27.1044396],
                        [-48.6176756, -27.1044977]
                    ],
                    [
                        [-48.6177002, -27.094985],
                        [-48.6178417, -27.0957418]
                    ],
                    [
                        [-48.617086, -27.0979749],
                        [-48.6171419, -27.0979684],
                        [-48.6177942, -27.0978933]
                    ],
                    [
                        [-48.6172552, -27.1025117],
                        [-48.6173397, -27.1023739],
                        [-48.6174604, -27.1021567],
                        [-48.6176964, -27.1016774]
                    ],
                    [
                        [-48.6176964, -27.1016774],
                        [-48.6175815, -27.1016899]
                    ],
                    [
                        [-48.6175691, -27.1036878],
                        [-48.6175841, -27.1038017],
                        [-48.6176234, -27.1041007],
                        [-48.6176321, -27.1041669],
                        [-48.6176408, -27.1042331]
                    ],
                    [
                        [-48.6176408, -27.1042331],
                        [-48.6167279, -27.1042938],
                        [-48.6166424, -27.1042995]
                    ],
                    [
                        [-48.6175297, -27.1033877],
                        [-48.6175691, -27.1036878]
                    ],
                    [
                        [-48.6175691, -27.1036878],
                        [-48.6172597, -27.1037118]
                    ],
                    [
                        [-48.6175632, -27.1003436],
                        [-48.6175269, -27.1008861],
                        [-48.6175204, -27.101009],
                        [-48.6175294, -27.1011946],
                        [-48.617531, -27.101227],
                        [-48.6175742, -27.1016227],
                        [-48.6175815, -27.1016899]
                    ],
                    [
                        [-48.6175815, -27.1016899],
                        [-48.6175085, -27.1016979],
                        [-48.6151897, -27.1019538]
                    ],
                    [
                        [-48.6173359, -27.1087484],
                        [-48.6173717, -27.1088407],
                        [-48.6173929, -27.1089157],
                        [-48.6174089, -27.1089949],
                        [-48.6174187, -27.1090729],
                        [-48.6174226, -27.1091539],
                        [-48.6174169, -27.1092365],
                        [-48.6174054, -27.109305]
                    ],
                    [
                        [-48.6174054, -27.109305],
                        [-48.6172564, -27.1093216],
                        [-48.6171175, -27.1093424],
                        [-48.6169712, -27.1093645],
                        [-48.6168549, -27.1093787],
                        [-48.6167154, -27.1093933],
                        [-48.6165214, -27.109411],
                        [-48.6163739, -27.1094205],
                        [-48.6158989, -27.1094348],
                        [-48.6158066, -27.109435399999988],
                        [-48.6157075, -27.1094359],
                        [-48.6155936, -27.1094443],
                        [-48.6154832, -27.1094611],
                        [-48.6154164, -27.1094931],
                        [-48.6153799, -27.1095288]
                    ],
                    [
                        [-48.6175066, -27.1032122],
                        [-48.6175297, -27.1033877]
                    ],
                    [
                        [-48.6177002, -27.094985],
                        [-48.617225, -27.0950378]
                    ],
                    [
                        [-48.6175066, -27.1032122],
                        [-48.6174596, -27.1031795],
                        [-48.6174003, -27.1031745],
                        [-48.6173473, -27.1031989]
                    ],
                    [
                        [-48.6174668, -27.103025],
                        [-48.6175066, -27.1032122]
                    ],
                    [
                        [-48.6175136, -27.0995903],
                        [-48.6175237, -27.0996753],
                        [-48.6175369, -27.0997981],
                        [-48.6175465, -27.099929],
                        [-48.6175584, -27.100162699999988],
                        [-48.6175597, -27.1002488],
                        [-48.6175632, -27.1003436]
                    ],
                    [
                        [-48.6153722, -27.1006111],
                        [-48.6164989, -27.1004735],
                        [-48.6175632, -27.1003436]
                    ],
                    [
                        [-48.6174668, -27.103025],
                        [-48.6173473, -27.1031989]
                    ],
                    [
                        [-48.6170756, -27.1087888],
                        [-48.6171664, -27.1087732],
                        [-48.6173359, -27.1087484]
                    ],
                    [
                        [-48.6173844, -27.1059012],
                        [-48.6173308, -27.1059759],
                        [-48.6172857, -27.1060351],
                        [-48.6171731, -27.1061613],
                        [-48.6170497, -27.1062831]
                    ],
                    [
                        [-48.6173664, -27.0990954],
                        [-48.6174437, -27.0993107],
                        [-48.6174625, -27.0993688],
                        [-48.6174776, -27.099421],
                        [-48.6174896, -27.0994801],
                        [-48.6175136, -27.0995903]
                    ],
                    [
                        [-48.6175136, -27.0995903],
                        [-48.6154825, -27.0998055]
                    ],
                    [
                        [-48.6173473, -27.1031989],
                        [-48.6170141, -27.1037176],
                        [-48.6167872, -27.1040775],
                        [-48.6166424, -27.1042995]
                    ],
                    [
                        [-48.6172694, -27.0988822],
                        [-48.6173257, -27.0990006],
                        [-48.6173664, -27.0990954]
                    ],
                    [
                        [-48.616652, -27.1034159],
                        [-48.6167892, -27.1032388],
                        [-48.6169248, -27.1030399],
                        [-48.6171778, -27.1026414],
                        [-48.6172552, -27.1025117]
                    ],
                    [
                        [-48.6150668, -27.1027919],
                        [-48.6172552, -27.1025117]
                    ],
                    [
                        [-48.6168141, -27.1079782],
                        [-48.6168427, -27.1080802],
                        [-48.6168866, -27.1082469],
                        [-48.6169301, -27.1084191],
                        [-48.6169708, -27.10858],
                        [-48.6169896, -27.1086385],
                        [-48.6170159, -27.1086954],
                        [-48.6170756, -27.1087888]
                    ],
                    [
                        [-48.6159886, -27.1089101],
                        [-48.6161779, -27.108899],
                        [-48.6163357, -27.1088843],
                        [-48.6165617, -27.1088592],
                        [-48.6168014, -27.10883],
                        [-48.6169576, -27.1088079],
                        [-48.6170756, -27.1087888]
                    ],
                    [
                        [-48.617225, -27.0950378],
                        [-48.6173414, -27.0955962]
                    ],
                    [
                        [-48.617086, -27.0979749],
                        [-48.6171042, -27.0980467],
                        [-48.6171152, -27.0981214],
                        [-48.6171549, -27.0984457],
                        [-48.6171688, -27.0985239],
                        [-48.6171832, -27.0985954],
                        [-48.6172016, -27.0986625],
                        [-48.6172186, -27.0987303],
                        [-48.6172442, -27.0988038],
                        [-48.6172694, -27.0988822]
                    ],
                    [
                        [-48.6155833, -27.0990618],
                        [-48.6172694, -27.0988822]
                    ],
                    [
                        [-48.6170497, -27.1062831],
                        [-48.6169454, -27.1066749]
                    ],
                    [
                        [-48.6150332, -27.106421799999989],
                        [-48.6151207, -27.1064313],
                        [-48.6151964, -27.1064392],
                        [-48.6152821, -27.1064388],
                        [-48.6153723, -27.1064336],
                        [-48.6164227, -27.1063394],
                        [-48.6167875, -27.1063066],
                        [-48.6168994, -27.1062966],
                        [-48.6170497, -27.1062831]
                    ],
                    [
                        [-48.617225, -27.0950378],
                        [-48.6169092, -27.0950728],
                        [-48.6167893, -27.0950861]
                    ],
                    [
                        [-48.6169454, -27.1066749],
                        [-48.616816, -27.1072724]
                    ],
                    [
                        [-48.6170434, -27.1009345],
                        [-48.6152985, -27.1011774]
                    ],
                    [
                        [-48.6170039, -27.0977866],
                        [-48.61704550000001, -27.0978866],
                        [-48.617086, -27.0979749]
                    ],
                    [
                        [-48.615125, -27.1024202],
                        [-48.6169631, -27.102219]
                    ],
                    [
                        [-48.6167501, -27.1075507],
                        [-48.6167511, -27.1076086],
                        [-48.6167606, -27.1076913],
                        [-48.6167824, -27.107809],
                        [-48.6168141, -27.1079782]
                    ],
                    [
                        [-48.616816, -27.1072724],
                        [-48.6167584, -27.1074852],
                        [-48.6167501, -27.1075507]
                    ],
                    [
                        [-48.6170039, -27.0977866],
                        [-48.615928, -27.0979062]
                    ],
                    [
                        [-48.6167501, -27.1075507],
                        [-48.6145138, -27.1077566]
                    ],
                    [
                        [-48.6167793, -27.101298],
                        [-48.6152529, -27.1014867]
                    ],
                    [
                        [-48.6166424, -27.1042995],
                        [-48.6162604, -27.1048139],
                        [-48.6161214, -27.1049966],
                        [-48.6160602, -27.105079],
                        [-48.6156296, -27.1056454],
                        [-48.6155943, -27.1056918],
                        [-48.6154879, -27.1058318],
                        [-48.6153724, -27.1059828],
                        [-48.6151485, -27.1062711],
                        [-48.6150332, -27.106421799999989]
                    ],
                    [
                        [-48.6153697, -27.1050733],
                        [-48.6155571, -27.104827899999989],
                        [-48.6157081, -27.1046265],
                        [-48.6161438, -27.1040405],
                        [-48.6162212, -27.1039409],
                        [-48.6162813, -27.1038735],
                        [-48.6163364, -27.1038232],
                        [-48.616652, -27.1034159]
                    ],
                    [
                        [-48.616652, -27.1034159],
                        [-48.6160551, -27.1034966],
                        [-48.6149425, -27.1036471]
                    ],
                    [
                        [-48.6145696, -27.10824],
                        [-48.6146213, -27.1086875],
                        [-48.6159432, -27.1085866]
                    ],
                    [
                        [-48.6145696, -27.10824],
                        [-48.6158297, -27.1081078]
                    ],
                    [
                        [-48.6133446, -27.1080608],
                        [-48.6135284, -27.1076519],
                        [-48.6137029, -27.1073184],
                        [-48.6137689, -27.1072006],
                        [-48.6140815, -27.1067394],
                        [-48.6144477, -27.1062638],
                        [-48.61453, -27.1061569],
                        [-48.6146101, -27.1060507],
                        [-48.6153697, -27.1050733]
                    ],
                    [
                        [-48.6153697, -27.1050733],
                        [-48.6152229, -27.1050949],
                        [-48.6149876, -27.1051184],
                        [-48.6145831, -27.1051627]
                    ],
                    [
                        [-48.6150332, -27.106421799999989],
                        [-48.6149179, -27.1065669],
                        [-48.6147124, -27.1068454],
                        [-48.614573300000011, -27.1070022],
                        [-48.6140746, -27.1075326]
                    ],
                    [
                        [-48.6145138, -27.1077566],
                        [-48.6145696, -27.10824]
                    ],
                    [
                        [-48.6137303, -27.1083981],
                        [-48.6138306, -27.1083317],
                        [-48.6139002, -27.108315],
                        [-48.613984, -27.1083014],
                        [-48.6145696, -27.10824]
                    ],
                    [
                        [-48.6145138, -27.1077566],
                        [-48.6141767, -27.1077883]
                    ]
                ]
            }
        },
        {
            "type": "Feature",
            "properties": {
                "SETOR": "T06",
                "TURNO": "TARDE",
                "FREQUENCIA": "TER - QUI - SAB",
                "HORARIO": "14:20 ÀS 22:35",
                "OPERACAO": "DOMICILIAR",
                "FILIAL": "ITAPEMA"
            },
            "geometry": {
                "type": "MultiLineString",
                "coordinates": [
                    [
                        [-48.6196387, -27.1343584],
                        [-48.6199871, -27.1346006],
                        [-48.6210207, -27.1353189]
                    ],
                    [
                        [-48.6199908, -27.1339496],
                        [-48.6200645, -27.1340007],
                        [-48.6206156, -27.1343833],
                        [-48.6214602, -27.1349695],
                        [-48.6210207, -27.1353189]
                    ],
                    [
                        [-48.6210207, -27.1353189],
                        [-48.6206138, -27.135629]
                    ],
                    [
                        [-48.6186508, -27.1343099],
                        [-48.6194741, -27.1348632],
                        [-48.6206138, -27.135629]
                    ],
                    [
                        [-48.6206138, -27.135629],
                        [-48.620165, -27.1359992]
                    ],
                    [
                        [-48.620165, -27.1359992],
                        [-48.6191903, -27.1353275],
                        [-48.618365, -27.1347586],
                        [-48.618303, -27.1347159]
                    ],
                    [
                        [-48.620165, -27.1359992],
                        [-48.6197034, -27.1363662]
                    ],
                    [
                        [-48.6184829, -27.132903],
                        [-48.6193779, -27.1335242],
                        [-48.6199136, -27.133896],
                        [-48.6199908, -27.1339496]
                    ],
                    [
                        [-48.6196387, -27.1343584],
                        [-48.6199143, -27.1340384],
                        [-48.6199908, -27.1339496]
                    ],
                    [
                        [-48.6197034, -27.1363662],
                        [-48.6188448, -27.1357728],
                        [-48.6179918, -27.1351831],
                        [-48.6179359, -27.1351445]
                    ],
                    [
                        [-48.6197034, -27.1363662],
                        [-48.6192412, -27.1367336]
                    ],
                    [
                        [-48.6181306, -27.1333128],
                        [-48.6190432, -27.1339455],
                        [-48.6196387, -27.1343584]
                    ],
                    [
                        [-48.6192412, -27.1367336],
                        [-48.618361, -27.1361231],
                        [-48.6176171, -27.1356072],
                        [-48.6175684, -27.1355734]
                    ],
                    [
                        [-48.6192412, -27.1367336],
                        [-48.6187842, -27.1370969]
                    ],
                    [
                        [-48.6187842, -27.1370969],
                        [-48.6178365, -27.1364551],
                        [-48.6172297, -27.1360441],
                        [-48.6171889, -27.1360165]
                    ],
                    [
                        [-48.6187842, -27.1370969],
                        [-48.6183027, -27.1374798]
                    ],
                    [
                        [-48.6171349, -27.1332649],
                        [-48.6186508, -27.1343099]
                    ],
                    [
                        [-48.618303, -27.1347159],
                        [-48.6186508, -27.1343099]
                    ],
                    [
                        [-48.6165533, -27.1322193],
                        [-48.6169074, -27.1318095],
                        [-48.6178524, -27.1324654],
                        [-48.6184829, -27.132903]
                    ],
                    [
                        [-48.6184829, -27.132903],
                        [-48.6182744, -27.1331455],
                        [-48.6181306, -27.1333128]
                    ],
                    [
                        [-48.6183027, -27.1374798],
                        [-48.6173335, -27.1368134],
                        [-48.6168526, -27.1364828],
                        [-48.6168128, -27.1364554]
                    ],
                    [
                        [-48.6183027, -27.1374798],
                        [-48.6178189, -27.1378644]
                    ],
                    [
                        [-48.618303, -27.1347159],
                        [-48.6182369, -27.1346708],
                        [-48.6176773, -27.1342889],
                        [-48.6167924, -27.133685]
                    ],
                    [
                        [-48.6179359, -27.1351445],
                        [-48.618303, -27.1347159]
                    ],
                    [
                        [-48.6181306, -27.1333128],
                        [-48.6174695, -27.1328545]
                    ],
                    [
                        [-48.6179359, -27.1351445],
                        [-48.6178725, -27.1351018],
                        [-48.6164294, -27.1341302]
                    ],
                    [
                        [-48.6175684, -27.1355734],
                        [-48.6176711, -27.1354535],
                        [-48.6179359, -27.1351445]
                    ],
                    [
                        [-48.6164283, -27.1369043],
                        [-48.6164977, -27.1369522],
                        [-48.6178189, -27.1378644]
                    ],
                    [
                        [-48.6178189, -27.1378644],
                        [-48.617992, -27.1379839],
                        [-48.6175226, -27.138378]
                    ],
                    [
                        [-48.6175226, -27.138378],
                        [-48.6163915, -27.1375985],
                        [-48.6160853, -27.1373875],
                        [-48.6160407, -27.1373567]
                    ],
                    [
                        [-48.6175226, -27.138378],
                        [-48.6170849, -27.1387455],
                        [-48.6160609, -27.1380447],
                        [-48.6156766, -27.1377817]
                    ],
                    [
                        [-48.6175684, -27.1355734],
                        [-48.6175042, -27.1355289],
                        [-48.616878, -27.1350947],
                        [-48.6160891, -27.1345476]
                    ],
                    [
                        [-48.6171889, -27.1360165],
                        [-48.6175684, -27.1355734]
                    ],
                    [
                        [-48.6174695, -27.1328545],
                        [-48.617389, -27.1327987]
                    ],
                    [
                        [-48.6174695, -27.1328545],
                        [-48.6172871, -27.1330782],
                        [-48.6171349, -27.1332649]
                    ],
                    [
                        [-48.617389, -27.1327987],
                        [-48.6167032, -27.1323232],
                        [-48.6165533, -27.1322193]
                    ],
                    [
                        [-48.6170673, -27.1331906],
                        [-48.6172058, -27.1330218],
                        [-48.617351, -27.132845],
                        [-48.617389, -27.1327987]
                    ],
                    [
                        [-48.6171889, -27.1360165],
                        [-48.6171246, -27.1359731],
                        [-48.616751, -27.1357208],
                        [-48.6157073, -27.1350159]
                    ],
                    [
                        [-48.6168128, -27.1364554],
                        [-48.6170091, -27.1362263],
                        [-48.6171889, -27.1360165]
                    ],
                    [
                        [-48.6171349, -27.1332649],
                        [-48.6168577, -27.1336048],
                        [-48.6167924, -27.133685]
                    ],
                    [
                        [-48.6147644, -27.131603],
                        [-48.616112, -27.132532],
                        [-48.6170673, -27.1331906]
                    ],
                    [
                        [-48.6167215, -27.1336117],
                        [-48.6167745, -27.1335471],
                        [-48.6170673, -27.1331906]
                    ],
                    [
                        [-48.6168128, -27.1364554],
                        [-48.6167492, -27.1364117],
                        [-48.6162876, -27.1360942],
                        [-48.6153525, -27.1354511]
                    ],
                    [
                        [-48.6164283, -27.1369043],
                        [-48.6164945, -27.136827],
                        [-48.6168128, -27.1364554]
                    ],
                    [
                        [-48.6167924, -27.133685],
                        [-48.6167215, -27.1336117]
                    ],
                    [
                        [-48.6167924, -27.133685],
                        [-48.6166425, -27.1338688],
                        [-48.6164294, -27.1341302]
                    ],
                    [
                        [-48.6144117, -27.132006],
                        [-48.6145212, -27.1320821],
                        [-48.6166451, -27.1335586],
                        [-48.6167215, -27.1336117]
                    ],
                    [
                        [-48.6163815, -27.1340258],
                        [-48.6165584, -27.1338104],
                        [-48.6167215, -27.1336117]
                    ],
                    [
                        [-48.6165533, -27.1322193],
                        [-48.6165053, -27.1322748],
                        [-48.616435, -27.132356200000011]
                    ],
                    [
                        [-48.6149817, -27.1359059],
                        [-48.6150719, -27.1359681],
                        [-48.6161352, -27.136702],
                        [-48.6164283, -27.1369043]
                    ],
                    [
                        [-48.6160407, -27.1373567],
                        [-48.6163893, -27.1369498],
                        [-48.6164283, -27.1369043]
                    ],
                    [
                        [-48.6164294, -27.1341302],
                        [-48.616251, -27.134349],
                        [-48.6160891, -27.1345476]
                    ],
                    [
                        [-48.6163815, -27.1340258],
                        [-48.6140528, -27.1324163]
                    ],
                    [
                        [-48.6157094, -27.1348444],
                        [-48.6160444, -27.1344364],
                        [-48.6161651, -27.1342894],
                        [-48.6163815, -27.1340258]
                    ],
                    [
                        [-48.6160407, -27.1373567],
                        [-48.6159637, -27.1373036],
                        [-48.6154918, -27.1369785],
                        [-48.6146498, -27.1363982],
                        [-48.6146053, -27.136367499999984]
                    ],
                    [
                        [-48.6156766, -27.1377817],
                        [-48.615732, -27.137717],
                        [-48.6160407, -27.1373567]
                    ],
                    [
                        [-48.6160891, -27.1345476],
                        [-48.6157073, -27.1350159]
                    ],
                    [
                        [-48.6156766, -27.1377817],
                        [-48.6152806, -27.1375107],
                        [-48.6142489, -27.1368046]
                    ],
                    [
                        [-48.6153459, -27.1381677],
                        [-48.6156493, -27.1378136],
                        [-48.6156766, -27.1377817]
                    ],
                    [
                        [-48.6157073, -27.1350159],
                        [-48.615436, -27.1353486],
                        [-48.6153525, -27.1354511]
                    ],
                    [
                        [-48.6133475, -27.1331935],
                        [-48.6157094, -27.1348444]
                    ],
                    [
                        [-48.6152623, -27.135389],
                        [-48.6153464, -27.1352866],
                        [-48.6157094, -27.1348444]
                    ],
                    [
                        [-48.6153525, -27.1354511],
                        [-48.6151757, -27.1356679],
                        [-48.6150407, -27.1358335],
                        [-48.6149817, -27.1359059]
                    ],
                    [
                        [-48.6152623, -27.135389],
                        [-48.6128828, -27.1337526]
                    ],
                    [
                        [-48.6148899, -27.1358426],
                        [-48.6150853, -27.1356046],
                        [-48.6152623, -27.135389]
                    ],
                    [
                        [-48.6148899, -27.1358426],
                        [-48.6149817, -27.1359059]
                    ],
                    [
                        [-48.6149817, -27.1359059],
                        [-48.6146053, -27.136367499999984]
                    ],
                    [
                        [-48.6125109, -27.1342003],
                        [-48.6125631, -27.1342363],
                        [-48.6135478, -27.1349161],
                        [-48.6148291, -27.1358006],
                        [-48.6148899, -27.1358426]
                    ],
                    [
                        [-48.61451180000001, -27.1363031],
                        [-48.6148899, -27.1358426]
                    ],
                    [
                        [-48.6149048, -27.1314425],
                        [-48.6147644, -27.131603]
                    ],
                    [
                        [-48.6132449, -27.1305554],
                        [-48.6147644, -27.131603]
                    ],
                    [
                        [-48.6147644, -27.131603],
                        [-48.6144836, -27.1319239],
                        [-48.6144117, -27.132006]
                    ],
                    [
                        [-48.6146053, -27.136367499999984],
                        [-48.61451180000001, -27.1363031]
                    ],
                    [
                        [-48.6146053, -27.136367499999984],
                        [-48.6142489, -27.1368046]
                    ],
                    [
                        [-48.61451180000001, -27.1363031],
                        [-48.61364240000001, -27.135704],
                        [-48.6121282, -27.1346604],
                        [-48.6125109, -27.1342003]
                    ],
                    [
                        [-48.6141536, -27.1367393],
                        [-48.61451180000001, -27.1363031]
                    ],
                    [
                        [-48.6128831, -27.1309567],
                        [-48.6143239, -27.1319458],
                        [-48.6144117, -27.132006]
                    ],
                    [
                        [-48.6144117, -27.132006],
                        [-48.6143606, -27.1320645],
                        [-48.6140528, -27.1324163]
                    ],
                    [
                        [-48.6142489, -27.1368046],
                        [-48.6142228, -27.1367867],
                        [-48.61417, -27.1367506],
                        [-48.6141536, -27.1367393]
                    ],
                    [
                        [-48.6141536, -27.1367393],
                        [-48.6135907, -27.136354],
                        [-48.6123091, -27.1354769]
                    ],
                    [
                        [-48.6141536, -27.1367393],
                        [-48.6137968, -27.1371373],
                        [-48.613773693824591, -27.137163837785618]
                    ],
                    [
                        [-48.6140528, -27.1324163],
                        [-48.6125205, -27.1313572]
                    ],
                    [
                        [-48.6133475, -27.1331935],
                        [-48.6134706, -27.1330455]
                    ],
                    [
                        [-48.6134076, -27.1303714],
                        [-48.6132449, -27.1305554]
                    ],
                    [
                        [-48.6118502, -27.1321465],
                        [-48.6133475, -27.1331935]
                    ],
                    [
                        [-48.6128828, -27.1337526],
                        [-48.6133475, -27.1331935]
                    ],
                    [
                        [-48.6133433, -27.1325749],
                        [-48.6121719, -27.1317676]
                    ],
                    [
                        [-48.6118497, -27.1295936],
                        [-48.6132449, -27.1305554]
                    ],
                    [
                        [-48.6132449, -27.1305554],
                        [-48.6129362, -27.1309002],
                        [-48.6128831, -27.1309567]
                    ],
                    [
                        [-48.6128828, -27.1337526],
                        [-48.61137, -27.1327119]
                    ],
                    [
                        [-48.6125109, -27.1342003],
                        [-48.6128828, -27.1337526]
                    ],
                    [
                        [-48.6114846, -27.1299968],
                        [-48.6128831, -27.1309567]
                    ],
                    [
                        [-48.6128831, -27.1309567],
                        [-48.6125205, -27.1313572]
                    ],
                    [
                        [-48.6109949, -27.133153799999985],
                        [-48.6112936, -27.13336],
                        [-48.6125109, -27.1342003]
                    ],
                    [
                        [-48.6125205, -27.1313572],
                        [-48.6111256, -27.1303931]
                    ],
                    [
                        [-48.6125205, -27.1313572],
                        [-48.6121719, -27.1317676]
                    ],
                    [
                        [-48.6121719, -27.1317676],
                        [-48.6101906, -27.130402]
                    ],
                    [
                        [-48.6121719, -27.1317676],
                        [-48.6118502, -27.1321465]
                    ],
                    [
                        [-48.6102111, -27.1310004],
                        [-48.6118502, -27.1321465]
                    ],
                    [
                        [-48.6118502, -27.1321465],
                        [-48.61137, -27.1327119]
                    ],
                    [
                        [-48.6102047, -27.1284595],
                        [-48.6118497, -27.1295936]
                    ],
                    [
                        [-48.6114846, -27.1299968],
                        [-48.6118497, -27.1295936]
                    ],
                    [
                        [-48.6101515, -27.1290816],
                        [-48.6114846, -27.1299968]
                    ],
                    [
                        [-48.6111256, -27.1303931],
                        [-48.6114846, -27.1299968]
                    ],
                    [
                        [-48.61137, -27.1327119],
                        [-48.6102898, -27.1319688]
                    ],
                    [
                        [-48.61137, -27.1327119],
                        [-48.6109949, -27.133153799999985]
                    ],
                    [
                        [-48.6111256, -27.1303931],
                        [-48.6101715, -27.1297337]
                    ],
                    [
                        [-48.6104815, -27.1328053],
                        [-48.6105075, -27.1328229],
                        [-48.6109233, -27.1331052],
                        [-48.6109949, -27.133153799999985]
                    ],
                    [
                        [-48.6103281, -27.1328323],
                        [-48.6103307, -27.1329021],
                        [-48.6103671, -27.1338895],
                        [-48.6109949, -27.133153799999985]
                    ],
                    [
                        [-48.6104815, -27.1328053],
                        [-48.6104064, -27.1327888],
                        [-48.6103484, -27.1327761]
                    ],
                    [
                        [-48.6103325, -27.1326353],
                        [-48.6104815, -27.1328053]
                    ],
                    [
                        [-48.6103325, -27.1326353],
                        [-48.6103446, -27.1326724],
                        [-48.6103495, -27.1327159],
                        [-48.6103484, -27.1327761]
                    ],
                    [
                        [-48.6103484, -27.1327761],
                        [-48.6103413, -27.1328051],
                        [-48.6103281, -27.1328323]
                    ],
                    [
                        [-48.6103164, -27.1326108],
                        [-48.6103325, -27.1326353]
                    ],
                    [
                        [-48.6103281, -27.1328323],
                        [-48.6102934, -27.1328696],
                        [-48.6102539, -27.1328863]
                    ],
                    [
                        [-48.6102477, -27.1325812],
                        [-48.6102882, -27.1325905],
                        [-48.6103164, -27.1326108]
                    ],
                    [
                        [-48.6103065, -27.1324473],
                        [-48.6103102, -27.132509],
                        [-48.6103124, -27.1325443],
                        [-48.6103164, -27.1326108]
                    ],
                    [
                        [-48.6102898, -27.1319688],
                        [-48.6103065, -27.1324473]
                    ],
                    [
                        [-48.6102693, -27.1325319],
                        [-48.6103065, -27.1324473]
                    ],
                    [
                        [-48.6102111, -27.1310004],
                        [-48.6102177, -27.1312322],
                        [-48.610225, -27.1313662],
                        [-48.610237, -27.1314939],
                        [-48.6102558, -27.1316611],
                        [-48.6102726, -27.1317801],
                        [-48.6102835, -27.131877],
                        [-48.6102898, -27.1319688]
                    ],
                    [
                        [-48.6103133, -27.1282224],
                        [-48.6102823, -27.1282818],
                        [-48.610245, -27.1283554],
                        [-48.6102047, -27.1284595]
                    ],
                    [
                        [-48.6101906, -27.130402],
                        [-48.6102111, -27.1310004]
                    ],
                    [
                        [-48.6101715, -27.1297337],
                        [-48.6101906, -27.130402]
                    ],
                    [
                        [-48.6102047, -27.1284595],
                        [-48.6101837, -27.1285333],
                        [-48.6101659, -27.1286126],
                        [-48.6101494, -27.12871],
                        [-48.610143, -27.128806399999988],
                        [-48.6101515, -27.1290816]
                    ],
                    [
                        [-48.6101515, -27.1290816],
                        [-48.6101715, -27.1297337]
                    ]
                ]
            }
        },
        {
            "type": "Feature",
            "properties": {
                "SETOR": "T05",
                "TURNO": "TARDE",
                "FREQUENCIA": "TER - QUI - SAB",
                "HORARIO": "14:20 ÀS 22:35",
                "OPERACAO": "DOMICILIAR",
                "FILIAL": "ITAPEMA"
            },
            "geometry": {
                "type": "MultiLineString",
                "coordinates": [
                    [
                        [-48.6217161, -27.1319467],
                        [-48.6236335, -27.1332682]
                    ],
                    [
                        [-48.6236335, -27.1332682],
                        [-48.6236773, -27.1331961],
                        [-48.6237093, -27.1331236],
                        [-48.6238293, -27.1328178],
                        [-48.6220277, -27.1315849]
                    ],
                    [
                        [-48.6236335, -27.1332682],
                        [-48.6235959, -27.1333232],
                        [-48.6235499, -27.1333824],
                        [-48.6234916, -27.1334465],
                        [-48.6234324, -27.1334978],
                        [-48.6232413, -27.133653]
                    ],
                    [
                        [-48.6232413, -27.133653],
                        [-48.6222769, -27.1329855],
                        [-48.6214293, -27.1323989],
                        [-48.6213649, -27.1323543]
                    ],
                    [
                        [-48.6232413, -27.133653],
                        [-48.6231288, -27.133743],
                        [-48.62282960000001, -27.133988]
                    ],
                    [
                        [-48.6210294, -27.1327439],
                        [-48.6210824, -27.1327805],
                        [-48.6211263, -27.132810899999988],
                        [-48.6218179, -27.1332888],
                        [-48.62282960000001, -27.133988]
                    ],
                    [
                        [-48.62282960000001, -27.133988],
                        [-48.6224229, -27.1343317]
                    ],
                    [
                        [-48.6224229, -27.1343317],
                        [-48.6213989, -27.1336209],
                        [-48.6207659, -27.1331815],
                        [-48.6206949, -27.1331322]
                    ],
                    [
                        [-48.6224229, -27.1343317],
                        [-48.6223147, -27.1344239],
                        [-48.6220296, -27.1346771]
                    ],
                    [
                        [-48.62035860000001, -27.1335226],
                        [-48.6204382, -27.1335776],
                        [-48.6208617, -27.1338702],
                        [-48.6220296, -27.1346771]
                    ],
                    [
                        [-48.6220296, -27.1346771],
                        [-48.6219238, -27.1347701],
                        [-48.6218492, -27.1348214],
                        [-48.6217897, -27.1348538],
                        [-48.6217117, -27.1348817],
                        [-48.6216269, -27.134899],
                        [-48.6215334, -27.1349292],
                        [-48.6214602, -27.1349695]
                    ],
                    [
                        [-48.6220277, -27.1315849],
                        [-48.6205094, -27.1305457]
                    ],
                    [
                        [-48.6217161, -27.1319467],
                        [-48.6220277, -27.1315849]
                    ],
                    [
                        [-48.6202021, -27.1309032],
                        [-48.6217161, -27.1319467]
                    ],
                    [
                        [-48.6213649, -27.1323543],
                        [-48.6214482, -27.1322576],
                        [-48.6217161, -27.1319467]
                    ],
                    [
                        [-48.6213649, -27.1323543],
                        [-48.6212843, -27.1322985],
                        [-48.6207646, -27.1319388],
                        [-48.6198537, -27.1313084]
                    ],
                    [
                        [-48.6210294, -27.1327439],
                        [-48.6210983, -27.1326639],
                        [-48.6213178, -27.132409],
                        [-48.6213649, -27.1323543]
                    ],
                    [
                        [-48.6195178, -27.1316992],
                        [-48.6195714, -27.1317363],
                        [-48.6203356, -27.1322644],
                        [-48.6209714, -27.1327038],
                        [-48.6210294, -27.1327439]
                    ],
                    [
                        [-48.6206949, -27.1331322],
                        [-48.620769, -27.1330461],
                        [-48.6209777, -27.1328039],
                        [-48.6210294, -27.1327439]
                    ],
                    [
                        [-48.6206949, -27.1331322],
                        [-48.6206415, -27.1330951],
                        [-48.6191862, -27.132085]
                    ],
                    [
                        [-48.62035860000001, -27.1335226],
                        [-48.6204486, -27.1334181],
                        [-48.6206229, -27.1332158],
                        [-48.6206949, -27.1331322]
                    ],
                    [
                        [-48.6205094, -27.1305457],
                        [-48.6192268, -27.1296679],
                        [-48.6191212, -27.1295989],
                        [-48.6189257, -27.1294735]
                    ],
                    [
                        [-48.6205094, -27.1305457],
                        [-48.62042490000001, -27.130644],
                        [-48.6202021, -27.1309032]
                    ],
                    [
                        [-48.6188477, -27.1324787],
                        [-48.6198587, -27.1331772],
                        [-48.6202814, -27.1334692],
                        [-48.62035860000001, -27.1335226]
                    ],
                    [
                        [-48.6199908, -27.1339496],
                        [-48.6200915, -27.1338327],
                        [-48.6202903, -27.1336019],
                        [-48.62035860000001, -27.1335226]
                    ],
                    [
                        [-48.6186279, -27.1298183],
                        [-48.6191784, -27.1301977],
                        [-48.6196337, -27.1305115],
                        [-48.620136, -27.1308577],
                        [-48.6202021, -27.1309032]
                    ],
                    [
                        [-48.6202021, -27.1309032],
                        [-48.6201254, -27.1309924],
                        [-48.6198537, -27.1313084]
                    ],
                    [
                        [-48.6198537, -27.1313084],
                        [-48.6182809, -27.1302198]
                    ],
                    [
                        [-48.6198537, -27.1313084],
                        [-48.6195889, -27.1316165],
                        [-48.6195178, -27.1316992]
                    ],
                    [
                        [-48.617943, -27.1306109],
                        [-48.6180011, -27.130651],
                        [-48.6181143, -27.1307293],
                        [-48.6185566, -27.1310349],
                        [-48.619385, -27.1316074],
                        [-48.6194459, -27.1316495],
                        [-48.6195178, -27.1316992]
                    ],
                    [
                        [-48.6195178, -27.1316992],
                        [-48.6191862, -27.132085]
                    ],
                    [
                        [-48.6191862, -27.132085],
                        [-48.6176131, -27.130993]
                    ],
                    [
                        [-48.6191862, -27.132085],
                        [-48.6189593, -27.1323489],
                        [-48.6188477, -27.1324787]
                    ],
                    [
                        [-48.6189257, -27.1294735],
                        [-48.6174172, -27.128426]
                    ],
                    [
                        [-48.6186279, -27.1298183],
                        [-48.6189257, -27.1294735]
                    ],
                    [
                        [-48.6172611, -27.1314001],
                        [-48.6174095, -27.131488],
                        [-48.6180039, -27.1318975],
                        [-48.6188477, -27.1324787]
                    ],
                    [
                        [-48.6188477, -27.1324787],
                        [-48.6186511, -27.1327074],
                        [-48.6184829, -27.132903]
                    ],
                    [
                        [-48.6171163, -27.1287764],
                        [-48.6186279, -27.1298183]
                    ],
                    [
                        [-48.6182809, -27.1302198],
                        [-48.6185108, -27.1299538],
                        [-48.6186279, -27.1298183]
                    ],
                    [
                        [-48.6182809, -27.1302198],
                        [-48.616773, -27.1291761]
                    ],
                    [
                        [-48.617943, -27.1306109],
                        [-48.6182809, -27.1302198]
                    ],
                    [
                        [-48.6164355, -27.1295691],
                        [-48.6164697, -27.1295927],
                        [-48.6164962, -27.129611],
                        [-48.6171707, -27.1300771],
                        [-48.6178322, -27.1305343],
                        [-48.617943, -27.1306109]
                    ],
                    [
                        [-48.6176131, -27.130993],
                        [-48.6179004, -27.1306602],
                        [-48.617943, -27.1306109]
                    ],
                    [
                        [-48.6176131, -27.130993],
                        [-48.6161091, -27.1299491]
                    ],
                    [
                        [-48.6172611, -27.1314001],
                        [-48.6176131, -27.130993]
                    ],
                    [
                        [-48.6174172, -27.128426],
                        [-48.6159048, -27.1273757]
                    ],
                    [
                        [-48.6174172, -27.128426],
                        [-48.6171163, -27.1287764]
                    ],
                    [
                        [-48.6157427, -27.1303758],
                        [-48.6169146, -27.1311926],
                        [-48.6170439, -27.1312767],
                        [-48.6171591, -27.1313432],
                        [-48.6172611, -27.1314001]
                    ],
                    [
                        [-48.6169074, -27.1318095],
                        [-48.6170161, -27.1316837],
                        [-48.6172611, -27.1314001]
                    ],
                    [
                        [-48.615598, -27.1277299],
                        [-48.6171163, -27.1287764]
                    ],
                    [
                        [-48.6171163, -27.1287764],
                        [-48.616773, -27.1291761]
                    ],
                    [
                        [-48.616773, -27.1291761],
                        [-48.6152553, -27.1281256]
                    ],
                    [
                        [-48.616773, -27.1291761],
                        [-48.616485, -27.1295114],
                        [-48.6164355, -27.1295691]
                    ],
                    [
                        [-48.6149152, -27.1285183],
                        [-48.6149585, -27.1285483],
                        [-48.6150447, -27.1286079],
                        [-48.6157497, -27.1290951],
                        [-48.6163651, -27.1295205],
                        [-48.6164355, -27.1295691]
                    ],
                    [
                        [-48.6164355, -27.1295691],
                        [-48.6163959, -27.1296152],
                        [-48.6161091, -27.1299491]
                    ],
                    [
                        [-48.6161091, -27.1299491],
                        [-48.6145896, -27.1288943]
                    ],
                    [
                        [-48.6161091, -27.1299491],
                        [-48.6157427, -27.1303758]
                    ],
                    [
                        [-48.6159048, -27.1273757],
                        [-48.6143723, -27.1263115]
                    ],
                    [
                        [-48.6159048, -27.1273757],
                        [-48.6158247, -27.1274682],
                        [-48.615598, -27.1277299]
                    ],
                    [
                        [-48.6142235, -27.1293169],
                        [-48.6157427, -27.1303758]
                    ],
                    [
                        [-48.614062, -27.1266712],
                        [-48.6152909, -27.1275182],
                        [-48.615598, -27.1277299]
                    ],
                    [
                        [-48.615598, -27.1277299],
                        [-48.6152553, -27.1281256]
                    ],
                    [
                        [-48.6152553, -27.1281256],
                        [-48.6137226, -27.1270648]
                    ],
                    [
                        [-48.6152553, -27.1281256],
                        [-48.6150162, -27.1284016],
                        [-48.6149745, -27.1284499],
                        [-48.6149152, -27.1285183]
                    ],
                    [
                        [-48.6133825, -27.1274591],
                        [-48.6135319, -27.1275623],
                        [-48.6142477, -27.128057],
                        [-48.6148338, -27.128462],
                        [-48.6149152, -27.1285183]
                    ],
                    [
                        [-48.6149152, -27.1285183],
                        [-48.6148686, -27.1285721],
                        [-48.6145896, -27.1288943]
                    ],
                    [
                        [-48.6145896, -27.1288943],
                        [-48.6130602, -27.1278327]
                    ],
                    [
                        [-48.6145896, -27.1288943],
                        [-48.6142235, -27.1293169]
                    ],
                    [
                        [-48.6143723, -27.1263115],
                        [-48.6128571, -27.1252594]
                    ],
                    [
                        [-48.6143723, -27.1263115],
                        [-48.614062, -27.1266712]
                    ],
                    [
                        [-48.6126975, -27.1282532],
                        [-48.6142235, -27.1293169]
                    ],
                    [
                        [-48.6125404, -27.1256225],
                        [-48.614062, -27.1266712]
                    ],
                    [
                        [-48.614062, -27.1266712],
                        [-48.6137226, -27.1270648]
                    ],
                    [
                        [-48.6137226, -27.1270648],
                        [-48.612201, -27.1260116]
                    ],
                    [
                        [-48.6137226, -27.1270648],
                        [-48.6134967, -27.1273267],
                        [-48.6134421, -27.12739],
                        [-48.6133825, -27.1274591]
                    ],
                    [
                        [-48.6118577, -27.1264053],
                        [-48.6119364, -27.1264597],
                        [-48.6122271, -27.1266605],
                        [-48.6128327, -27.1270791],
                        [-48.6133219, -27.1274172],
                        [-48.6133825, -27.1274591]
                    ],
                    [
                        [-48.6133825, -27.1274591],
                        [-48.6132885, -27.127568],
                        [-48.6130602, -27.1278327]
                    ],
                    [
                        [-48.6130602, -27.1278327],
                        [-48.6115358, -27.1267745]
                    ],
                    [
                        [-48.6130602, -27.1278327],
                        [-48.6126975, -27.1282532]
                    ],
                    [
                        [-48.6128571, -27.1252594],
                        [-48.6113654, -27.1242235]
                    ],
                    [
                        [-48.6128571, -27.1252594],
                        [-48.6125404, -27.1256225]
                    ],
                    [
                        [-48.611173, -27.1271906],
                        [-48.6126975, -27.1282532]
                    ],
                    [
                        [-48.6126975, -27.1282532],
                        [-48.6126332, -27.1283448],
                        [-48.6125846, -27.1284375],
                        [-48.612556, -27.1285166],
                        [-48.6125336, -27.1285977],
                        [-48.6124582, -27.1289571]
                    ],
                    [
                        [-48.6110449, -27.1245916],
                        [-48.6125404, -27.1256225]
                    ],
                    [
                        [-48.6125404, -27.1256225],
                        [-48.612201, -27.1260116]
                    ],
                    [
                        [-48.612201, -27.1260116],
                        [-48.6107082, -27.1249783]
                    ],
                    [
                        [-48.612201, -27.1260116],
                        [-48.6119228, -27.1263307],
                        [-48.6118577, -27.1264053]
                    ],
                    [
                        [-48.6103644, -27.1253732],
                        [-48.6104191, -27.125411],
                        [-48.6105548, -27.1255048],
                        [-48.611776, -27.1263488],
                        [-48.6118577, -27.1264053]
                    ],
                    [
                        [-48.6118577, -27.1264053],
                        [-48.6118146, -27.1264547],
                        [-48.6115358, -27.1267745]
                    ],
                    [
                        [-48.6115358, -27.1267745],
                        [-48.6104995, -27.1260551]
                    ],
                    [
                        [-48.6115358, -27.1267745],
                        [-48.611173, -27.1271906]
                    ],
                    [
                        [-48.6113654, -27.1242235],
                        [-48.6101319, -27.123366899999986]
                    ],
                    [
                        [-48.6110449, -27.1245916],
                        [-48.6113654, -27.1242235]
                    ],
                    [
                        [-48.6104995, -27.1260551],
                        [-48.6105344, -27.1267455],
                        [-48.611173, -27.1271906]
                    ],
                    [
                        [-48.611173, -27.1271906],
                        [-48.6109135, -27.127488],
                        [-48.6105615, -27.1278916],
                        [-48.610467, -27.128001699999984],
                        [-48.6103819, -27.1281133],
                        [-48.6103133, -27.1282224]
                    ],
                    [
                        [-48.6098729, -27.1237839],
                        [-48.6110449, -27.1245916]
                    ],
                    [
                        [-48.6107082, -27.1249783],
                        [-48.610945, -27.1247064],
                        [-48.6110449, -27.1245916]
                    ],
                    [
                        [-48.6107082, -27.1249783],
                        [-48.6099287, -27.1244388]
                    ],
                    [
                        [-48.6103644, -27.1253732],
                        [-48.6104419, -27.1252841],
                        [-48.6107082, -27.1249783]
                    ],
                    [
                        [-48.6101221, -27.1256515],
                        [-48.6102438, -27.1257422],
                        [-48.6104129, -27.1258383],
                        [-48.6104471, -27.1258723],
                        [-48.6104739, -27.1259152],
                        [-48.6104914, -27.1259701],
                        [-48.6104995, -27.1260551]
                    ],
                    [
                        [-48.6099742, -27.1251035],
                        [-48.610068, -27.1251683],
                        [-48.6102908, -27.1253223],
                        [-48.6103644, -27.1253732]
                    ],
                    [
                        [-48.6101221, -27.1256515],
                        [-48.610313, -27.1254322],
                        [-48.6103644, -27.1253732]
                    ],
                    [
                        [-48.6099742, -27.1251035],
                        [-48.6099991, -27.125495],
                        [-48.6100067, -27.125533],
                        [-48.6100243, -27.1255701],
                        [-48.6100564, -27.1256048],
                        [-48.6101221, -27.1256515]
                    ],
                    [
                        [-48.6099287, -27.1244388],
                        [-48.6099742, -27.1251035]
                    ],
                    [
                        [-48.6098729, -27.1237839],
                        [-48.6098884, -27.1241149],
                        [-48.6098948, -27.1241863],
                        [-48.6099287, -27.1244388]
                    ],
                    [
                        [-48.6098675, -27.1236669],
                        [-48.6098729, -27.1237839]
                    ]
                ]
            }
        },
        {
            "type": "Feature",
            "properties": {
                "SETOR": "M03",
                "TURNO": "MANHÃ",
                "FREQUENCIA": "SEG - QUI - SEX",
                "HORARIO": "06:00 ÀS 14:20",
                "OPERACAO": "DOMICILIAR",
                "FILIAL": "ITAPEMA"
            },
            "geometry": {
                "type": "MultiLineString",
                "coordinates": [
                    [
                        [-48.6365732, -27.0932168],
                        [-48.6366127, -27.0932118],
                        [-48.6366693, -27.0932401],
                        [-48.636871, -27.0934008]
                    ],
                    [
                        [-48.6347454, -27.0919043],
                        [-48.6366779, -27.091709]
                    ],
                    [
                        [-48.6359328, -27.0933748],
                        [-48.6360117, -27.0931747],
                        [-48.6365428, -27.0931126],
                        [-48.6365732, -27.0932168]
                    ],
                    [
                        [-48.6359328, -27.0933748],
                        [-48.6360339, -27.093461],
                        [-48.6360831, -27.0934965],
                        [-48.6361403, -27.0935316],
                        [-48.6362436, -27.0935871],
                        [-48.6362929, -27.0936036],
                        [-48.6363237, -27.0936063],
                        [-48.6363514, -27.0936063],
                        [-48.6363822, -27.0936036],
                        [-48.6364069, -27.0935954],
                        [-48.6364346, -27.0935817],
                        [-48.6364592, -27.093557],
                        [-48.6364808, -27.0935268],
                        [-48.6364962, -27.0934911],
                        [-48.6365147, -27.0934418],
                        [-48.6365332, -27.0933814],
                        [-48.6365517, -27.0933128],
                        [-48.6365732, -27.0932168]
                    ],
                    [
                        [-48.6350958, -27.0929541],
                        [-48.6351858, -27.0930192],
                        [-48.6352385, -27.093053],
                        [-48.6352889, -27.0930787],
                        [-48.6353375, -27.0930967],
                        [-48.6356375, -27.0932043],
                        [-48.6356982, -27.0932278],
                        [-48.6357475, -27.0932498],
                        [-48.6357814, -27.0932662],
                        [-48.6358245, -27.0932909],
                        [-48.6358738, -27.0933238],
                        [-48.6359328, -27.0933748]
                    ],
                    [
                        [-48.6285614, -27.1002047],
                        [-48.6286781, -27.1002686],
                        [-48.6287418, -27.100299],
                        [-48.6287948, -27.1003116],
                        [-48.6288558, -27.1003187],
                        [-48.6289349, -27.1003187],
                        [-48.6295847, -27.100256],
                        [-48.6297067, -27.1002429],
                        [-48.6298314, -27.1002393],
                        [-48.629922, -27.1002405],
                        [-48.6300179, -27.1002477],
                        [-48.6301091, -27.1002608],
                        [-48.6301976, -27.1002751],
                        [-48.6302666, -27.1002966],
                        [-48.6303967, -27.1003396],
                        [-48.6306187, -27.1004172],
                        [-48.6307085, -27.1004447],
                        [-48.63077890000001, -27.1004644],
                        [-48.6308527, -27.1004769],
                        [-48.6308876, -27.1004817],
                        [-48.6309533, -27.1004769],
                        [-48.6310244, -27.1004697],
                        [-48.6310948, -27.1004584],
                        [-48.6315809, -27.100385],
                        [-48.6316949, -27.100373],
                        [-48.6318337, -27.1003575],
                        [-48.6319493, -27.100357],
                        [-48.6320632, -27.1003754],
                        [-48.6321692, -27.1004048],
                        [-48.632267, -27.1004483],
                        [-48.6323571, -27.1004931],
                        [-48.632591, -27.1006196],
                        [-48.6327279, -27.1006967],
                        [-48.6327754, -27.1007295],
                        [-48.6328464, -27.1007846],
                        [-48.6328988, -27.1008345],
                        [-48.6329304, -27.1008693],
                        [-48.6329507, -27.1009001],
                        [-48.6329763, -27.1009472],
                        [-48.633087, -27.1013064],
                        [-48.633109, -27.1013779],
                        [-48.633226, -27.1017775],
                        [-48.6332444, -27.101822],
                        [-48.6332774, -27.1018739],
                        [-48.6333211, -27.1019138],
                        [-48.6333901, -27.1019558],
                        [-48.6334594, -27.1019854],
                        [-48.6335593, -27.1020129],
                        [-48.6336966, -27.102038],
                        [-48.6340868, -27.102096],
                        [-48.6342587, -27.1021215],
                        [-48.6343847, -27.102155],
                        [-48.6344866, -27.1022147],
                        [-48.6345671, -27.1023149],
                        [-48.6349399, -27.1030814],
                        [-48.6350179, -27.1032169],
                        [-48.6350499, -27.1032724],
                        [-48.6351545, -27.1033703],
                        [-48.6353235, -27.1034467],
                        [-48.6355086, -27.1035589]
                    ],
                    [
                        [-48.6347419, -27.0927727],
                        [-48.6348, -27.0927823],
                        [-48.6348578, -27.0927993],
                        [-48.6349062, -27.0928207],
                        [-48.6349516, -27.0928462],
                        [-48.6350015, -27.0928835],
                        [-48.6350958, -27.0929541]
                    ],
                    [
                        [-48.6350958, -27.0929541],
                        [-48.6349453, -27.0930432],
                        [-48.6349095, -27.0930577],
                        [-48.6348721, -27.0930632],
                        [-48.6344236, -27.0930964],
                        [-48.6343727, -27.0931034],
                        [-48.634349, -27.0931202],
                        [-48.634344, -27.0931496],
                        [-48.6343456, -27.093185],
                        [-48.6344089, -27.0935971]
                    ],
                    [
                        [-48.6331983, -27.0931322],
                        [-48.6334386, -27.0930688],
                        [-48.6339075, -27.0929444],
                        [-48.6343192, -27.092837],
                        [-48.634458, -27.0928019],
                        [-48.6345232, -27.0927867],
                        [-48.6345767, -27.0927768],
                        [-48.6346259, -27.092772],
                        [-48.6346781, -27.0927709],
                        [-48.6347419, -27.0927727]
                    ],
                    [
                        [-48.6347419, -27.0927727],
                        [-48.6348005, -27.0926874],
                        [-48.6348192, -27.0926157],
                        [-48.6348192, -27.0925393],
                        [-48.6347602, -27.0923698],
                        [-48.6347388, -27.0922384],
                        [-48.6347388, -27.0919614],
                        [-48.6347454, -27.0919043]
                    ],
                    [
                        [-48.6344765, -27.0919303],
                        [-48.6347454, -27.0919043]
                    ],
                    [
                        [-48.6331143, -27.0926727],
                        [-48.6331983, -27.0931322]
                    ],
                    [
                        [-48.6318029, -27.0934939],
                        [-48.6331983, -27.0931322]
                    ],
                    [
                        [-48.6328842, -27.092178499999989],
                        [-48.6331143, -27.0926727]
                    ],
                    [
                        [-48.6331143, -27.0926727],
                        [-48.6322433, -27.0927677]
                    ],
                    [
                        [-48.6289082, -27.0951844],
                        [-48.6290764, -27.0951748],
                        [-48.6291468, -27.0951862],
                        [-48.6291998, -27.0952154],
                        [-48.6292863, -27.0953277],
                        [-48.6293634, -27.0953443],
                        [-48.6295277, -27.0953503],
                        [-48.6316252, -27.0951438],
                        [-48.6322552, -27.0950714],
                        [-48.632306, -27.0950743],
                        [-48.63236, -27.0951563],
                        [-48.6324045, -27.0953373],
                        [-48.6324432, -27.0955095],
                        [-48.6324807, -27.0955889],
                        [-48.6324998, -27.0957614],
                        [-48.6325062, -27.0959028]
                    ],
                    [
                        [-48.6318029, -27.0934939],
                        [-48.632011, -27.0937667]
                    ],
                    [
                        [-48.6315259, -27.0936102],
                        [-48.6318147, -27.0939867]
                    ],
                    [
                        [-48.6318147, -27.0939867],
                        [-48.6319479, -27.0941763],
                        [-48.6319613, -27.094225],
                        [-48.6319504, -27.0942814],
                        [-48.6319073, -27.0943418],
                        [-48.6318767, -27.094362899999989],
                        [-48.6318406, -27.0943768],
                        [-48.6312143, -27.0944412],
                        [-48.6310619, -27.0945134],
                        [-48.6307414, -27.0945683],
                        [-48.6299984, -27.0946507]
                    ],
                    [
                        [-48.6318147, -27.0939867],
                        [-48.6313187, -27.0940581]
                    ],
                    [
                        [-48.6315259, -27.0936102],
                        [-48.6318029, -27.0934939]
                    ],
                    [
                        [-48.6290328, -27.0938985],
                        [-48.6300802, -27.0937815],
                        [-48.63049860000001, -27.0937385],
                        [-48.6311531, -27.0936681],
                        [-48.6313503, -27.0936359],
                        [-48.6315259, -27.0936102]
                    ],
                    [
                        [-48.6298656, -27.0946782],
                        [-48.629926, -27.0948477],
                        [-48.6299837, -27.0948883],
                        [-48.6309493, -27.0947987]
                    ],
                    [
                        [-48.6299984, -27.0946507],
                        [-48.6299424, -27.0944296]
                    ],
                    [
                        [-48.6298656, -27.0946782],
                        [-48.6299984, -27.0946507]
                    ],
                    [
                        [-48.6289617, -27.0945994],
                        [-48.6295022, -27.0946298],
                        [-48.6296196, -27.0946591],
                        [-48.6296853, -27.0946829],
                        [-48.6297624, -27.0946931],
                        [-48.6298656, -27.0946782]
                    ],
                    [
                        [-48.6287016, -27.100013],
                        [-48.6287794, -27.1000172],
                        [-48.6288471, -27.1000238],
                        [-48.6289175, -27.1000316],
                        [-48.6290503, -27.1000262],
                        [-48.629639, -27.09996]
                    ],
                    [
                        [-48.6289617, -27.0945994],
                        [-48.6289827, -27.0944902],
                        [-48.629023, -27.0942419],
                        [-48.6290314, -27.0941605],
                        [-48.6290348, -27.0940913],
                        [-48.6290368, -27.0940296],
                        [-48.6290368, -27.0939599],
                        [-48.6290328, -27.0938985]
                    ],
                    [
                        [-48.6288646, -27.0939175],
                        [-48.6290328, -27.0938985]
                    ],
                    [
                        [-48.6285614, -27.1002047],
                        [-48.6286258, -27.10102],
                        [-48.6286408, -27.1010957],
                        [-48.6286725, -27.1011571],
                        [-48.6287307, -27.1012297],
                        [-48.6287556, -27.1012842],
                        [-48.6287672, -27.1013426],
                        [-48.6288469, -27.1018969]
                    ],
                    [
                        [-48.6289082, -27.0951844],
                        [-48.6289145, -27.0950396],
                        [-48.6289187, -27.0949205],
                        [-48.6289304, -27.0947588],
                        [-48.6289617, -27.0945994]
                    ],
                    [
                        [-48.6257728, -27.0957367],
                        [-48.6270279, -27.0955951],
                        [-48.62707480000001, -27.0955545],
                        [-48.6270855, -27.0954435],
                        [-48.6271057, -27.0954041],
                        [-48.6271566, -27.0953766],
                        [-48.6275898, -27.0953253],
                        [-48.6278902, -27.095305],
                        [-48.6281866, -27.0952703],
                        [-48.6283978, -27.0952399],
                        [-48.6286164, -27.0952489],
                        [-48.6287693, -27.0952542],
                        [-48.6288203, -27.0952453],
                        [-48.6288732, -27.0952297],
                        [-48.6289082, -27.0951844]
                    ],
                    [
                        [-48.6260927, -27.0966622],
                        [-48.6264297, -27.096649],
                        [-48.6267745, -27.0966266],
                        [-48.6269404, -27.0966],
                        [-48.6273305, -27.096557],
                        [-48.627398, -27.0965568],
                        [-48.6274673, -27.0965652],
                        [-48.6277074, -27.096601],
                        [-48.6279729, -27.0966536],
                        [-48.628024, -27.0966571],
                        [-48.6280739, -27.0966386],
                        [-48.6281544, -27.0963747],
                        [-48.6282054, -27.0962887],
                        [-48.6282952, -27.0962446],
                        [-48.6284468, -27.096235],
                        [-48.6288705, -27.0962565]
                    ],
                    [
                        [-48.6288646, -27.0939175],
                        [-48.6288157, -27.093536]
                    ],
                    [
                        [-48.6265504, -27.0942233],
                        [-48.6267508, -27.094195],
                        [-48.62770110000001, -27.0940537],
                        [-48.628069, -27.0940006],
                        [-48.6281915, -27.0939878],
                        [-48.6284503, -27.0939608],
                        [-48.6288646, -27.0939175]
                    ],
                    [
                        [-48.6287016, -27.100013],
                        [-48.6286828, -27.0999617],
                        [-48.6286567, -27.0999229],
                        [-48.6285755, -27.0998638],
                        [-48.6284803, -27.0997994],
                        [-48.6284193, -27.0997534],
                        [-48.6281926, -27.099551]
                    ],
                    [
                        [-48.6284843, -27.1001522],
                        [-48.6285594, -27.100071],
                        [-48.6286023, -27.1000358],
                        [-48.6287016, -27.100013]
                    ],
                    [
                        [-48.6284843, -27.1001522],
                        [-48.6285614, -27.1002047]
                    ],
                    [
                        [-48.6259759, -27.0961932],
                        [-48.6260531, -27.0961867],
                        [-48.6272837, -27.0960565],
                        [-48.62735570000001, -27.0960468],
                        [-48.6274062, -27.0960345],
                        [-48.6274807, -27.0960136],
                        [-48.6277651, -27.0959253],
                        [-48.62793940000001, -27.0958775],
                        [-48.6280977, -27.0958465],
                        [-48.6282666, -27.095831],
                        [-48.6286206, -27.0958381]
                    ],
                    [
                        [-48.6265934, -27.0988664],
                        [-48.6267248, -27.098969],
                        [-48.6268844, -27.0990992],
                        [-48.6270815, -27.0992293],
                        [-48.6277514, -27.09967],
                        [-48.6283326, -27.1000524],
                        [-48.6284843, -27.1001522]
                    ],
                    [
                        [-48.6282367, -27.0986611],
                        [-48.628377, -27.0986453]
                    ],
                    [
                        [-48.6282367, -27.0986611],
                        [-48.6282914, -27.0989801]
                    ],
                    [
                        [-48.6265934, -27.0988664],
                        [-48.6266948, -27.0988537],
                        [-48.6282367, -27.0986611]
                    ],
                    [
                        [-48.6282353, -27.092104],
                        [-48.6281011, -27.0923406],
                        [-48.6279595, -27.0925227],
                        [-48.6278133, -27.09269930000001],
                        [-48.6274771, -27.0931177],
                        [-48.6269254, -27.0937249],
                        [-48.6267786, -27.0938809],
                        [-48.6267112, -27.0939491],
                        [-48.6266224, -27.0940748],
                        [-48.6265971, -27.094117],
                        [-48.6265741, -27.0941629],
                        [-48.6265504, -27.0942233]
                    ],
                    [
                        [-48.6264488, -27.0975086],
                        [-48.6279423, -27.097316]
                    ],
                    [
                        [-48.6264822, -27.0983162],
                        [-48.627766800000011, -27.0981451]
                    ],
                    [
                        [-48.6264858, -27.0979262],
                        [-48.6277698, -27.0977714]
                    ],
                    [
                        [-48.6273497, -27.0948346],
                        [-48.626883, -27.0948763],
                        [-48.6267073, -27.0948596],
                        [-48.6264753, -27.0948298],
                        [-48.6263224, -27.0947987],
                        [-48.6261642, -27.0947444]
                    ],
                    [
                        [-48.6264822, -27.0983162],
                        [-48.6264787, -27.098343],
                        [-48.6264739, -27.0983868],
                        [-48.6264702, -27.0984719],
                        [-48.6264762, -27.0985304],
                        [-48.6264856, -27.0986832],
                        [-48.6264959, -27.0987222],
                        [-48.6265167, -27.0987721],
                        [-48.6265492, -27.0988218],
                        [-48.6265934, -27.0988664]
                    ],
                    [
                        [-48.6264858, -27.0979262],
                        [-48.6264889, -27.0981055],
                        [-48.626493, -27.098219],
                        [-48.6264822, -27.0983162]
                    ],
                    [
                        [-48.6264822, -27.0983162],
                        [-48.6253017, -27.0984536]
                    ],
                    [
                        [-48.6264488, -27.0975086],
                        [-48.6264858, -27.0979262]
                    ],
                    [
                        [-48.6256003, -27.0980261],
                        [-48.6264858, -27.0979262]
                    ],
                    [
                        [-48.6265504, -27.0942233],
                        [-48.6265293, -27.094267],
                        [-48.6265149, -27.094317],
                        [-48.6265021, -27.094357],
                        [-48.626488, -27.0944065],
                        [-48.6264713, -27.0944442],
                        [-48.6264431, -27.0945027],
                        [-48.626419, -27.0945361],
                        [-48.6263888, -27.0945785],
                        [-48.6263218, -27.0946262],
                        [-48.6262815, -27.0946632],
                        [-48.6262306, -27.0946996],
                        [-48.6261642, -27.0947444]
                    ],
                    [
                        [-48.6264228, -27.0972898],
                        [-48.6264357, -27.0973331],
                        [-48.6264422, -27.0973782],
                        [-48.6264454, -27.0974213],
                        [-48.6264488, -27.0975086]
                    ],
                    [
                        [-48.62551460000001, -27.0976003],
                        [-48.6264488, -27.0975086]
                    ],
                    [
                        [-48.6261106, -27.0967988],
                        [-48.626125, -27.0968437],
                        [-48.6261471, -27.0968864],
                        [-48.6261763, -27.0969297],
                        [-48.62631, -27.0970925],
                        [-48.6263519, -27.0971512],
                        [-48.6263771, -27.0971918],
                        [-48.6264228, -27.0972898]
                    ],
                    [
                        [-48.6231825, -27.0975736],
                        [-48.6239871, -27.0974929],
                        [-48.6254303, -27.0973637],
                        [-48.6264228, -27.0972898]
                    ],
                    [
                        [-48.6261642, -27.0947444],
                        [-48.6261099, -27.0947761],
                        [-48.6260623, -27.0948029],
                        [-48.6259248, -27.0948632],
                        [-48.625902, -27.0948728],
                        [-48.6257357, -27.094942],
                        [-48.625678, -27.0949575],
                        [-48.6256456, -27.0949657],
                        [-48.6255218, -27.0949886]
                    ],
                    [
                        [-48.6260927, -27.0966622],
                        [-48.6260968, -27.0967235],
                        [-48.6261106, -27.0967988]
                    ],
                    [
                        [-48.6261106, -27.0967988],
                        [-48.6231258, -27.097151]
                    ],
                    [
                        [-48.6259759, -27.0961932],
                        [-48.6260217, -27.096311],
                        [-48.6260406, -27.0963719],
                        [-48.6260558, -27.0964375],
                        [-48.6260688, -27.0965079],
                        [-48.6260927, -27.0966622]
                    ],
                    [
                        [-48.6259524, -27.0961459],
                        [-48.6259759, -27.0961932]
                    ],
                    [
                        [-48.6257728, -27.0957367],
                        [-48.6257966, -27.0957799],
                        [-48.6259143, -27.0960399],
                        [-48.6259524, -27.0961459]
                    ],
                    [
                        [-48.6188622, -27.0969414],
                        [-48.6215986, -27.0966325],
                        [-48.6240687, -27.0963886],
                        [-48.6251594, -27.0962565],
                        [-48.6259524, -27.0961459]
                    ],
                    [
                        [-48.6255218, -27.0949886],
                        [-48.6255348, -27.0950349],
                        [-48.6256164, -27.0953257],
                        [-48.625682, -27.0955291],
                        [-48.6257728, -27.0957367]
                    ],
                    [
                        [-48.6257728, -27.0957367],
                        [-48.6241912, -27.095917],
                        [-48.622391, -27.0961222],
                        [-48.6221168, -27.0961533],
                        [-48.6219585, -27.0961712]
                    ],
                    [
                        [-48.6255218, -27.0949886],
                        [-48.6250538, -27.0950316],
                        [-48.6241247, -27.0951633],
                        [-48.6240379, -27.0951756],
                        [-48.6236786, -27.0952267],
                        [-48.6235869, -27.0952498],
                        [-48.6235126, -27.0952754],
                        [-48.6234295, -27.0953119],
                        [-48.623352, -27.0953532],
                        [-48.6231028, -27.095527],
                        [-48.6230516, -27.0955554],
                        [-48.6229927, -27.0955756],
                        [-48.6229327, -27.0955892],
                        [-48.6228656, -27.0955983],
                        [-48.6227638, -27.0956079],
                        [-48.6226502, -27.0956113],
                        [-48.6223501, -27.0955969],
                        [-48.6222052, -27.0955884],
                        [-48.622088, -27.0955755]
                    ],
                    [
                        [-48.6253017, -27.0984536],
                        [-48.6252236, -27.0980509]
                    ],
                    [
                        [-48.6253017, -27.0984536],
                        [-48.6242484, -27.0985683],
                        [-48.623958, -27.0985999]
                    ],
                    [
                        [-48.625059, -27.0978024],
                        [-48.6238536, -27.097917],
                        [-48.623958, -27.0985999]
                    ],
                    [
                        [-48.623958, -27.0985999],
                        [-48.623333, -27.0986688],
                        [-48.6220288, -27.0988209],
                        [-48.6219208, -27.0988305],
                        [-48.6218248, -27.0988376],
                        [-48.6217294, -27.0988397],
                        [-48.6216651, -27.0988377],
                        [-48.6215836, -27.0988313],
                        [-48.6215329, -27.0988249],
                        [-48.621427, -27.098805],
                        [-48.6213679, -27.0987899],
                        [-48.6212736, -27.0987636],
                        [-48.6212046, -27.0987412],
                        [-48.6208673, -27.0986219],
                        [-48.620804, -27.0986048],
                        [-48.6207641, -27.0985967],
                        [-48.6207053, -27.0985887]
                    ],
                    [
                        [-48.6232222, -27.0977903],
                        [-48.6232119, -27.0977306],
                        [-48.6231986, -27.0976588],
                        [-48.6231825, -27.0975736]
                    ],
                    [
                        [-48.6231825, -27.0975736],
                        [-48.6231258, -27.097151]
                    ],
                    [
                        [-48.6189061, -27.097936],
                        [-48.6191001, -27.0979137],
                        [-48.6202871, -27.0977775],
                        [-48.6206094, -27.0977439],
                        [-48.6209062, -27.0977153],
                        [-48.6210371, -27.0977057],
                        [-48.6211399, -27.0976994],
                        [-48.6212247, -27.0976977],
                        [-48.6213093, -27.0976967],
                        [-48.6215304, -27.0977034],
                        [-48.6218637, -27.0976972],
                        [-48.62203, -27.097691],
                        [-48.6221502, -27.0976828],
                        [-48.6222851, -27.0976686],
                        [-48.6231825, -27.0975736]
                    ],
                    [
                        [-48.6231258, -27.097151],
                        [-48.6219826, -27.0972928],
                        [-48.6218874, -27.0972952],
                        [-48.62185250000001, -27.0972701],
                        [-48.6218195, -27.0971752],
                        [-48.6217763, -27.0971145],
                        [-48.6217228, -27.0970871],
                        [-48.6216329, -27.0970745]
                    ],
                    [
                        [-48.622088, -27.0955755],
                        [-48.6220019, -27.0955646],
                        [-48.6219469, -27.0955569],
                        [-48.6217983, -27.0955253],
                        [-48.6216704, -27.0954971],
                        [-48.6215377, -27.0954651],
                        [-48.6214062, -27.0954275],
                        [-48.6210336, -27.0953253]
                    ],
                    [
                        [-48.6219585, -27.0961712],
                        [-48.6219594, -27.0960013],
                        [-48.6219634, -27.0959579],
                        [-48.6219779, -27.0958971],
                        [-48.622088, -27.0955755]
                    ],
                    [
                        [-48.6219585, -27.0961712],
                        [-48.6216192, -27.096204],
                        [-48.6212926, -27.096238],
                        [-48.620956, -27.0962798],
                        [-48.6207354, -27.0963138],
                        [-48.6204833, -27.0963562],
                        [-48.6201989, -27.0963974],
                        [-48.6199844, -27.0964177],
                        [-48.6196411, -27.0964654],
                        [-48.6194164, -27.0964822],
                        [-48.6191563, -27.0965102],
                        [-48.6188196, -27.0965448]
                    ],
                    [
                        [-48.6216329, -27.0970745],
                        [-48.6216183, -27.0969448],
                        [-48.6215897, -27.0969239],
                        [-48.6214417, -27.0969166]
                    ],
                    [
                        [-48.6216329, -27.0970745],
                        [-48.6205138, -27.097191],
                        [-48.6188944, -27.0973595]
                    ],
                    [
                        [-48.6208428, -27.0910144],
                        [-48.6216059, -27.0909263]
                    ],
                    [
                        [-48.6207053, -27.0985887],
                        [-48.6208658, -27.0983477],
                        [-48.6208846, -27.0983345],
                        [-48.6209111, -27.0983251],
                        [-48.621183, -27.0982732],
                        [-48.6213554, -27.0982262]
                    ],
                    [
                        [-48.6213604, -27.094043],
                        [-48.6211056, -27.0950344],
                        [-48.621066, -27.0950417],
                        [-48.6207565, -27.0949845]
                    ],
                    [
                        [-48.6210983, -27.0936989],
                        [-48.6207565, -27.0949845]
                    ],
                    [
                        [-48.6211353, -27.0918554],
                        [-48.6199441, -27.0919939]
                    ],
                    [
                        [-48.6210336, -27.0953253],
                        [-48.6206923, -27.0952258]
                    ],
                    [
                        [-48.6210336, -27.0953253],
                        [-48.6209289, -27.0953982],
                        [-48.6208856, -27.0954201],
                        [-48.620855, -27.0954317],
                        [-48.6208163, -27.0954429],
                        [-48.6207629, -27.0954537],
                        [-48.6201214, -27.0955669]
                    ],
                    [
                        [-48.6207053, -27.0985887],
                        [-48.6206104, -27.0985823],
                        [-48.6205061, -27.0985785],
                        [-48.6203446, -27.0985762],
                        [-48.6202812, -27.0985721],
                        [-48.6202153, -27.0985655],
                        [-48.6201603, -27.0985547],
                        [-48.6201005, -27.0985351],
                        [-48.6200394, -27.0985145],
                        [-48.6199883, -27.098495199999988]
                    ],
                    [
                        [-48.6208673, -27.0905951],
                        [-48.6207524, -27.0906076]
                    ],
                    [
                        [-48.6208428, -27.0910144],
                        [-48.6207524, -27.0906076]
                    ],
                    [
                        [-48.6205064, -27.0910539],
                        [-48.6208428, -27.0910144]
                    ],
                    [
                        [-48.6207565, -27.0949845],
                        [-48.6207431, -27.0950347],
                        [-48.6206923, -27.0952258]
                    ],
                    [
                        [-48.6206923, -27.0952258],
                        [-48.6204365, -27.0951581],
                        [-48.6202113, -27.0950915],
                        [-48.6200699, -27.0950565],
                        [-48.6199196, -27.0950185],
                        [-48.619799, -27.094993],
                        [-48.6195365, -27.0949456],
                        [-48.6193513, -27.0949185],
                        [-48.6191828, -27.0948966],
                        [-48.6190004, -27.0948815],
                        [-48.6188612, -27.094873],
                        [-48.6187076, -27.0948667],
                        [-48.6186383, -27.0948681],
                        [-48.6185617, -27.0948719],
                        [-48.6185215, -27.0948764]
                    ],
                    [
                        [-48.6207524, -27.0906076],
                        [-48.6201589, -27.0906723],
                        [-48.6198709, -27.0907037]
                    ],
                    [
                        [-48.6205064, -27.0910539],
                        [-48.6205222, -27.0911465],
                        [-48.6205329, -27.0912921],
                        [-48.6205436, -27.09147]
                    ],
                    [
                        [-48.620207, -27.0959806],
                        [-48.6204044, -27.0959467]
                    ],
                    [
                        [-48.6199314, -27.0911215],
                        [-48.6205064, -27.0910539]
                    ],
                    [
                        [-48.6188981, -27.0977306],
                        [-48.6190885, -27.0977155],
                        [-48.6193286, -27.0976999],
                        [-48.6196196, -27.0976784],
                        [-48.6203545, -27.0976032]
                    ],
                    [
                        [-48.6202951, -27.0954681],
                        [-48.620083, -27.0955065]
                    ],
                    [
                        [-48.620207, -27.0959806],
                        [-48.6201542, -27.0957255]
                    ],
                    [
                        [-48.6194275, -27.0958597],
                        [-48.6194687, -27.0960865],
                        [-48.6195057, -27.0961013],
                        [-48.620207, -27.0959806]
                    ],
                    [
                        [-48.6201214, -27.0955669],
                        [-48.6201542, -27.0957255]
                    ],
                    [
                        [-48.6201542, -27.0957255],
                        [-48.6194275, -27.0958597]
                    ],
                    [
                        [-48.6201214, -27.0955669],
                        [-48.6201034, -27.0955393],
                        [-48.620083, -27.0955065]
                    ],
                    [
                        [-48.620083, -27.0955065],
                        [-48.6193859, -27.0956328]
                    ],
                    [
                        [-48.6199883, -27.098495199999988],
                        [-48.6196974, -27.0983787],
                        [-48.6196464, -27.0983644],
                        [-48.6196094, -27.0983595],
                        [-48.6195556, -27.0983559],
                        [-48.6194997, -27.0983573],
                        [-48.6192144, -27.0983865],
                        [-48.6189275, -27.098415]
                    ],
                    [
                        [-48.6198981, -27.098008],
                        [-48.6199883, -27.098495199999988]
                    ],
                    [
                        [-48.6200143, -27.092333],
                        [-48.6199441, -27.0919939]
                    ],
                    [
                        [-48.6199441, -27.0919939],
                        [-48.6199154, -27.0918964],
                        [-48.6198999, -27.0918286],
                        [-48.6198869, -27.0917628],
                        [-48.6198853, -27.0917101],
                        [-48.6198858, -27.0916806]
                    ],
                    [
                        [-48.6199314, -27.0911215],
                        [-48.6198709, -27.0907037]
                    ],
                    [
                        [-48.6198858, -27.0916806],
                        [-48.6199065, -27.0915765],
                        [-48.6199197, -27.0914369],
                        [-48.6199286, -27.0912925],
                        [-48.6199333, -27.0911809],
                        [-48.6199314, -27.0911215]
                    ],
                    [
                        [-48.6184203, -27.0912991],
                        [-48.6199314, -27.0911215]
                    ],
                    [
                        [-48.6184836, -27.0918293],
                        [-48.6188864, -27.091786599999988],
                        [-48.6195528, -27.0917159],
                        [-48.6198858, -27.0916806]
                    ],
                    [
                        [-48.6198709, -27.0907037],
                        [-48.6187511, -27.0908258],
                        [-48.6184204, -27.0908618],
                        [-48.6183408, -27.0908705]
                    ],
                    [
                        [-48.6194275, -27.0958597],
                        [-48.6186985, -27.0960047]
                    ],
                    [
                        [-48.6186693, -27.0892122],
                        [-48.6187117, -27.089211],
                        [-48.6189611, -27.0891967],
                        [-48.619302, -27.0891416]
                    ],
                    [
                        [-48.6192623, -27.0883996],
                        [-48.6193397, -27.0884233],
                        [-48.619401, -27.088497],
                        [-48.619405, -27.0885699],
                        [-48.6193688, -27.088621199999988],
                        [-48.6193239, -27.0886451],
                        [-48.618499, -27.0887685],
                        [-48.6184419, -27.0887801],
                        [-48.6183913, -27.0888005],
                        [-48.6183642, -27.0888385],
                        [-48.6183489, -27.088899]
                    ],
                    [
                        [-48.6189061, -27.097936],
                        [-48.6189171, -27.098202],
                        [-48.6189275, -27.098415]
                    ],
                    [
                        [-48.6189275, -27.098415],
                        [-48.6188988, -27.0987452],
                        [-48.6188784, -27.0989568],
                        [-48.61887, -27.0990354]
                    ],
                    [
                        [-48.6188981, -27.0977306],
                        [-48.6189061, -27.097936]
                    ],
                    [
                        [-48.6188944, -27.0973595],
                        [-48.6188981, -27.0977306]
                    ],
                    [
                        [-48.6188622, -27.0969414],
                        [-48.6188944, -27.0973595]
                    ],
                    [
                        [-48.6188196, -27.0965448],
                        [-48.6188377, -27.0966704],
                        [-48.6188472, -27.0967696],
                        [-48.6188622, -27.0969414]
                    ],
                    [
                        [-48.6186985, -27.0960047],
                        [-48.6187265, -27.0961431],
                        [-48.6187696, -27.0963293],
                        [-48.6188196, -27.0965448]
                    ],
                    [
                        [-48.6189151, -27.0903829],
                        [-48.6178967, -27.0905315],
                        [-48.6177649, -27.0905507]
                    ],
                    [
                        [-48.6174162, -27.0920133],
                        [-48.6175251, -27.0922066],
                        [-48.6176121, -27.0923813],
                        [-48.6177077, -27.0925989],
                        [-48.6177949, -27.0928453],
                        [-48.6179437, -27.0932795],
                        [-48.6181694, -27.0939285],
                        [-48.6182608, -27.0942079],
                        [-48.6183617, -27.0945277],
                        [-48.6184341, -27.0948919],
                        [-48.6184502, -27.0950256],
                        [-48.6184676, -27.0951223],
                        [-48.61866, -27.0958166],
                        [-48.6186831, -27.0959302],
                        [-48.6186985, -27.0960047]
                    ],
                    [
                        [-48.6186218, -27.0926509],
                        [-48.6185354, -27.0921374],
                        [-48.6184836, -27.0918293]
                    ],
                    [
                        [-48.6183489, -27.088899],
                        [-48.6184834, -27.0889207],
                        [-48.61853940000001, -27.0889337],
                        [-48.6185759, -27.08895],
                        [-48.6185985, -27.088983399999989],
                        [-48.6186102, -27.0890171],
                        [-48.6186693, -27.0892122]
                    ],
                    [
                        [-48.6186693, -27.0892122],
                        [-48.6187596, -27.0896948],
                        [-48.6187607, -27.0897247],
                        [-48.6187548, -27.0897494],
                        [-48.6187414, -27.089770699999988],
                        [-48.6187244, -27.0897871],
                        [-48.6186997, -27.0897968],
                        [-48.618665, -27.0898053],
                        [-48.61732580000001, -27.0899938]
                    ],
                    [
                        [-48.6184836, -27.0918293],
                        [-48.6184302, -27.0913819],
                        [-48.6184203, -27.0912991]
                    ],
                    [
                        [-48.6174162, -27.0920133],
                        [-48.6175445, -27.0919579],
                        [-48.6176044, -27.0919346],
                        [-48.6176467, -27.0919231],
                        [-48.6176853, -27.0919154],
                        [-48.6177364, -27.0919096],
                        [-48.6182997, -27.0918491],
                        [-48.6184836, -27.0918293]
                    ],
                    [
                        [-48.6184203, -27.0912991],
                        [-48.6183686, -27.0910205],
                        [-48.6183408, -27.0908705]
                    ],
                    [
                        [-48.61700110000001, -27.0914658],
                        [-48.6184203, -27.0912991]
                    ],
                    [
                        [-48.6172567, -27.0895484],
                        [-48.6183731, -27.0894012]
                    ],
                    [
                        [-48.6183408, -27.0908705],
                        [-48.6182895, -27.0908753],
                        [-48.6182564, -27.0908738],
                        [-48.6182109, -27.0908652],
                        [-48.6181661, -27.0908501],
                        [-48.618109, -27.0908255],
                        [-48.618061, -27.0907979],
                        [-48.6179261, -27.0906957],
                        [-48.6177649, -27.0905507]
                    ],
                    [
                        [-48.6170748, -27.0890011],
                        [-48.6179674, -27.088898199999988],
                        [-48.6180546, -27.0888922],
                        [-48.6181425, -27.0888929],
                        [-48.6183489, -27.088899]
                    ],
                    [
                        [-48.6182801, -27.0892407],
                        [-48.6172223, -27.0893755]
                    ],
                    [
                        [-48.6178901, -27.0884148],
                        [-48.6167154, -27.0886716]
                    ],
                    [
                        [-48.6177649, -27.0905507],
                        [-48.6174596, -27.0902753],
                        [-48.6174107, -27.0902072],
                        [-48.6173847, -27.0901716],
                        [-48.6173614, -27.0901333],
                        [-48.6173434, -27.090085],
                        [-48.6173352, -27.0900552],
                        [-48.61732580000001, -27.0899938]
                    ],
                    [
                        [-48.6176984, -27.0880167],
                        [-48.616565, -27.0882653]
                    ],
                    [
                        [-48.61700110000001, -27.0914658],
                        [-48.6170494, -27.0915142],
                        [-48.6170822, -27.0915453],
                        [-48.6171178, -27.091579899999989],
                        [-48.617162, -27.09163],
                        [-48.617214, -27.0916954],
                        [-48.617273, -27.0917739],
                        [-48.6173263, -27.0918545],
                        [-48.6174162, -27.0920133]
                    ],
                    [
                        [-48.61732580000001, -27.0899938],
                        [-48.6172757, -27.0896794]
                    ],
                    [
                        [-48.6172757, -27.0896794],
                        [-48.6172567, -27.0895484]
                    ],
                    [
                        [-48.6172757, -27.0896794],
                        [-48.6154943, -27.0899052],
                        [-48.6153255, -27.089955],
                        [-48.61543, -27.0900242],
                        [-48.6157545, -27.0902486],
                        [-48.615831, -27.0903035],
                        [-48.6159101, -27.090362],
                        [-48.6159812, -27.0904217],
                        [-48.6160536, -27.0904814],
                        [-48.6161408, -27.0905626],
                        [-48.6163232, -27.0907525],
                        [-48.6169106, -27.0913763],
                        [-48.61700110000001, -27.0914658]
                    ],
                    [
                        [-48.6172567, -27.0895484],
                        [-48.6172223, -27.0893755]
                    ],
                    [
                        [-48.6172223, -27.0893755],
                        [-48.617182, -27.0891588],
                        [-48.6171741, -27.0891196],
                        [-48.6171572, -27.089082],
                        [-48.6171262, -27.0890522],
                        [-48.6170748, -27.0890011]
                    ],
                    [
                        [-48.6172223, -27.0893755],
                        [-48.6152369, -27.0895943]
                    ],
                    [
                        [-48.6170748, -27.0890011],
                        [-48.6169142, -27.0889058],
                        [-48.6168549, -27.0888591],
                        [-48.6168026, -27.0888041],
                        [-48.6167529, -27.0887315],
                        [-48.6167154, -27.0886716]
                    ],
                    [
                        [-48.615249, -27.0891974],
                        [-48.6170748, -27.0890011]
                    ],
                    [
                        [-48.6167154, -27.0886716],
                        [-48.6166812, -27.0885883]
                    ],
                    [
                        [-48.6166812, -27.0885883],
                        [-48.6166265, -27.0884414],
                        [-48.616565, -27.0882653]
                    ],
                    [
                        [-48.6166812, -27.0885883],
                        [-48.6152762, -27.0887545]
                    ],
                    [
                        [-48.616565, -27.0882653],
                        [-48.6164767, -27.0879782],
                        [-48.6161966, -27.0880512],
                        [-48.6157639, -27.088163899999987],
                        [-48.6155789, -27.0882069],
                        [-48.6154528, -27.088232],
                        [-48.6153713, -27.0882484],
                        [-48.6152912, -27.0882553]
                    ],
                    [
                        [-48.6152912, -27.0882553],
                        [-48.6152054, -27.0882523],
                        [-48.6151705, -27.0882475],
                        [-48.6151034, -27.0882403],
                        [-48.6150699, -27.088235],
                        [-48.6147199, -27.0881824],
                        [-48.6145811, -27.0881669],
                        [-48.6144383, -27.0881502],
                        [-48.6142458, -27.0881323],
                        [-48.6140671, -27.0881194],
                        [-48.6139461, -27.0881114],
                        [-48.6138401, -27.0881018],
                        [-48.6137536, -27.0880994],
                        [-48.6135914, -27.0881018],
                        [-48.613476, -27.0881089],
                        [-48.613232, -27.0881233],
                        [-48.6131112, -27.0881406],
                        [-48.6129583, -27.0881651],
                        [-48.6128497, -27.0881854],
                        [-48.6127672, -27.0882021],
                        [-48.6126673, -27.0882296],
                        [-48.6125761, -27.0882618]
                    ],
                    [
                        [-48.6152762, -27.0887545],
                        [-48.6152912, -27.0882553]
                    ],
                    [
                        [-48.615249, -27.0891974],
                        [-48.6152762, -27.0887545]
                    ],
                    [
                        [-48.6152369, -27.0895943],
                        [-48.6152439, -27.0893769],
                        [-48.6152469, -27.0892833],
                        [-48.615249, -27.0891974]
                    ],
                    [
                        [-48.6152181, -27.0897066],
                        [-48.6152248, -27.0896668],
                        [-48.6152369, -27.0895943]
                    ]
                ]
            }
        },
        {
            "type": "Feature",
            "properties": {
                "SETOR": "M02",
                "TURNO": "MANHÃ",
                "FREQUENCIA": "SEG - QUI - SEX",
                "HORARIO": "06:00 ÀS 14:20",
                "OPERACAO": "DOMICILIAR",
                "FILIAL": "ITAPEMA"
            },
            "geometry": {
                "type": "MultiLineString",
                "coordinates": [
                    [
                        [-48.6359233, -27.0862252],
                        [-48.6359564, -27.0859526],
                        [-48.6360499, -27.0850861]
                    ],
                    [
                        [-48.6359233, -27.0862252],
                        [-48.6355866, -27.086131],
                        [-48.6355449, -27.0861136],
                        [-48.6355163, -27.0860905],
                        [-48.6354999, -27.0860638],
                        [-48.6354976, -27.0860323],
                        [-48.6355052, -27.0859861],
                        [-48.6355504, -27.0857861],
                        [-48.6355538, -27.0857534],
                        [-48.6355427, -27.0857286],
                        [-48.6355199, -27.0857107],
                        [-48.6354898, -27.0857065],
                        [-48.6351165, -27.0857608]
                    ],
                    [
                        [-48.6358215, -27.0869564],
                        [-48.6358529, -27.0868773],
                        [-48.6358666, -27.0868285],
                        [-48.6358769, -27.0867628],
                        [-48.635893, -27.0866369],
                        [-48.6359209, -27.0864192],
                        [-48.6359258, -27.0863287],
                        [-48.6359233, -27.0862252]
                    ],
                    [
                        [-48.6358534, -27.0875745],
                        [-48.6358243, -27.0872639],
                        [-48.6358152, -27.0870583],
                        [-48.6358215, -27.0869564]
                    ],
                    [
                        [-48.6348993, -27.0872266],
                        [-48.635132, -27.0871995],
                        [-48.635218, -27.0871863],
                        [-48.6352766, -27.0871711],
                        [-48.6353817, -27.0871354],
                        [-48.6358215, -27.0869564]
                    ],
                    [
                        [-48.6350375, -27.0839786],
                        [-48.6349222, -27.0839087],
                        [-48.6339179, -27.0840249],
                        [-48.6338049, -27.084038]
                    ],
                    [
                        [-48.6345714, -27.085196],
                        [-48.6348993, -27.0872266]
                    ],
                    [
                        [-48.6343477, -27.0873118],
                        [-48.6344597, -27.0872902],
                        [-48.6346098, -27.0872659],
                        [-48.6348993, -27.0872266]
                    ],
                    [
                        [-48.633966, -27.0849005],
                        [-48.6343477, -27.0873118]
                    ],
                    [
                        [-48.6342768, -27.0873443],
                        [-48.6343477, -27.0873118]
                    ],
                    [
                        [-48.6342768, -27.0873443],
                        [-48.6341822, -27.0873182],
                        [-48.6341106, -27.0872987],
                        [-48.6339494, -27.0872504],
                        [-48.6338406, -27.0872104],
                        [-48.6337277, -27.0871689]
                    ],
                    [
                        [-48.63329, -27.0884679],
                        [-48.6333367, -27.0884401],
                        [-48.6333853, -27.0884032],
                        [-48.6334228, -27.0883705],
                        [-48.6334696, -27.0883226],
                        [-48.6335221, -27.0882618],
                        [-48.6336917, -27.0880428],
                        [-48.6340288, -27.0876218],
                        [-48.6341498, -27.087466],
                        [-48.6342026, -27.0874154],
                        [-48.6342768, -27.0873443]
                    ],
                    [
                        [-48.6338936, -27.0844576],
                        [-48.6339145, -27.0845856],
                        [-48.6339495, -27.0847995],
                        [-48.633966, -27.0849005]
                    ],
                    [
                        [-48.6338936, -27.0844576],
                        [-48.6339961, -27.0844439],
                        [-48.6351407, -27.0842917],
                        [-48.6352471, -27.0842776],
                        [-48.6353286, -27.0847161],
                        [-48.6352284, -27.0847296],
                        [-48.6340901, -27.0848837],
                        [-48.633966, -27.0849005]
                    ],
                    [
                        [-48.633966, -27.0849005],
                        [-48.6338089, -27.0849219],
                        [-48.6318839, -27.0851834],
                        [-48.6317474, -27.085202]
                    ],
                    [
                        [-48.6338049, -27.084038],
                        [-48.6338228, -27.0841226],
                        [-48.6338936, -27.0844576]
                    ],
                    [
                        [-48.6316495, -27.0847561],
                        [-48.6317744, -27.0847395],
                        [-48.6337455, -27.0844773],
                        [-48.6338936, -27.0844576]
                    ],
                    [
                        [-48.6338049, -27.084038],
                        [-48.6336681, -27.0840538],
                        [-48.6326796, -27.0841682]
                    ],
                    [
                        [-48.6337277, -27.0871689],
                        [-48.6336032, -27.0871211],
                        [-48.6334062, -27.0870397],
                        [-48.6329595, -27.0868432]
                    ],
                    [
                        [-48.6334379, -27.0853308],
                        [-48.6337277, -27.0871689]
                    ],
                    [
                        [-48.6297764, -27.0901389],
                        [-48.629985, -27.0900994],
                        [-48.6300762, -27.0900815],
                        [-48.6302084, -27.090047399999985],
                        [-48.6303285, -27.090010299999989],
                        [-48.6304463, -27.089974],
                        [-48.6306891, -27.089882],
                        [-48.6309358, -27.0897853],
                        [-48.6310539, -27.0897352],
                        [-48.631137, -27.0896839],
                        [-48.6311907, -27.0896456],
                        [-48.6312564, -27.0896027],
                        [-48.6313342, -27.0895394],
                        [-48.6315152, -27.0893794],
                        [-48.6316802, -27.0892146],
                        [-48.6317848, -27.0891096],
                        [-48.6318183, -27.0890806],
                        [-48.6318579, -27.0890493],
                        [-48.6319206, -27.0890099],
                        [-48.6319806, -27.0889788],
                        [-48.632079, -27.0889252],
                        [-48.6322142, -27.0888898],
                        [-48.6322618, -27.0888768],
                        [-48.6323244, -27.0888559],
                        [-48.6323895, -27.0888285],
                        [-48.6324669, -27.0887898],
                        [-48.6325736, -27.0887323],
                        [-48.6326263, -27.0887079],
                        [-48.6326882, -27.0886821],
                        [-48.6327655, -27.0886535],
                        [-48.6330941, -27.0885487],
                        [-48.6331884, -27.088514],
                        [-48.6332526, -27.0884863]
                    ],
                    [
                        [-48.6329595, -27.0868432],
                        [-48.6324893, -27.0866382]
                    ],
                    [
                        [-48.6329595, -27.0868432],
                        [-48.6330809, -27.0866327],
                        [-48.6331033, -27.0865474],
                        [-48.6329069, -27.0854295]
                    ],
                    [
                        [-48.6325929, -27.0838949],
                        [-48.632812, -27.0838704]
                    ],
                    [
                        [-48.6326796, -27.0841682],
                        [-48.6326309, -27.0840201],
                        [-48.6325929, -27.0838949]
                    ],
                    [
                        [-48.6326796, -27.0841682],
                        [-48.6316388, -27.0842886],
                        [-48.6315505, -27.0842988]
                    ],
                    [
                        [-48.6240741, -27.0857013],
                        [-48.6241478, -27.0853493],
                        [-48.6241844, -27.0853144],
                        [-48.6245844, -27.085284],
                        [-48.626989, -27.0850201],
                        [-48.6281504, -27.0848529],
                        [-48.6282966, -27.0848266],
                        [-48.628538, -27.0847789],
                        [-48.6287096, -27.0847478],
                        [-48.6289014, -27.0847144],
                        [-48.6308782, -27.0844465],
                        [-48.6309869, -27.0840794],
                        [-48.6325929, -27.0838949]
                    ],
                    [
                        [-48.6324893, -27.0866382],
                        [-48.6319799, -27.0864553]
                    ],
                    [
                        [-48.6324893, -27.0866382],
                        [-48.632526, -27.0864967],
                        [-48.6325341, -27.0864569],
                        [-48.6325382, -27.086420699999987],
                        [-48.6325382, -27.08637],
                        [-48.63253, -27.0863012],
                        [-48.63238170000001, -27.085445]
                    ],
                    [
                        [-48.6319799, -27.0864553],
                        [-48.6315501, -27.0862744],
                        [-48.6314897, -27.0862493],
                        [-48.6314307, -27.0862284],
                        [-48.6313509, -27.0862022]
                    ],
                    [
                        [-48.6317474, -27.085202],
                        [-48.6318679, -27.0857854],
                        [-48.6319799, -27.0864553]
                    ],
                    [
                        [-48.6316495, -27.0847561],
                        [-48.6317223, -27.0850874],
                        [-48.6317474, -27.085202]
                    ],
                    [
                        [-48.6315505, -27.0842988],
                        [-48.6315769, -27.0844207],
                        [-48.6316248, -27.0846419],
                        [-48.6316495, -27.0847561]
                    ],
                    [
                        [-48.6311779, -27.0848188],
                        [-48.6315505, -27.0847692],
                        [-48.6316495, -27.0847561]
                    ],
                    [
                        [-48.6315505, -27.0842988],
                        [-48.6313884, -27.0843176],
                        [-48.6310277, -27.0843593]
                    ],
                    [
                        [-48.6313509, -27.0862022],
                        [-48.6312544, -27.0861753],
                        [-48.6310022, -27.0861156],
                        [-48.6309017, -27.0860857],
                        [-48.6307722, -27.0860434],
                        [-48.6306589, -27.0859807],
                        [-48.6305188, -27.0859001],
                        [-48.6303015, -27.0857884],
                        [-48.6302023, -27.0857484],
                        [-48.630102, -27.0856989],
                        [-48.6300326, -27.0856747],
                        [-48.6299746, -27.085652],
                        [-48.6298978, -27.0856374],
                        [-48.6298143, -27.0856317],
                        [-48.6297218, -27.0856281],
                        [-48.6296383, -27.0856332],
                        [-48.6295505, -27.0856452],
                        [-48.6294848, -27.0856595],
                        [-48.6293976, -27.0856881],
                        [-48.6293191, -27.0857162],
                        [-48.6292239, -27.0857562],
                        [-48.6290791, -27.0858171]
                    ],
                    [
                        [-48.6312126, -27.0855979],
                        [-48.6313509, -27.0862022]
                    ],
                    [
                        [-48.6303753, -27.085032],
                        [-48.629922, -27.0850595],
                        [-48.6296873, -27.0850869],
                        [-48.629521, -27.0851108],
                        [-48.6293272, -27.0851508]
                    ],
                    [
                        [-48.6293509, -27.0900817],
                        [-48.6288645, -27.0888378],
                        [-48.6287968, -27.0886643],
                        [-48.6287604, -27.0885615],
                        [-48.6287308, -27.088463499999989],
                        [-48.628698, -27.0883205],
                        [-48.6286437, -27.088002],
                        [-48.6284068, -27.0866821],
                        [-48.6283584, -27.0864597],
                        [-48.6283176, -27.0863133],
                        [-48.6282865, -27.0862016]
                    ],
                    [
                        [-48.6293272, -27.0851508],
                        [-48.6293034, -27.0852066],
                        [-48.6292881, -27.0852415]
                    ],
                    [
                        [-48.6293272, -27.0851508],
                        [-48.6289752, -27.085149]
                    ],
                    [
                        [-48.6292881, -27.0852415],
                        [-48.6291666, -27.085531],
                        [-48.6291189, -27.0856564],
                        [-48.6290791, -27.0858171]
                    ],
                    [
                        [-48.6292881, -27.0852415],
                        [-48.6284019, -27.0852808]
                    ],
                    [
                        [-48.6290791, -27.0858171],
                        [-48.628664, -27.0860117],
                        [-48.6285024, -27.086084],
                        [-48.6283931, -27.0861437],
                        [-48.6282865, -27.0862016]
                    ],
                    [
                        [-48.6282865, -27.0862016],
                        [-48.6280511, -27.086313799999989],
                        [-48.6279056, -27.0863801],
                        [-48.6277628, -27.0864392]
                    ],
                    [
                        [-48.6277628, -27.0864392],
                        [-48.6277433, -27.086201],
                        [-48.6276314, -27.0855311],
                        [-48.6275965, -27.0855037],
                        [-48.6275308, -27.0854953],
                        [-48.6270452, -27.0856017],
                        [-48.626482, -27.085664],
                        [-48.6257461, -27.0857432]
                    ],
                    [
                        [-48.6277628, -27.0864392],
                        [-48.6276548, -27.0864822],
                        [-48.6275569, -27.0865162],
                        [-48.6274684, -27.0865448],
                        [-48.627388, -27.0865663],
                        [-48.6273229, -27.0865777],
                        [-48.6272431, -27.0865884],
                        [-48.6271177, -27.0865872],
                        [-48.6268783, -27.0865962],
                        [-48.6265605, -27.0865932],
                        [-48.6263245, -27.0865968],
                        [-48.62614270000001, -27.0865914],
                        [-48.6260301, -27.0865848],
                        [-48.6258772, -27.0865508],
                        [-48.6257659, -27.0865162],
                        [-48.6256395, -27.0864657],
                        [-48.6254118, -27.0863562],
                        [-48.625029, -27.0861759],
                        [-48.6247876, -27.086041],
                        [-48.6246528, -27.0859634],
                        [-48.6245006, -27.0858762],
                        [-48.6244234, -27.0858326],
                        [-48.62432290000001, -27.0857872],
                        [-48.6242726, -27.0857598],
                        [-48.6242022, -27.0857341],
                        [-48.6241378, -27.0857156],
                        [-48.6240741, -27.0857013]
                    ],
                    [
                        [-48.627479, -27.0835729],
                        [-48.6250895, -27.0838697],
                        [-48.6237166, -27.0840272]
                    ],
                    [
                        [-48.6266875, -27.082658399999989],
                        [-48.6264607, -27.0827832],
                        [-48.6263129, -27.0828331],
                        [-48.6261354, -27.08285],
                        [-48.623498, -27.0831435],
                        [-48.6234894, -27.0831518],
                        [-48.6234633, -27.0831777],
                        [-48.6234285, -27.083208],
                        [-48.6233913, -27.0832334],
                        [-48.6233551, -27.0832543],
                        [-48.6233078, -27.0832746],
                        [-48.6232531, -27.0832945],
                        [-48.6230591, -27.0833575],
                        [-48.6229572, -27.083392]
                    ],
                    [
                        [-48.624452, -27.0817046],
                        [-48.6258242, -27.0815458]
                    ],
                    [
                        [-48.6243733, -27.0812624],
                        [-48.6252001, -27.0811473]
                    ],
                    [
                        [-48.6243733, -27.0812624],
                        [-48.624452, -27.0817046]
                    ],
                    [
                        [-48.624452, -27.0817046],
                        [-48.6245028, -27.0821117],
                        [-48.6229367, -27.0822791]
                    ],
                    [
                        [-48.6228731, -27.081869],
                        [-48.6231682, -27.0818409],
                        [-48.623547, -27.0817908],
                        [-48.6236691, -27.0817818],
                        [-48.6238313, -27.0817675],
                        [-48.6241049, -27.0817388],
                        [-48.6243302, -27.0817239],
                        [-48.624452, -27.0817046]
                    ],
                    [
                        [-48.6243733, -27.0812624],
                        [-48.6242321, -27.0807217],
                        [-48.6226609, -27.0809129]
                    ],
                    [
                        [-48.6240741, -27.0857013],
                        [-48.6239822, -27.0856834],
                        [-48.62371, -27.0856368]
                    ],
                    [
                        [-48.62371, -27.0856368],
                        [-48.6235765, -27.0856159],
                        [-48.6232446, -27.0855687],
                        [-48.6230844, -27.085552]
                    ],
                    [
                        [-48.623223, -27.0842633],
                        [-48.6234014, -27.0846433],
                        [-48.6234437, -27.0847484],
                        [-48.6234904, -27.0847831],
                        [-48.6237006, -27.0848219],
                        [-48.6237784, -27.0848601],
                        [-48.6238025, -27.0849102],
                        [-48.6237896, -27.0851548],
                        [-48.62371, -27.0856368]
                    ],
                    [
                        [-48.6237166, -27.0840272],
                        [-48.623727, -27.0841115],
                        [-48.6237395, -27.0842123],
                        [-48.623223, -27.0842633]
                    ],
                    [
                        [-48.6231877, -27.0840866],
                        [-48.6237166, -27.0840272]
                    ],
                    [
                        [-48.6234639, -27.0827035],
                        [-48.6230268, -27.0827474],
                        [-48.622927, -27.0827575]
                    ],
                    [
                        [-48.623223, -27.0842633],
                        [-48.6232033, -27.0841648],
                        [-48.6231877, -27.0840866]
                    ],
                    [
                        [-48.623223, -27.0842633],
                        [-48.6229598, -27.0842893],
                        [-48.6227788, -27.0843072],
                        [-48.6226891, -27.0843161]
                    ],
                    [
                        [-48.6227855, -27.0841318],
                        [-48.622937, -27.0841148],
                        [-48.6231877, -27.0840866]
                    ],
                    [
                        [-48.6230844, -27.085552],
                        [-48.6231464, -27.0850233]
                    ],
                    [
                        [-48.6230844, -27.085552],
                        [-48.6229908, -27.0855377],
                        [-48.6229301, -27.0855207],
                        [-48.6228533, -27.0854908],
                        [-48.622562, -27.0853568],
                        [-48.6224507, -27.085312],
                        [-48.6223635, -27.0852935],
                        [-48.6222488, -27.085278],
                        [-48.6216816, -27.0852858]
                    ],
                    [
                        [-48.622927, -27.0827575],
                        [-48.6229166, -27.0829614],
                        [-48.6229136, -27.0830472],
                        [-48.6229183, -27.0831242],
                        [-48.6229572, -27.083392]
                    ],
                    [
                        [-48.6228337, -27.0834464],
                        [-48.6229572, -27.083392]
                    ],
                    [
                        [-48.6229957, -27.0814138],
                        [-48.6227993, -27.081427699999985]
                    ],
                    [
                        [-48.6229367, -27.0822791],
                        [-48.6229416, -27.0823629],
                        [-48.6229423, -27.0824297],
                        [-48.622927, -27.0827575]
                    ],
                    [
                        [-48.622927, -27.0827575],
                        [-48.62287, -27.0827632],
                        [-48.6213951, -27.0829114],
                        [-48.6201957, -27.0830399]
                    ],
                    [
                        [-48.6228731, -27.081869],
                        [-48.6229367, -27.0822791]
                    ],
                    [
                        [-48.6229367, -27.0822791],
                        [-48.6215097, -27.0824298],
                        [-48.6213349, -27.0824483]
                    ],
                    [
                        [-48.6227993, -27.081427699999985],
                        [-48.6228731, -27.081869]
                    ],
                    [
                        [-48.6212798, -27.0820355],
                        [-48.6228731, -27.081869]
                    ],
                    [
                        [-48.6228084, -27.0839125],
                        [-48.62276210000001, -27.0836181],
                        [-48.6227574, -27.0835361],
                        [-48.6227688, -27.0835043],
                        [-48.62278640000001, -27.0834803],
                        [-48.6228337, -27.0834464]
                    ],
                    [
                        [-48.6228337, -27.0834464],
                        [-48.6227149, -27.0834583],
                        [-48.6202723, -27.083702]
                    ],
                    [
                        [-48.6227855, -27.0841318],
                        [-48.6228062, -27.0840404],
                        [-48.6228084, -27.0839125]
                    ],
                    [
                        [-48.6228084, -27.0839125],
                        [-48.6203262, -27.0841682]
                    ],
                    [
                        [-48.6226891, -27.0843161],
                        [-48.6227702, -27.0841817],
                        [-48.6227855, -27.0841318]
                    ],
                    [
                        [-48.6226609, -27.0809129],
                        [-48.6227993, -27.081427699999985]
                    ],
                    [
                        [-48.6227993, -27.081427699999985],
                        [-48.6212178, -27.0815627]
                    ],
                    [
                        [-48.6225848, -27.0844481],
                        [-48.6226891, -27.0843161]
                    ],
                    [
                        [-48.6226609, -27.0809129],
                        [-48.6219813, -27.0809637]
                    ],
                    [
                        [-48.6220203, -27.0849941],
                        [-48.6222059, -27.0848386],
                        [-48.6223168, -27.0847377],
                        [-48.6224959, -27.0845548],
                        [-48.6225848, -27.0844481]
                    ],
                    [
                        [-48.6225848, -27.0844481],
                        [-48.6225112, -27.0844554],
                        [-48.6203836, -27.0846649]
                    ],
                    [
                        [-48.6217064, -27.0849903],
                        [-48.6218284, -27.0849687],
                        [-48.6219598, -27.0849723],
                        [-48.6220203, -27.0849941]
                    ],
                    [
                        [-48.6218806, -27.0851049],
                        [-48.6220203, -27.0849941]
                    ],
                    [
                        [-48.6218806, -27.0851049],
                        [-48.6218419, -27.0850464],
                        [-48.6217806, -27.0850061],
                        [-48.6217064, -27.0849903]
                    ],
                    [
                        [-48.6216816, -27.0852858],
                        [-48.6217506, -27.0852231],
                        [-48.6218806, -27.0851049]
                    ],
                    [
                        [-48.6217064, -27.0849903],
                        [-48.6204404, -27.0851562]
                    ],
                    [
                        [-48.6216816, -27.0852858],
                        [-48.6214609, -27.0852756],
                        [-48.6213302, -27.0852738],
                        [-48.6212343, -27.0852887],
                        [-48.6211424, -27.085312599999988],
                        [-48.6210351, -27.0853568],
                        [-48.6208541, -27.0854422],
                        [-48.6205456, -27.0855705]
                    ],
                    [
                        [-48.6212798, -27.0820355],
                        [-48.6213349, -27.0824483]
                    ],
                    [
                        [-48.6213349, -27.0824483],
                        [-48.6197579, -27.0826149]
                    ],
                    [
                        [-48.6212178, -27.0815627],
                        [-48.6212798, -27.0820355]
                    ],
                    [
                        [-48.6197053, -27.0822026],
                        [-48.6212798, -27.0820355]
                    ],
                    [
                        [-48.6211855, -27.0813459],
                        [-48.6212178, -27.0815627]
                    ],
                    [
                        [-48.6212178, -27.0815627],
                        [-48.6196457, -27.0817327]
                    ],
                    [
                        [-48.6205456, -27.0855705],
                        [-48.6204404, -27.0851562]
                    ],
                    [
                        [-48.6205456, -27.0855705],
                        [-48.6202976, -27.0856619]
                    ],
                    [
                        [-48.6204404, -27.0851562],
                        [-48.6203836, -27.0846649]
                    ],
                    [
                        [-48.6204404, -27.0851562],
                        [-48.619023, -27.0853065],
                        [-48.6189381, -27.0853155]
                    ],
                    [
                        [-48.6203836, -27.0846649],
                        [-48.6203262, -27.0841682]
                    ],
                    [
                        [-48.6203836, -27.0846649],
                        [-48.6188752, -27.0848135]
                    ],
                    [
                        [-48.618999, -27.0857963],
                        [-48.6201952, -27.0856286],
                        [-48.6202976, -27.0856619]
                    ],
                    [
                        [-48.6202976, -27.0856619],
                        [-48.61938330000001, -27.0860332],
                        [-48.6190798, -27.0861532]
                    ],
                    [
                        [-48.6203262, -27.0841682],
                        [-48.6202723, -27.083702]
                    ],
                    [
                        [-48.6203262, -27.0841682],
                        [-48.6188138, -27.084324]
                    ],
                    [
                        [-48.6202723, -27.083702],
                        [-48.6201957, -27.0830399]
                    ],
                    [
                        [-48.6202723, -27.083702],
                        [-48.6187548, -27.0838535]
                    ],
                    [
                        [-48.6201957, -27.0830399],
                        [-48.6195026, -27.0831203],
                        [-48.6192905, -27.083039],
                        [-48.6186616, -27.0831105]
                    ],
                    [
                        [-48.6197579, -27.0826149],
                        [-48.6197053, -27.0822026]
                    ],
                    [
                        [-48.6197579, -27.0826149],
                        [-48.6181725, -27.0827889]
                    ],
                    [
                        [-48.6197053, -27.0822026],
                        [-48.6196457, -27.0817327]
                    ],
                    [
                        [-48.6181173, -27.082369],
                        [-48.6197053, -27.0822026]
                    ],
                    [
                        [-48.6196457, -27.0817327],
                        [-48.6196108, -27.0814735]
                    ],
                    [
                        [-48.6196457, -27.0817327],
                        [-48.6180589, -27.081907799999989]
                    ],
                    [
                        [-48.6196108, -27.0814735],
                        [-48.6196425, -27.0814695],
                        [-48.6196662, -27.0814611],
                        [-48.619688, -27.0814491],
                        [-48.6197142, -27.081425],
                        [-48.6197344, -27.081402],
                        [-48.619747, -27.0813757],
                        [-48.6197498, -27.081348],
                        [-48.6196774, -27.0810105],
                        [-48.6195533, -27.0806116]
                    ],
                    [
                        [-48.6196108, -27.0814735],
                        [-48.6191352, -27.0815074]
                    ],
                    [
                        [-48.6186466, -27.0863204],
                        [-48.6187892, -27.0866086],
                        [-48.618917, -27.0868157],
                        [-48.6191136, -27.0867006]
                    ],
                    [
                        [-48.6190798, -27.0861532],
                        [-48.618999, -27.0857963]
                    ],
                    [
                        [-48.6190798, -27.0861532],
                        [-48.6189658, -27.0861938],
                        [-48.61875520000001, -27.0862774],
                        [-48.6186466, -27.0863204]
                    ],
                    [
                        [-48.6189547, -27.0807315],
                        [-48.6191352, -27.0815074]
                    ],
                    [
                        [-48.6191352, -27.0815074],
                        [-48.61866, -27.081555]
                    ],
                    [
                        [-48.6189381, -27.0853155],
                        [-48.618999, -27.0857963]
                    ],
                    [
                        [-48.618999, -27.0857963],
                        [-48.6172675, -27.0859911]
                    ],
                    [
                        [-48.6188752, -27.0848135],
                        [-48.6188856, -27.0848969],
                        [-48.6189381, -27.0853155]
                    ],
                    [
                        [-48.6189381, -27.0853155],
                        [-48.6188775, -27.0853227],
                        [-48.6185057, -27.0853672],
                        [-48.6174779, -27.0854905],
                        [-48.61717, -27.0855252],
                        [-48.6157934, -27.0856804],
                        [-48.6157228, -27.085689],
                        [-48.6151926, -27.0857532],
                        [-48.6148734, -27.0857854],
                        [-48.6144161, -27.0858475],
                        [-48.613411, -27.0859729],
                        [-48.6133161, -27.0859765],
                        [-48.6132484, -27.0859574],
                        [-48.613195, -27.0859323]
                    ],
                    [
                        [-48.6188549, -27.084652],
                        [-48.6188752, -27.0848135]
                    ],
                    [
                        [-48.6188138, -27.084324],
                        [-48.6188549, -27.084652]
                    ],
                    [
                        [-48.6188549, -27.084652],
                        [-48.6187515, -27.0846636],
                        [-48.6150538, -27.0850788]
                    ],
                    [
                        [-48.6187548, -27.0838535],
                        [-48.6188138, -27.084324]
                    ],
                    [
                        [-48.6187144, -27.0835312],
                        [-48.6187548, -27.0838535]
                    ],
                    [
                        [-48.6186616, -27.0831105],
                        [-48.6187144, -27.0835312]
                    ],
                    [
                        [-48.6187144, -27.0835312],
                        [-48.6150749, -27.083877699999988]
                    ],
                    [
                        [-48.6186466, -27.0863204],
                        [-48.6185628, -27.086362799999989],
                        [-48.6184435, -27.0864278],
                        [-48.6183782, -27.0864694],
                        [-48.61825850000001, -27.0865458],
                        [-48.618187, -27.0865981],
                        [-48.6181213, -27.0866504],
                        [-48.6180676, -27.086698],
                        [-48.6180294, -27.086738],
                        [-48.6179982, -27.0867804],
                        [-48.6179707, -27.0868332],
                        [-48.6179506, -27.0868869],
                        [-48.6179442, -27.0869526],
                        [-48.6179481, -27.0870137],
                        [-48.6179792, -27.0873385],
                        [-48.6179775, -27.0874007],
                        [-48.6179664, -27.0874575],
                        [-48.6179453, -27.0875151],
                        [-48.6179075, -27.0875682],
                        [-48.61786930000001, -27.0875986],
                        [-48.6178348, -27.0876187]
                    ],
                    [
                        [-48.6182192, -27.0831558],
                        [-48.6186616, -27.0831105]
                    ],
                    [
                        [-48.6184099, -27.0806713],
                        [-48.6185387, -27.0810594],
                        [-48.61866, -27.081555]
                    ],
                    [
                        [-48.61866, -27.081555],
                        [-48.6181328, -27.0816101]
                    ],
                    [
                        [-48.6182192, -27.0831558],
                        [-48.6181725, -27.0827889]
                    ],
                    [
                        [-48.6148986, -27.0835237],
                        [-48.6182192, -27.0831558]
                    ],
                    [
                        [-48.618096, -27.0882189],
                        [-48.6178348, -27.0876187]
                    ],
                    [
                        [-48.6181725, -27.0827889],
                        [-48.6181173, -27.082369]
                    ],
                    [
                        [-48.6181725, -27.0827889],
                        [-48.6166025, -27.082963]
                    ],
                    [
                        [-48.6181173, -27.082369],
                        [-48.6180589, -27.081907799999989]
                    ],
                    [
                        [-48.6165434, -27.082539499999989],
                        [-48.6181173, -27.082369]
                    ],
                    [
                        [-48.6179307, -27.0806642],
                        [-48.6181328, -27.0816101]
                    ],
                    [
                        [-48.6181328, -27.0816101],
                        [-48.6180211, -27.0816221]
                    ],
                    [
                        [-48.6180589, -27.081907799999989],
                        [-48.6180211, -27.0816221]
                    ],
                    [
                        [-48.6180589, -27.081907799999989],
                        [-48.6164766, -27.0820821]
                    ],
                    [
                        [-48.6180211, -27.0816221],
                        [-48.6176668, -27.0816614]
                    ],
                    [
                        [-48.6178348, -27.0876187],
                        [-48.6177568, -27.0876559],
                        [-48.6176448, -27.0876923]
                    ],
                    [
                        [-48.6176448, -27.0876923],
                        [-48.6174871, -27.0873939],
                        [-48.6174476, -27.0873051],
                        [-48.6174157, -27.0871973],
                        [-48.6173744, -27.0870408]
                    ],
                    [
                        [-48.6176448, -27.0876923],
                        [-48.6174816, -27.0877322],
                        [-48.6164767, -27.0879782]
                    ],
                    [
                        [-48.6176668, -27.0816614],
                        [-48.6176149, -27.0812787],
                        [-48.61760790000001, -27.081243],
                        [-48.6175594, -27.0811077]
                    ],
                    [
                        [-48.6176668, -27.0816614],
                        [-48.617189, -27.0817174]
                    ],
                    [
                        [-48.617189, -27.0817174],
                        [-48.617056, -27.0811079]
                    ],
                    [
                        [-48.617189, -27.0817174],
                        [-48.6164355, -27.0818056],
                        [-48.6164766, -27.0820821]
                    ],
                    [
                        [-48.6165434, -27.082539499999989],
                        [-48.6166025, -27.082963]
                    ],
                    [
                        [-48.6166025, -27.082963],
                        [-48.6150151, -27.0831349]
                    ],
                    [
                        [-48.6164766, -27.0820821],
                        [-48.6165434, -27.082539499999989]
                    ],
                    [
                        [-48.6149564, -27.0827104],
                        [-48.6165434, -27.082539499999989]
                    ],
                    [
                        [-48.6164766, -27.0820821],
                        [-48.6159936, -27.0821333]
                    ],
                    [
                        [-48.6150538, -27.0850788],
                        [-48.6152204, -27.0846021],
                        [-48.6152661, -27.0844118],
                        [-48.6152842, -27.0842443],
                        [-48.6152766, -27.0841749],
                        [-48.6152665, -27.0841199],
                        [-48.6152453, -27.0840632],
                        [-48.6152241, -27.0840285],
                        [-48.6151745, -27.083975],
                        [-48.6150749, -27.083877699999988]
                    ],
                    [
                        [-48.6149839, -27.0852746],
                        [-48.6150538, -27.0850788]
                    ],
                    [
                        [-48.6150538, -27.0850788],
                        [-48.6130938, -27.085306]
                    ],
                    [
                        [-48.6150749, -27.083877699999988],
                        [-48.6150506, -27.083849],
                        [-48.6150165, -27.0838076],
                        [-48.6149901, -27.0837691],
                        [-48.6149715, -27.0837333],
                        [-48.6149502, -27.0836811],
                        [-48.6148986, -27.0835237]
                    ],
                    [
                        [-48.6149564, -27.0827104],
                        [-48.6150151, -27.0831349]
                    ],
                    [
                        [-48.6150151, -27.0831349],
                        [-48.6137208, -27.0832782]
                    ],
                    [
                        [-48.614899200000011, -27.0823105],
                        [-48.6149564, -27.0827104]
                    ],
                    [
                        [-48.61427290000001, -27.0827367],
                        [-48.6144274, -27.0827639],
                        [-48.6149564, -27.0827104]
                    ],
                    [
                        [-48.6141429, -27.0836091],
                        [-48.6148986, -27.0835237]
                    ],
                    [
                        [-48.6141429, -27.0836091],
                        [-48.6141787, -27.0838928]
                    ],
                    [
                        [-48.6136357, -27.0836667],
                        [-48.6141429, -27.0836091]
                    ],
                    [
                        [-48.613162, -27.0847957],
                        [-48.6138298, -27.0847126]
                    ],
                    [
                        [-48.613162, -27.0847957],
                        [-48.6135128, -27.0841896],
                        [-48.613574, -27.0840843],
                        [-48.6136034, -27.0840193],
                        [-48.6136233, -27.0839585],
                        [-48.6136338, -27.0839009],
                        [-48.6136385, -27.0838426],
                        [-48.6136357, -27.0836667]
                    ],
                    [
                        [-48.6132702, -27.0836849],
                        [-48.6134696, -27.0836811],
                        [-48.6136357, -27.0836667]
                    ],
                    [
                        [-48.6097461, -27.0862412],
                        [-48.610188, -27.0861869],
                        [-48.6116682, -27.0860049],
                        [-48.6127927, -27.0858666],
                        [-48.6129081, -27.0858643],
                        [-48.6130066, -27.085866],
                        [-48.6130636, -27.0858774],
                        [-48.6131132, -27.0858959],
                        [-48.613195, -27.0859323]
                    ],
                    [
                        [-48.613195, -27.0859323],
                        [-48.6131092, -27.0854249],
                        [-48.6130938, -27.085306]
                    ],
                    [
                        [-48.6130938, -27.085306],
                        [-48.6130629, -27.0850678],
                        [-48.6130703, -27.0850046],
                        [-48.6130871, -27.0849443],
                        [-48.6131186, -27.0848816],
                        [-48.613162, -27.0847957]
                    ]
                ]
            }
        },
        {
            "type": "Feature",
            "properties": {
                "SETOR": "M05",
                "TURNO": "MANHÃ",
                "FREQUENCIA": "TER - QUI - SAB",
                "HORARIO": "06:00 ÀS 14:20",
                "OPERACAO": "DOMICILIAR",
                "FILIAL": "ITAPEMA"
            },
            "geometry": {
                "type": "MultiLineString",
                "coordinates": [
                    [
                        [-48.6251367, -27.1233463],
                        [-48.6257214, -27.1237543]
                    ],
                    [
                        [-48.6257003, -27.1231218],
                        [-48.6254731, -27.1229629]
                    ],
                    [
                        [-48.6256027, -27.12431],
                        [-48.624792, -27.1237393]
                    ],
                    [
                        [-48.6244628, -27.1241145],
                        [-48.6255755, -27.124897]
                    ],
                    [
                        [-48.6245389, -27.1216631],
                        [-48.6255837, -27.122386899999988]
                    ],
                    [
                        [-48.6254731, -27.1229629],
                        [-48.6241884, -27.1220642]
                    ],
                    [
                        [-48.6251367, -27.1233463],
                        [-48.6254731, -27.1229629]
                    ],
                    [
                        [-48.6252885, -27.1260298],
                        [-48.6250044, -27.1258294]
                    ],
                    [
                        [-48.6251664, -27.1266039],
                        [-48.624648, -27.1262399]
                    ],
                    [
                        [-48.6238517, -27.122449499999988],
                        [-48.6251367, -27.1233463]
                    ],
                    [
                        [-48.6250044, -27.1258294],
                        [-48.6237405, -27.1249377]
                    ],
                    [
                        [-48.6250044, -27.1258294],
                        [-48.6253662, -27.1254127],
                        [-48.6241013, -27.1245264]
                    ],
                    [
                        [-48.624648, -27.1262399],
                        [-48.6250044, -27.1258294]
                    ],
                    [
                        [-48.6248535, -27.127047099999988],
                        [-48.6242897, -27.1266526]
                    ],
                    [
                        [-48.624792, -27.1237393],
                        [-48.6235121, -27.1228381]
                    ],
                    [
                        [-48.624792, -27.1237393],
                        [-48.6244628, -27.1241145]
                    ],
                    [
                        [-48.624648, -27.1262399],
                        [-48.6233793, -27.1253492]
                    ],
                    [
                        [-48.6242897, -27.1266526],
                        [-48.624648, -27.1262399]
                    ],
                    [
                        [-48.6246164, -27.1275453],
                        [-48.6239317, -27.127065]
                    ],
                    [
                        [-48.6245357, -27.1286733],
                        [-48.6220115, -27.1269082]
                    ],
                    [
                        [-48.6232662, -27.1207814],
                        [-48.6245389, -27.1216631]
                    ],
                    [
                        [-48.6245389, -27.1216631],
                        [-48.6241884, -27.1220642]
                    ],
                    [
                        [-48.6231832, -27.1232144],
                        [-48.6244628, -27.1241145]
                    ],
                    [
                        [-48.6244628, -27.1241145],
                        [-48.6241013, -27.1245264]
                    ],
                    [
                        [-48.6242897, -27.1266526],
                        [-48.623017, -27.1257622]
                    ],
                    [
                        [-48.6239317, -27.127065],
                        [-48.6242897, -27.1266526]
                    ],
                    [
                        [-48.6241884, -27.1220642],
                        [-48.6229202, -27.1211771]
                    ],
                    [
                        [-48.6241884, -27.1220642],
                        [-48.6238517, -27.122449499999988]
                    ],
                    [
                        [-48.6241013, -27.1245264],
                        [-48.6239123, -27.124394]
                    ],
                    [
                        [-48.6241013, -27.1245264],
                        [-48.6237405, -27.1249377]
                    ],
                    [
                        [-48.6239317, -27.127065],
                        [-48.6226578, -27.1261716]
                    ],
                    [
                        [-48.6225821, -27.1215636],
                        [-48.6238517, -27.122449499999988]
                    ],
                    [
                        [-48.6238517, -27.122449499999988],
                        [-48.6235121, -27.1228381]
                    ],
                    [
                        [-48.6237405, -27.1249377],
                        [-48.6224642, -27.1240372]
                    ],
                    [
                        [-48.6237405, -27.1249377],
                        [-48.6233793, -27.1253492]
                    ],
                    [
                        [-48.6234774, -27.1273343],
                        [-48.6223381, -27.1265359]
                    ],
                    [
                        [-48.6235121, -27.1228381],
                        [-48.6222465, -27.1219473]
                    ],
                    [
                        [-48.6235121, -27.1228381],
                        [-48.6231832, -27.1232144]
                    ],
                    [
                        [-48.6233793, -27.1253492],
                        [-48.6221016, -27.1244521]
                    ],
                    [
                        [-48.6233793, -27.1253492],
                        [-48.623017, -27.1257622]
                    ],
                    [
                        [-48.6232662, -27.1207814],
                        [-48.62342, -27.1206056]
                    ],
                    [
                        [-48.6219811, -27.1198911],
                        [-48.6232662, -27.1207814]
                    ],
                    [
                        [-48.6229202, -27.1211771],
                        [-48.6232662, -27.1207814]
                    ],
                    [
                        [-48.6219169, -27.1223241],
                        [-48.6231832, -27.1232144]
                    ],
                    [
                        [-48.623017, -27.1257622],
                        [-48.6217383, -27.1248677]
                    ],
                    [
                        [-48.623017, -27.1257622],
                        [-48.6226578, -27.1261716]
                    ],
                    [
                        [-48.6229202, -27.1211771],
                        [-48.6216401, -27.1202817]
                    ],
                    [
                        [-48.6225821, -27.1215636],
                        [-48.6229202, -27.1211771]
                    ],
                    [
                        [-48.6226578, -27.1261716],
                        [-48.6213813, -27.1252762]
                    ],
                    [
                        [-48.6226578, -27.1261716],
                        [-48.6223381, -27.1265359]
                    ],
                    [
                        [-48.6215528, -27.1227406],
                        [-48.6226611, -27.1235172]
                    ],
                    [
                        [-48.6213012, -27.1206698],
                        [-48.6225821, -27.1215636]
                    ],
                    [
                        [-48.6222465, -27.1219473],
                        [-48.6225821, -27.1215636]
                    ],
                    [
                        [-48.6224642, -27.1240372],
                        [-48.6211994, -27.123145]
                    ],
                    [
                        [-48.6224642, -27.1240372],
                        [-48.6221016, -27.1244521]
                    ],
                    [
                        [-48.6223381, -27.1265359],
                        [-48.621062, -27.1256416]
                    ],
                    [
                        [-48.6223381, -27.1265359],
                        [-48.6220115, -27.1269082]
                    ],
                    [
                        [-48.6222465, -27.1219473],
                        [-48.6209704, -27.121049]
                    ],
                    [
                        [-48.6219169, -27.1223241],
                        [-48.6222465, -27.1219473]
                    ],
                    [
                        [-48.6221016, -27.1244521],
                        [-48.6208342, -27.1235623]
                    ],
                    [
                        [-48.6221016, -27.1244521],
                        [-48.6217383, -27.1248677]
                    ],
                    [
                        [-48.6220115, -27.1269082],
                        [-48.6214697, -27.1265292],
                        [-48.6207351, -27.1260156]
                    ],
                    [
                        [-48.6211933, -27.1193454],
                        [-48.6219811, -27.1198911]
                    ],
                    [
                        [-48.6216401, -27.1202817],
                        [-48.6219811, -27.1198911]
                    ],
                    [
                        [-48.62064070000001, -27.1214267],
                        [-48.6219169, -27.1223241]
                    ],
                    [
                        [-48.6215528, -27.1227406],
                        [-48.6219169, -27.1223241]
                    ],
                    [
                        [-48.6217383, -27.1248677],
                        [-48.6204692, -27.1239797]
                    ],
                    [
                        [-48.6217383, -27.1248677],
                        [-48.6213813, -27.1252762]
                    ],
                    [
                        [-48.6216401, -27.1202817],
                        [-48.6203841, -27.1194031]
                    ],
                    [
                        [-48.6213012, -27.1206698],
                        [-48.6216401, -27.1202817]
                    ],
                    [
                        [-48.6202753, -27.1218455],
                        [-48.6215528, -27.1227406]
                    ],
                    [
                        [-48.6211994, -27.123145],
                        [-48.6215528, -27.1227406]
                    ],
                    [
                        [-48.6213813, -27.1252762],
                        [-48.6201133, -27.1243868]
                    ],
                    [
                        [-48.6213813, -27.1252762],
                        [-48.621062, -27.1256416]
                    ],
                    [
                        [-48.6200433, -27.1197921],
                        [-48.6213012, -27.1206698]
                    ],
                    [
                        [-48.6209704, -27.121049],
                        [-48.6213012, -27.1206698]
                    ],
                    [
                        [-48.6211994, -27.123145],
                        [-48.6199255, -27.1222463]
                    ],
                    [
                        [-48.6208342, -27.1235623],
                        [-48.6211994, -27.123145]
                    ],
                    [
                        [-48.621062, -27.1256416],
                        [-48.6197934, -27.1247525]
                    ],
                    [
                        [-48.621062, -27.1256416],
                        [-48.6207351, -27.1260156]
                    ],
                    [
                        [-48.6209704, -27.121049],
                        [-48.619716, -27.120165899999989]
                    ],
                    [
                        [-48.62064070000001, -27.1214267],
                        [-48.6209704, -27.121049]
                    ],
                    [
                        [-48.6208342, -27.1235623],
                        [-48.6195586, -27.1226667]
                    ],
                    [
                        [-48.6204692, -27.1239797],
                        [-48.6208342, -27.1235623]
                    ],
                    [
                        [-48.6207351, -27.1260156],
                        [-48.6199555, -27.1254704],
                        [-48.6194653, -27.1251276]
                    ],
                    [
                        [-48.619385, -27.1205436],
                        [-48.62064070000001, -27.1214267]
                    ],
                    [
                        [-48.6202753, -27.1218455],
                        [-48.62064070000001, -27.1214267]
                    ],
                    [
                        [-48.6204692, -27.1239797],
                        [-48.6191923, -27.1230864]
                    ],
                    [
                        [-48.6201133, -27.1243868],
                        [-48.6204692, -27.1239797]
                    ],
                    [
                        [-48.6203841, -27.1194031],
                        [-48.6205246, -27.1192426]
                    ],
                    [
                        [-48.6203841, -27.1194031],
                        [-48.6197792, -27.11898]
                    ],
                    [
                        [-48.6200433, -27.1197921],
                        [-48.6203841, -27.1194031]
                    ],
                    [
                        [-48.619017, -27.1209637],
                        [-48.6202753, -27.1218455]
                    ],
                    [
                        [-48.6199255, -27.1222463],
                        [-48.6202753, -27.1218455]
                    ],
                    [
                        [-48.6201133, -27.1243868],
                        [-48.618838, -27.1234923]
                    ],
                    [
                        [-48.6197934, -27.1247525],
                        [-48.6201133, -27.1243868]
                    ],
                    [
                        [-48.6192945, -27.1192695],
                        [-48.6200433, -27.1197921]
                    ],
                    [
                        [-48.619716, -27.120165899999989],
                        [-48.6200433, -27.1197921]
                    ],
                    [
                        [-48.6199255, -27.1222463],
                        [-48.6186698, -27.1213601]
                    ],
                    [
                        [-48.6195586, -27.1226667],
                        [-48.6199255, -27.1222463]
                    ],
                    [
                        [-48.6197934, -27.1247525],
                        [-48.61851810000001, -27.1238588]
                    ],
                    [
                        [-48.6194653, -27.1251276],
                        [-48.6197934, -27.1247525]
                    ],
                    [
                        [-48.619716, -27.120165899999989],
                        [-48.6188217, -27.1195363]
                    ],
                    [
                        [-48.619385, -27.1205436],
                        [-48.619716, -27.120165899999989]
                    ],
                    [
                        [-48.6195586, -27.1226667],
                        [-48.6182997, -27.1217826]
                    ],
                    [
                        [-48.6191923, -27.1230864],
                        [-48.6195586, -27.1226667]
                    ],
                    [
                        [-48.6194653, -27.1251276],
                        [-48.6184604, -27.1244249],
                        [-48.6181895, -27.1242354]
                    ],
                    [
                        [-48.619017, -27.1209637],
                        [-48.619385, -27.1205436]
                    ],
                    [
                        [-48.6191923, -27.1230864],
                        [-48.6179309, -27.1222037]
                    ],
                    [
                        [-48.618838, -27.1234923],
                        [-48.6191923, -27.1230864]
                    ],
                    [
                        [-48.6177318, -27.1200912],
                        [-48.618197, -27.1204127],
                        [-48.6182535, -27.1204408],
                        [-48.618304, -27.1204642],
                        [-48.619017, -27.1209637]
                    ],
                    [
                        [-48.6186698, -27.1213601],
                        [-48.619017, -27.1209637]
                    ],
                    [
                        [-48.618838, -27.1234923],
                        [-48.6175769, -27.1226078]
                    ],
                    [
                        [-48.61851810000001, -27.1238588],
                        [-48.618838, -27.1234923]
                    ],
                    [
                        [-48.6186698, -27.1213601],
                        [-48.6173999, -27.1204644]
                    ],
                    [
                        [-48.6182997, -27.1217826],
                        [-48.6186698, -27.1213601]
                    ],
                    [
                        [-48.61851810000001, -27.1238588],
                        [-48.617256, -27.1229742]
                    ],
                    [
                        [-48.6181895, -27.1242354],
                        [-48.61851810000001, -27.1238588]
                    ],
                    [
                        [-48.6182997, -27.1217826],
                        [-48.6170241, -27.1208872]
                    ],
                    [
                        [-48.6179309, -27.1222037],
                        [-48.6182997, -27.1217826]
                    ],
                    [
                        [-48.6181895, -27.1242354],
                        [-48.6169255, -27.123351499999988]
                    ],
                    [
                        [-48.6179309, -27.1222037],
                        [-48.6166501, -27.1213077]
                    ],
                    [
                        [-48.6175769, -27.1226078],
                        [-48.6179309, -27.1222037]
                    ],
                    [
                        [-48.6177989, -27.1200157],
                        [-48.6177318, -27.1200912]
                    ],
                    [
                        [-48.6177318, -27.1200912],
                        [-48.6173999, -27.1204644]
                    ],
                    [
                        [-48.6175769, -27.1226078],
                        [-48.6162462, -27.1216744]
                    ],
                    [
                        [-48.617256, -27.1229742],
                        [-48.6175769, -27.1226078]
                    ],
                    [
                        [-48.6173999, -27.1204644],
                        [-48.6162671, -27.1196652],
                        [-48.6160606, -27.1195175]
                    ],
                    [
                        [-48.6173999, -27.1204644],
                        [-48.6170241, -27.1208872]
                    ],
                    [
                        [-48.617256, -27.1229742],
                        [-48.6159046, -27.1220271]
                    ],
                    [
                        [-48.6169255, -27.123351499999988],
                        [-48.617256, -27.1229742]
                    ],
                    [
                        [-48.6170241, -27.1208872],
                        [-48.6157738, -27.1200093],
                        [-48.6157199, -27.1199655],
                        [-48.6156806, -27.1199228]
                    ],
                    [
                        [-48.6170241, -27.1208872],
                        [-48.6166501, -27.1213077]
                    ],
                    [
                        [-48.6169255, -27.123351499999988],
                        [-48.6154318, -27.1223069]
                    ],
                    [
                        [-48.6169255, -27.123351499999988],
                        [-48.6166267, -27.123698]
                    ],
                    [
                        [-48.6166501, -27.1213077],
                        [-48.6152806, -27.1203495]
                    ],
                    [
                        [-48.6166501, -27.1213077],
                        [-48.6163344, -27.121661400000011],
                        [-48.6162462, -27.1216744]
                    ],
                    [
                        [-48.6162462, -27.1216744],
                        [-48.6149145, -27.1207403]
                    ],
                    [
                        [-48.6162462, -27.1216744],
                        [-48.6161778, -27.1217056],
                        [-48.6159046, -27.1220271]
                    ],
                    [
                        [-48.6159046, -27.1220271],
                        [-48.6142731, -27.1208837]
                    ],
                    [
                        [-48.6159046, -27.1220271],
                        [-48.6157597, -27.1221973]
                    ]
                ]
            }
        },
        {
            "type": "Feature",
            "properties": {
                "SETOR": "N02",
                "TURNO": "NOITE",
                "FREQUENCIA": "SEG - QUI - SEX",
                "HORARIO": "22:35 ÀS 06:07",
                "OPERACAO": "DOMICILIAR",
                "FILIAL": "ITAPEMA"
            },
            "geometry": {
                "type": "MultiLineString",
                "coordinates": [
                    [
                        [-48.6096208, -27.1349899],
                        [-48.609648084952987, -27.135580174477475]
                    ],
                    [
                        [-48.609647832790365, -27.135580317803122],
                        [-48.607268414538915, -27.133957869562213]
                    ],
                    [
                        [-48.6082273, -27.1328836],
                        [-48.6083457, -27.132963],
                        [-48.609585121024139, -27.133793626651627],
                        [-48.6096673, -27.1338487]
                    ],
                    [
                        [-48.6096673, -27.1338487],
                        [-48.609634931311483, -27.133285001734588],
                        [-48.6096338, -27.1332653]
                    ],
                    [
                        [-48.6096673, -27.1338487],
                        [-48.6095904, -27.1339577],
                        [-48.609592821013635, -27.134371596194047],
                        [-48.60959290000001, -27.1343851]
                    ],
                    [
                        [-48.6096208, -27.1349899],
                        [-48.609556655930831, -27.134944545686814],
                        [-48.6076967, -27.1336294],
                        [-48.6076433, -27.1335917]
                    ],
                    [
                        [-48.60959290000001, -27.1343851],
                        [-48.609593749858639, -27.134403522753995],
                        [-48.6096208, -27.1349899]
                    ],
                    [
                        [-48.6085285, -27.1325184],
                        [-48.6088785, -27.1327549],
                        [-48.6089736, -27.1328192],
                        [-48.609560684486098, -27.133215895846245],
                        [-48.6096338, -27.1332653]
                    ],
                    [
                        [-48.6096338, -27.1332653],
                        [-48.609631188204744, -27.133220704636024],
                        [-48.6096003, -27.1326933],
                        [-48.6095979, -27.1326529],
                        [-48.6095942, -27.1325687]
                    ],
                    [
                        [-48.6079171, -27.1332597],
                        [-48.609540620640075, -27.134349991901118],
                        [-48.60959290000001, -27.1343851]
                    ],
                    [
                        [-48.6095942, -27.1325687],
                        [-48.609553, -27.1325567],
                        [-48.609502625347609, -27.132522811645853],
                        [-48.6093715, -27.1324346],
                        [-48.6089949, -27.1321811],
                        [-48.6088738, -27.1320996]
                    ],
                    [
                        [-48.6095942, -27.1325687],
                        [-48.609592932330358, -27.132541128187668],
                        [-48.6095894, -27.1324643],
                        [-48.6095796, -27.1322509],
                        [-48.6095745, -27.132138],
                        [-48.6095676, -27.1319873]
                    ],
                    [
                        [-48.6095676, -27.1319873],
                        [-48.6095038, -27.131943199999988],
                        [-48.609461785776148, -27.131914212510019],
                        [-48.6091845, -27.1317229]
                    ],
                    [
                        [-48.6095676, -27.1319873],
                        [-48.609564882722083, -27.131928425647619],
                        [-48.6095631, -27.1318898],
                        [-48.6095246, -27.131674]
                    ],
                    [
                        [-48.6072784, -27.130101499999988],
                        [-48.607399649876058, -27.130186385517398],
                        [-48.6095246, -27.131674]
                    ],
                    [
                        [-48.6095246, -27.131674],
                        [-48.6094984, -27.13151860000001],
                        [-48.6094912, -27.1314158],
                        [-48.6094894, -27.1312631],
                        [-48.609496208316585, -27.13105726506501],
                        [-48.6094967, -27.1310424],
                        [-48.609432383883508, -27.130997263797283],
                        [-48.6086322, -27.1304357],
                        [-48.6078972, -27.1299267],
                        [-48.607657026964091, -27.129760325170004],
                        [-48.6076235, -27.1297371]
                    ],
                    [
                        [-48.607098, -27.1302919],
                        [-48.607229575614504, -27.130382148864662],
                        [-48.6081967, -27.1310455],
                        [-48.6090022, -27.1315979],
                        [-48.6091298, -27.1316854],
                        [-48.6091845, -27.1317229]
                    ],
                    [
                        [-48.6088738, -27.1320996],
                        [-48.6089024, -27.1320649],
                        [-48.608909927072794, -27.13205577469498],
                        [-48.6091845, -27.1317229]
                    ],
                    [
                        [-48.6088738, -27.1320996],
                        [-48.6076981, -27.1313086],
                        [-48.606894469756504, -27.130767868451908],
                        [-48.6067673, -27.1306823]
                    ],
                    [
                        [-48.6085285, -27.1325184],
                        [-48.6085558, -27.1324853],
                        [-48.608570645581104, -27.132467308046916],
                        [-48.6085893, -27.1324447],
                        [-48.6087176, -27.132289],
                        [-48.6088392, -27.1321416],
                        [-48.6088738, -27.1320996]
                    ],
                    [
                        [-48.6064192, -27.1310931],
                        [-48.6065158, -27.1311584],
                        [-48.606540609876639, -27.131175170647666],
                        [-48.6067775, -27.1313353],
                        [-48.6079633, -27.1321366],
                        [-48.6085285, -27.1325184]
                    ],
                    [
                        [-48.6082273, -27.1328836],
                        [-48.6082554, -27.1328495],
                        [-48.608268418256003, -27.132833713356536],
                        [-48.6084924, -27.1325621],
                        [-48.6085285, -27.1325184]
                    ],
                    [
                        [-48.6061065, -27.1314622],
                        [-48.60622325603893, -27.131540449930657],
                        [-48.6070325, -27.1320828],
                        [-48.6082273, -27.1328836]
                    ],
                    [
                        [-48.6079171, -27.1332597],
                        [-48.6079447, -27.1332263],
                        [-48.60796358891966, -27.133203395824474],
                        [-48.6081912, -27.1329274],
                        [-48.6082273, -27.1328836]
                    ],
                    [
                        [-48.6057924, -27.1318328],
                        [-48.60590408899575, -27.131907812921998],
                        [-48.6067553, -27.1324795],
                        [-48.6079171, -27.1332597]
                    ],
                    [
                        [-48.6076433, -27.1335917],
                        [-48.6076684, -27.1335613],
                        [-48.607692610000633, -27.13353193854876],
                        [-48.6078874, -27.1332957],
                        [-48.6079171, -27.1332597]
                    ],
                    [
                        [-48.6076433, -27.1335917],
                        [-48.6073728, -27.1334064],
                        [-48.6063155, -27.132682],
                        [-48.6061847, -27.1325988],
                        [-48.6060187, -27.1325031],
                        [-48.6057873, -27.1323711],
                        [-48.6056636, -27.1322974],
                        [-48.605599418205536, -27.132258487541897],
                        [-48.6054886, -27.1321913]
                    ],
                    [
                        [-48.6076235, -27.1297371],
                        [-48.60755310328242, -27.129688347706129],
                        [-48.605529423348955, -27.128286843576937],
                        [-48.6054537, -27.1282344]
                    ],
                    [
                        [-48.6072784, -27.130101499999988],
                        [-48.607326387104855, -27.130050829380945],
                        [-48.6076235, -27.1297371]
                    ],
                    [
                        [-48.607243045593236, -27.133940570381263],
                        [-48.605199739043357, -27.132547182172242],
                        [-48.6051917, -27.1325417]
                    ],
                    [
                        [-48.6051429, -27.1286065],
                        [-48.605239569585777, -27.128674177005049],
                        [-48.6072784, -27.130101499999988]
                    ],
                    [
                        [-48.607098, -27.1302919],
                        [-48.607195478514043, -27.130189018136182],
                        [-48.6072784, -27.130101499999988]
                    ],
                    [
                        [-48.6049621, -27.1288269],
                        [-48.605063236406735, -27.128896272566848],
                        [-48.6070453, -27.1302558],
                        [-48.607098, -27.1302919]
                    ],
                    [
                        [-48.6067673, -27.1306823],
                        [-48.606901806556436, -27.130523504902015],
                        [-48.6070237, -27.1303796],
                        [-48.607098, -27.1302919]
                    ],
                    [
                        [-48.6067673, -27.1306823],
                        [-48.604732378771828, -27.129312991948527],
                        [-48.6046248, -27.1292406]
                    ],
                    [
                        [-48.6067673, -27.1306823],
                        [-48.606594086407277, -27.130886724669431],
                        [-48.6064776, -27.1310242],
                        [-48.6064192, -27.1310931]
                    ],
                    [
                        [-48.60429, -27.1296544],
                        [-48.60440149564598, -27.129729739300153],
                        [-48.6059055, -27.130746],
                        [-48.6063533, -27.1310486],
                        [-48.6064192, -27.1310931]
                    ],
                    [
                        [-48.6064192, -27.1310931],
                        [-48.6063426, -27.1311835],
                        [-48.60626090500778, -27.131279935599263],
                        [-48.6061065, -27.1314622]
                    ],
                    [
                        [-48.6039821, -27.1300383],
                        [-48.604095929099138, -27.130114596742569],
                        [-48.6061065, -27.1314622]
                    ],
                    [
                        [-48.6061065, -27.1314622],
                        [-48.606006989957876, -27.131579603074368],
                        [-48.6058351, -27.1317824],
                        [-48.6057924, -27.1318328]
                    ],
                    [
                        [-48.6057924, -27.1318328],
                        [-48.603796147547612, -27.130492164623856],
                        [-48.6036744, -27.1304104]
                    ],
                    [
                        [-48.6057924, -27.1318328],
                        [-48.605529167357702, -27.13214342856293],
                        [-48.6054886, -27.1321913]
                    ],
                    [
                        [-48.603387, -27.1307558],
                        [-48.603516558753427, -27.130844297137603],
                        [-48.6054886, -27.1321913]
                    ],
                    [
                        [-48.6054886, -27.1321913],
                        [-48.605198663729219, -27.132533481473477],
                        [-48.6051917, -27.1325417]
                    ],
                    [
                        [-48.6054537, -27.1282344],
                        [-48.605370534321366, -27.128177002042161],
                        [-48.602986725701285, -27.126531738919471],
                        [-48.6029858, -27.1265311],
                        [-48.602984960726111, -27.126532358912417],
                        [-48.6029104, -27.1266442],
                        [-48.6027297, -27.126917]
                    ],
                    [
                        [-48.6051429, -27.1286065],
                        [-48.605275952418744, -27.128447205671989],
                        [-48.6054537, -27.1282344]
                    ],
                    [
                        [-48.6051917, -27.1325417],
                        [-48.605180306723042, -27.132533930947506],
                        [-48.603100864679249, -27.131115931345747],
                        [-48.6030929, -27.1311105],
                        [-48.603097718121923, -27.131104689657615],
                        [-48.6033017, -27.1308587],
                        [-48.603387, -27.1307558]
                    ],
                    [
                        [-48.6027297, -27.126917],
                        [-48.605069081345214, -27.128554820306846],
                        [-48.6051429, -27.1286065]
                    ],
                    [
                        [-48.6049621, -27.1288269],
                        [-48.605095373452116, -27.128664457640426],
                        [-48.6050978, -27.1286615],
                        [-48.6051429, -27.1286065]
                    ],
                    [
                        [-48.6025516, -27.127173599999988],
                        [-48.6039118, -27.1281065],
                        [-48.604885937715473, -27.128774660899087],
                        [-48.6049621, -27.1288269]
                    ],
                    [
                        [-48.6046248, -27.1292406],
                        [-48.604792022937495, -27.129035500813178],
                        [-48.6049621, -27.1288269]
                    ],
                    [
                        [-48.6046248, -27.1292406],
                        [-48.604543400810762, -27.129185829663051],
                        [-48.6023758, -27.1277273],
                        [-48.6023367, -27.127701],
                        [-48.6022394, -27.1276355]
                    ],
                    [
                        [-48.60429, -27.1296544],
                        [-48.60443979352133, -27.129469261442111],
                        [-48.6046248, -27.1292406]
                    ],
                    [
                        [-48.6019456, -27.1280702],
                        [-48.6020501, -27.1281408],
                        [-48.604202370316493, -27.129595186114454],
                        [-48.60429, -27.1296544]
                    ],
                    [
                        [-48.6039821, -27.1300383],
                        [-48.604145983258128, -27.129833965320671],
                        [-48.60429, -27.1296544]
                    ],
                    [
                        [-48.6016651, -27.1284854],
                        [-48.603886558474564, -27.129974267695697],
                        [-48.6039821, -27.1300383]
                    ],
                    [
                        [-48.6036744, -27.1304104],
                        [-48.603875900520244, -27.130166726853552],
                        [-48.6039821, -27.1300383]
                    ],
                    [
                        [-48.6036744, -27.1304104],
                        [-48.603577455717272, -27.130345292719753],
                        [-48.6030121, -27.1299656],
                        [-48.6023396, -27.129514],
                        [-48.6019539, -27.129255],
                        [-48.6015408, -27.1289776],
                        [-48.601502, -27.1289515],
                        [-48.6013975, -27.1288813]
                    ],
                    [
                        [-48.603387, -27.1307558],
                        [-48.603418792015198, -27.130717592201936],
                        [-48.6036744, -27.1304104]
                    ],
                    [
                        [-48.6011035, -27.1293159],
                        [-48.601105238834258, -27.129317073338616],
                        [-48.6031439, -27.1306927],
                        [-48.6031848, -27.130714399999988],
                        [-48.6032463, -27.1307292],
                        [-48.603387, -27.1307558]
                    ],
                    [
                        [-48.6027297, -27.126917],
                        [-48.60256416254628, -27.127155500389662],
                        [-48.6025516, -27.127173599999988]
                    ],
                    [
                        [-48.6025516, -27.127173599999988],
                        [-48.602355, -27.1274644],
                        [-48.6023089, -27.1275327],
                        [-48.602245265411099, -27.127626824264492],
                        [-48.6022394, -27.1276355]
                    ],
                    [
                        [-48.6022394, -27.1276355],
                        [-48.601956747602756, -27.128053706331006],
                        [-48.6019456, -27.1280702]
                    ],
                    [
                        [-48.6019456, -27.1280702],
                        [-48.6018832, -27.1281626],
                        [-48.6017646, -27.128338],
                        [-48.60167733502287, -27.128467274977588],
                        [-48.6016651, -27.1284854]
                    ],
                    [
                        [-48.6016651, -27.1284854],
                        [-48.6014843, -27.1287529],
                        [-48.6014519, -27.1288007],
                        [-48.601403780379258, -27.128871994886779],
                        [-48.6013975, -27.1288813]
                    ],
                    [
                        [-48.6013975, -27.1288813],
                        [-48.601104901212338, -27.129313828694247],
                        [-48.6011035, -27.1293159]
                    ],
                    [
                        [-48.6011035, -27.1293159],
                        [-48.601102054806098, -27.129318036357986],
                        [-48.600690074550322, -27.129927041974536]
                    ],
                    [
                        [-48.594542709493169, -27.138995123269268],
                        [-48.594490079543029, -27.138957656625777],
                        [-48.59449, -27.1389576]
                    ]
                ]
            }
        },
        {
            "type": "Feature",
            "properties": {
                "SETOR": "M04",
                "TURNO": "MANHÃ",
                "FREQUENCIA": "TER - QUI - SAB",
                "HORARIO": "06:00 ÀS 14:20",
                "OPERACAO": "DOMICILIAR",
                "FILIAL": "ITAPEMA"
            },
            "geometry": {
                "type": "MultiLineString",
                "coordinates": [
                    [
                        [-48.657903982059651, -27.150940757349229],
                        [-48.657614, -27.150936],
                        [-48.656838, -27.150886],
                        [-48.65615, -27.150863],
                        [-48.655574, -27.150863],
                        [-48.655234, -27.150842],
                        [-48.654918, -27.150814],
                        [-48.6547826, -27.1507858]
                    ],
                    [
                        [-48.655164956068603, -27.151235957926758],
                        [-48.6551656, -27.1512356],
                        [-48.6551655, -27.1511801],
                        [-48.6550819, -27.1511314],
                        [-48.6549648, -27.1510817],
                        [-48.6548756, -27.1510371],
                        [-48.6548031, -27.1509627],
                        [-48.6547752, -27.1508783],
                        [-48.6547826, -27.1507858]
                    ],
                    [
                        [-48.6547826, -27.1507858],
                        [-48.654726, -27.150774],
                        [-48.654597, -27.150731],
                        [-48.654504, -27.150681],
                        [-48.654268, -27.1505],
                        [-48.6540703, -27.1503079],
                        [-48.653866, -27.150069],
                        [-48.6537157, -27.1498462],
                        [-48.653646, -27.149743],
                        [-48.653583, -27.149622],
                        [-48.6534934, -27.1494029],
                        [-48.6533144, -27.1489331],
                        [-48.653247, -27.1487653],
                        [-48.6531454, -27.1485061]
                    ],
                    [
                        [-48.6539179, -27.14536],
                        [-48.6538769, -27.1453176],
                        [-48.6538166, -27.1452567],
                        [-48.6537352, -27.1451982],
                        [-48.6536316, -27.1451575],
                        [-48.6532596, -27.1450758]
                    ],
                    [
                        [-48.6533708, -27.1473209],
                        [-48.6534008, -27.1472484],
                        [-48.6535941, -27.146781199999989],
                        [-48.6536696, -27.1466409],
                        [-48.6537412, -27.1465399],
                        [-48.6537984, -27.1464608],
                        [-48.6539526, -27.1462479],
                        [-48.6540386, -27.1460611],
                        [-48.6540768, -27.1459401],
                        [-48.654098, -27.145751],
                        [-48.6540823, -27.1456536],
                        [-48.654028, -27.145522],
                        [-48.6539773, -27.1454402],
                        [-48.6539179, -27.14536]
                    ],
                    [
                        [-48.6539179, -27.14536],
                        [-48.6533932, -27.1459804]
                    ],
                    [
                        [-48.6533708, -27.1473209],
                        [-48.6537895, -27.1474278]
                    ],
                    [
                        [-48.6531454, -27.1485061],
                        [-48.6532269, -27.1484854],
                        [-48.6532762, -27.1484607],
                        [-48.6536931, -27.1481326]
                    ],
                    [
                        [-48.6530709, -27.1483015],
                        [-48.6531961, -27.1482524],
                        [-48.6532515, -27.1482249],
                        [-48.6532885, -27.1481975],
                        [-48.6533286, -27.1481646],
                        [-48.6534487, -27.1480358]
                    ],
                    [
                        [-48.6530709, -27.1483015],
                        [-48.6530582, -27.1482071],
                        [-48.6530724, -27.1480831],
                        [-48.6531097, -27.1479521],
                        [-48.6531966, -27.1477421],
                        [-48.6533708, -27.1473209]
                    ],
                    [
                        [-48.6532596, -27.1450758],
                        [-48.6529635, -27.1450083]
                    ],
                    [
                        [-48.6532596, -27.1450758],
                        [-48.6532132, -27.1452235],
                        [-48.6531888, -27.1452778],
                        [-48.6531603, -27.1453212],
                        [-48.6531115, -27.1453827],
                        [-48.6528906, -27.1456488],
                        [-48.6527781, -27.1457842]
                    ],
                    [
                        [-48.6531454, -27.1485061],
                        [-48.6530902, -27.1483578],
                        [-48.6530709, -27.1483015]
                    ],
                    [
                        [-48.6529635, -27.1450083],
                        [-48.6528359, -27.1449766],
                        [-48.6523722, -27.1448661],
                        [-48.6522838, -27.1448391]
                    ],
                    [
                        [-48.6529635, -27.1450083],
                        [-48.6528635, -27.1452597],
                        [-48.6528351, -27.1453139],
                        [-48.6526765, -27.1455129],
                        [-48.6525708, -27.145625],
                        [-48.6524368, -27.1457545],
                        [-48.6522374, -27.145947]
                    ],
                    [
                        [-48.6522838, -27.1448391],
                        [-48.652227, -27.14482],
                        [-48.652158, -27.144784],
                        [-48.652057, -27.14471],
                        [-48.651949, -27.144593],
                        [-48.6518703, -27.144490799999989],
                        [-48.651605, -27.144144],
                        [-48.6515053, -27.1440316],
                        [-48.6513755, -27.1439373],
                        [-48.6510439, -27.1437384],
                        [-48.65085, -27.1436225],
                        [-48.650779, -27.143583],
                        [-48.650554, -27.1434791],
                        [-48.6503528, -27.1433929]
                    ],
                    [
                        [-48.6522838, -27.1448391],
                        [-48.6520943, -27.1452335]
                    ],
                    [
                        [-48.6503528, -27.1433929],
                        [-48.6500903, -27.1432801],
                        [-48.649822, -27.1432154],
                        [-48.6496576, -27.143192],
                        [-48.6493199, -27.1431542],
                        [-48.6489888, -27.143124899999986],
                        [-48.6487205, -27.1430965],
                        [-48.6484108, -27.1430752],
                        [-48.6482655, -27.1430842],
                        [-48.6480286, -27.1431086],
                        [-48.6479565, -27.1431149],
                        [-48.6478388, -27.1431309],
                        [-48.647711, -27.143123],
                        [-48.647555, -27.143096],
                        [-48.647485, -27.143063],
                        [-48.6473913, -27.1430095],
                        [-48.6472126, -27.1428696],
                        [-48.647132, -27.142799],
                        [-48.6468578, -27.1425105],
                        [-48.6466705, -27.142293],
                        [-48.646526, -27.1421046],
                        [-48.646271, -27.141721],
                        [-48.6461007, -27.1413917],
                        [-48.6460429, -27.14128],
                        [-48.645956, -27.141112],
                        [-48.6458978, -27.14102],
                        [-48.6458033, -27.1409075]
                    ],
                    [
                        [-48.6500955, -27.1431177],
                        [-48.6502055, -27.1432371],
                        [-48.6503403, -27.1433409],
                        [-48.6503528, -27.1433929]
                    ],
                    [
                        [-48.6500955, -27.1431177],
                        [-48.6501036, -27.1430139],
                        [-48.6500922, -27.1429226],
                        [-48.6501257, -27.1427818],
                        [-48.650172, -27.1427359],
                        [-48.6501726, -27.1427102],
                        [-48.6501255, -27.1426604]
                    ],
                    [
                        [-48.6497251, -27.1431154],
                        [-48.6499111, -27.1430969],
                        [-48.6500245, -27.1430993],
                        [-48.6500955, -27.1431177]
                    ],
                    [
                        [-48.6458033, -27.1409075],
                        [-48.645733, -27.140859],
                        [-48.6456348, -27.1407873],
                        [-48.645359, -27.140586],
                        [-48.6452394, -27.1405148],
                        [-48.644991, -27.1403668],
                        [-48.6448472, -27.1402598],
                        [-48.6447715, -27.1401808]
                    ],
                    [
                        [-48.6446823, -27.1402508],
                        [-48.6448296, -27.1404369],
                        [-48.6448865, -27.1404947],
                        [-48.6450107, -27.1406158],
                        [-48.6451285, -27.1406493],
                        [-48.6452992, -27.1407171],
                        [-48.6454719, -27.1407992],
                        [-48.645564, -27.1408456],
                        [-48.6457355, -27.1409235],
                        [-48.6458033, -27.1409075]
                    ],
                    [
                        [-48.6439631, -27.1407864],
                        [-48.6445714, -27.1412554],
                        [-48.6450808, -27.1416039]
                    ],
                    [
                        [-48.6447715, -27.1401808],
                        [-48.6446378, -27.1400358],
                        [-48.644496, -27.1398821],
                        [-48.644413, -27.139792],
                        [-48.644278, -27.139699],
                        [-48.6441808, -27.139656],
                        [-48.6441105, -27.1396328],
                        [-48.6438415, -27.1395945],
                        [-48.6433636, -27.1395241],
                        [-48.643261, -27.139509],
                        [-48.6431398, -27.1394712],
                        [-48.643041, -27.139421]
                    ],
                    [
                        [-48.6447715, -27.1401808],
                        [-48.6446823, -27.1402508]
                    ],
                    [
                        [-48.6446823, -27.1402508],
                        [-48.6446196, -27.1402876],
                        [-48.6445161, -27.1403351],
                        [-48.6443861, -27.1403947],
                        [-48.6443153, -27.1404325],
                        [-48.6442586, -27.1404766],
                        [-48.6441879, -27.1405396],
                        [-48.6441209, -27.1406132],
                        [-48.6439631, -27.1407864]
                    ],
                    [
                        [-48.6438056, -27.140949],
                        [-48.6439509, -27.1411508],
                        [-48.6440069, -27.1412404],
                        [-48.6440463, -27.1413333],
                        [-48.6441233, -27.1415624]
                    ],
                    [
                        [-48.6441336, -27.1327765],
                        [-48.6440131, -27.1327611],
                        [-48.6439617, -27.1327195],
                        [-48.6439197, -27.1326489],
                        [-48.643887, -27.1325325],
                        [-48.643887, -27.1324452],
                        [-48.6439432, -27.1323346]
                    ],
                    [
                        [-48.6441336, -27.1327765],
                        [-48.6439432, -27.1323346]
                    ],
                    [
                        [-48.643041, -27.139421],
                        [-48.6430787, -27.1393769],
                        [-48.6431857, -27.1392418],
                        [-48.6434828, -27.1388692],
                        [-48.6437007, -27.138584],
                        [-48.6438, -27.138454],
                        [-48.6438444, -27.1384071],
                        [-48.644064, -27.138175],
                        [-48.6441068, -27.1381372],
                        [-48.6442227, -27.1380349],
                        [-48.64426, -27.138002],
                        [-48.6443915, -27.1379144],
                        [-48.644452, -27.137874],
                        [-48.644772, -27.1376855],
                        [-48.644991, -27.1375564],
                        [-48.645024, -27.137537],
                        [-48.6452338, -27.137374],
                        [-48.6455299, -27.137108],
                        [-48.6457164, -27.1369595],
                        [-48.6459186, -27.136796],
                        [-48.6460163, -27.1366943],
                        [-48.6460634, -27.1365932],
                        [-48.6460867, -27.136477],
                        [-48.6460823, -27.1363731],
                        [-48.6460495, -27.1362718],
                        [-48.6459641, -27.1361415],
                        [-48.6458507, -27.135935],
                        [-48.6457687, -27.1357575],
                        [-48.6456921, -27.1355393],
                        [-48.6456425, -27.1353677],
                        [-48.6455797, -27.1351888],
                        [-48.6454642, -27.1349732],
                        [-48.6453681, -27.1348213],
                        [-48.6452304, -27.1346162],
                        [-48.6451115, -27.1344161],
                        [-48.6449619, -27.1341614],
                        [-48.6446602, -27.1336451],
                        [-48.6446338, -27.1335991],
                        [-48.6444627, -27.1333194],
                        [-48.64429470000001, -27.1330254],
                        [-48.6441336, -27.1327765]
                    ],
                    [
                        [-48.6439631, -27.1407864],
                        [-48.6439082, -27.1408466],
                        [-48.6438552, -27.1409049],
                        [-48.6438056, -27.140949]
                    ],
                    [
                        [-48.6438056, -27.140949],
                        [-48.6437207, -27.141012],
                        [-48.6435529, -27.1411403],
                        [-48.6433377, -27.1413329],
                        [-48.6433003, -27.1413545]
                    ],
                    [
                        [-48.6439432, -27.1323346],
                        [-48.6438942, -27.1321347],
                        [-48.6438544, -27.1320357],
                        [-48.6437595, -27.1318705],
                        [-48.64365, -27.1316373],
                        [-48.6435655, -27.1314544],
                        [-48.6435081, -27.131336],
                        [-48.6434544, -27.1312543],
                        [-48.6433434, -27.1310448],
                        [-48.6432188, -27.1309058],
                        [-48.6431307, -27.1308029],
                        [-48.6430055, -27.130675],
                        [-48.6429178, -27.13059],
                        [-48.64273450000001, -27.1304754],
                        [-48.6425513, -27.1303913],
                        [-48.6423266, -27.1303164],
                        [-48.6422075, -27.1302837],
                        [-48.6419771, -27.1301813],
                        [-48.6417288, -27.1300459],
                        [-48.6415787, -27.1299555],
                        [-48.6414455, -27.1298472],
                        [-48.6413632, -27.1297695],
                        [-48.6412845, -27.1296855],
                        [-48.64117550000001, -27.12954],
                        [-48.6410858, -27.1293809],
                        [-48.6410347, -27.1292484],
                        [-48.6409969, -27.1291537],
                        [-48.640898, -27.128754],
                        [-48.640772, -27.12852],
                        [-48.640711, -27.12845],
                        [-48.6405321, -27.1283049],
                        [-48.6403422, -27.1281508],
                        [-48.640128, -27.127977],
                        [-48.6400022, -27.127808]
                    ],
                    [
                        [-48.6433003, -27.1413545],
                        [-48.6432836, -27.1414007],
                        [-48.6429516, -27.1417848],
                        [-48.6427379, -27.1420373],
                        [-48.6414945, -27.1432319]
                    ],
                    [
                        [-48.6433003, -27.1413545],
                        [-48.6432725, -27.1413613],
                        [-48.6432269, -27.1413583],
                        [-48.6431817, -27.1413564],
                        [-48.6431337, -27.1413527],
                        [-48.6430824, -27.1413464],
                        [-48.6430427, -27.1413371],
                        [-48.6429845, -27.1413081],
                        [-48.6429208, -27.1412766],
                        [-48.6426802, -27.1411506]
                    ],
                    [
                        [-48.643041, -27.139421],
                        [-48.6427216, -27.1392326],
                        [-48.6424559, -27.1390464],
                        [-48.6423531, -27.1390056],
                        [-48.6422373, -27.1389879],
                        [-48.642089, -27.139003],
                        [-48.641513, -27.139123],
                        [-48.641249, -27.139204],
                        [-48.6407422, -27.1394007],
                        [-48.6405838, -27.139444799999989],
                        [-48.639901, -27.13958],
                        [-48.639614, -27.139676],
                        [-48.639402, -27.139814],
                        [-48.639267, -27.139928],
                        [-48.63895, -27.140282],
                        [-48.638847, -27.140344],
                        [-48.638751, -27.140358],
                        [-48.638681, -27.140352],
                        [-48.638554, -27.140313],
                        [-48.638109, -27.140086],
                        [-48.63794, -27.140023],
                        [-48.637702, -27.139978],
                        [-48.637481, -27.139974],
                        [-48.63731, -27.140004],
                        [-48.637179, -27.140057],
                        [-48.636942, -27.140238],
                        [-48.6367806, -27.1403994]
                    ],
                    [
                        [-48.641549, -27.126591],
                        [-48.641289, -27.126637],
                        [-48.641197, -27.1267],
                        [-48.6411199, -27.1267861],
                        [-48.6406665, -27.1272924],
                        [-48.64052, -27.127456],
                        [-48.6404694, -27.1274922],
                        [-48.6403351, -27.1275505],
                        [-48.6402544, -27.1275993],
                        [-48.6400022, -27.127808]
                    ],
                    [
                        [-48.6400022, -27.127808],
                        [-48.639954, -27.127718],
                        [-48.6398547, -27.1275111],
                        [-48.639712, -27.1272137]
                    ],
                    [
                        [-48.639712, -27.1272137],
                        [-48.639362, -27.126484],
                        [-48.6393174, -27.1263966],
                        [-48.6392574, -27.1263255],
                        [-48.6389584, -27.1259714],
                        [-48.6387516, -27.1257264],
                        [-48.638568, -27.125509],
                        [-48.638453, -27.125386],
                        [-48.638076, -27.12511],
                        [-48.6380306, -27.1250821],
                        [-48.6377014, -27.1248796],
                        [-48.6373575, -27.1246681],
                        [-48.637081, -27.124498],
                        [-48.636859, -27.124376],
                        [-48.636713, -27.12432],
                        [-48.6364365, -27.1242588],
                        [-48.636279, -27.124224],
                        [-48.6359985, -27.124198],
                        [-48.6355863, -27.1241598],
                        [-48.635437, -27.124146],
                        [-48.6351611, -27.1240984],
                        [-48.634944, -27.124061],
                        [-48.634407, -27.1239],
                        [-48.6342905, -27.1238562],
                        [-48.6337036, -27.1236357],
                        [-48.6331071, -27.1234115],
                        [-48.632632, -27.123233],
                        [-48.6324427, -27.1231838],
                        [-48.632243, -27.123132],
                        [-48.6320635, -27.1231032],
                        [-48.6317237, -27.1230768],
                        [-48.6314428, -27.1230404],
                        [-48.6312751, -27.1230112],
                        [-48.6304604, -27.1226829]
                    ],
                    [
                        [-48.6365932, -27.1309906],
                        [-48.6365429, -27.1308475],
                        [-48.6365429, -27.1307491],
                        [-48.6366133, -27.1306507],
                        [-48.639712, -27.1272137]
                    ],
                    [
                        [-48.6367806, -27.1403994],
                        [-48.6372324, -27.1406898],
                        [-48.6370321, -27.1410978]
                    ],
                    [
                        [-48.6367806, -27.1403994],
                        [-48.636731, -27.140449],
                        [-48.6366162, -27.1405711],
                        [-48.6365533, -27.1406494],
                        [-48.636486, -27.140776],
                        [-48.636394, -27.140974],
                        [-48.636225, -27.141439],
                        [-48.6360714, -27.1419815]
                    ],
                    [
                        [-48.6360714, -27.1419815],
                        [-48.6355502, -27.1417866],
                        [-48.6353155, -27.1422712]
                    ],
                    [
                        [-48.6360714, -27.1419815],
                        [-48.636035, -27.142106],
                        [-48.635982, -27.142234],
                        [-48.6352398, -27.1435309]
                    ],
                    [
                        [-48.6352398, -27.1435309],
                        [-48.6332239, -27.1425571],
                        [-48.6328783, -27.143115]
                    ],
                    [
                        [-48.6352398, -27.1435309],
                        [-48.634988, -27.1440276]
                    ],
                    [
                        [-48.634988, -27.1440276],
                        [-48.6341706, -27.1436315]
                    ],
                    [
                        [-48.634988, -27.1440276],
                        [-48.6347707, -27.1444562]
                    ],
                    [
                        [-48.6347707, -27.1444562],
                        [-48.6339775, -27.144011]
                    ],
                    [
                        [-48.6347707, -27.1444562],
                        [-48.634733, -27.144524],
                        [-48.634605, -27.144657],
                        [-48.634463, -27.144749],
                        [-48.634034, -27.144899],
                        [-48.633943, -27.144948],
                        [-48.633887, -27.144996],
                        [-48.633811, -27.145125],
                        [-48.633793, -27.145219],
                        [-48.633794, -27.145839],
                        [-48.633718, -27.146186]
                    ],
                    [
                        [-48.6288607, -27.1221254],
                        [-48.6303024, -27.1226278],
                        [-48.6304604, -27.1226829]
                    ],
                    [
                        [-48.6297362, -27.1313232],
                        [-48.6300348, -27.1300595],
                        [-48.6300896, -27.1297711],
                        [-48.6301285, -27.1295879],
                        [-48.6302407, -27.129053],
                        [-48.6302626, -27.1289158],
                        [-48.6302622, -27.1287844],
                        [-48.6301788, -27.127566699999988],
                        [-48.6301902, -27.1274962],
                        [-48.6302062, -27.1274343],
                        [-48.6302357, -27.1273229],
                        [-48.6303186, -27.1271277],
                        [-48.6304312, -27.1268555],
                        [-48.63045540000001, -27.1267813],
                        [-48.6304731, -27.1266981],
                        [-48.630484, -27.1266066],
                        [-48.630525, -27.1260607],
                        [-48.6305476, -27.1259582],
                        [-48.6305872, -27.1258562],
                        [-48.6307045, -27.1256264],
                        [-48.6308634, -27.1253453],
                        [-48.6308869, -27.125253399999988],
                        [-48.6308768, -27.125186],
                        [-48.630804, -27.1250461],
                        [-48.6306138, -27.124743],
                        [-48.6305811, -27.1246723],
                        [-48.6305511, -27.1245928],
                        [-48.6305324, -27.1245161],
                        [-48.6304225, -27.1238526],
                        [-48.6304107, -27.1237813],
                        [-48.6303841, -27.1235541],
                        [-48.6303778, -27.1234792],
                        [-48.6303735, -27.1233691],
                        [-48.6303732, -27.1232499],
                        [-48.6303842, -27.1231198],
                        [-48.6304604, -27.1226829]
                    ],
                    [
                        [-48.6297362, -27.1313232],
                        [-48.6285597, -27.1307914]
                    ],
                    [
                        [-48.6296261, -27.1317815],
                        [-48.6297362, -27.1313232]
                    ],
                    [
                        [-48.6283936, -27.1312262],
                        [-48.6296261, -27.1317815]
                    ],
                    [
                        [-48.629525, -27.1322709],
                        [-48.6295415, -27.1321677],
                        [-48.6295751, -27.1320064],
                        [-48.6296261, -27.1317815]
                    ],
                    [
                        [-48.629525, -27.1322709],
                        [-48.628221, -27.1316782]
                    ],
                    [
                        [-48.6281356, -27.1350861],
                        [-48.6281866, -27.1350208],
                        [-48.6282493, -27.1349501],
                        [-48.628497, -27.1346824],
                        [-48.6286238, -27.1345243],
                        [-48.6288974, -27.1340051],
                        [-48.6293299, -27.1330963],
                        [-48.6294087, -27.1328928],
                        [-48.6294497, -27.1327253],
                        [-48.6294771, -27.1325391],
                        [-48.6295116, -27.1323321],
                        [-48.629525, -27.1322709]
                    ],
                    [
                        [-48.6284944, -27.1220163],
                        [-48.6286473, -27.1215284],
                        [-48.6286704, -27.1214971],
                        [-48.6287106, -27.1214786],
                        [-48.6289027, -27.1215024],
                        [-48.6292293, -27.1215215],
                        [-48.6294298, -27.1214965],
                        [-48.6295371, -27.1214553],
                        [-48.629639, -27.1213867],
                        [-48.6297463, -27.1212942]
                    ],
                    [
                        [-48.6284944, -27.1220163],
                        [-48.6287143, -27.1220778],
                        [-48.6288607, -27.1221254]
                    ],
                    [
                        [-48.6288607, -27.1221254],
                        [-48.6286654, -27.1226829],
                        [-48.6285366, -27.1230828]
                    ],
                    [
                        [-48.6285597, -27.1307914],
                        [-48.6270213, -27.1300928]
                    ],
                    [
                        [-48.6285597, -27.1307914],
                        [-48.6286726, -27.1304959],
                        [-48.6279763, -27.1300169],
                        [-48.6271847, -27.1296568]
                    ],
                    [
                        [-48.6283936, -27.1312262],
                        [-48.6285597, -27.1307914]
                    ],
                    [
                        [-48.6268562, -27.1305333],
                        [-48.6283936, -27.1312262]
                    ],
                    [
                        [-48.628221, -27.1316782],
                        [-48.6283936, -27.1312262]
                    ],
                    [
                        [-48.6258603, -27.120442499999989],
                        [-48.6261944, -27.1206526],
                        [-48.6263271, -27.1207367],
                        [-48.6265377, -27.1208961],
                        [-48.6267342, -27.1210596],
                        [-48.6268931, -27.1211802],
                        [-48.62709490000001, -27.1213538],
                        [-48.6272659, -27.1214851],
                        [-48.6273806, -27.1215669],
                        [-48.6275301, -27.1216534],
                        [-48.6278185, -27.1217877],
                        [-48.6281752, -27.1219142],
                        [-48.6284944, -27.1220163]
                    ],
                    [
                        [-48.6273515, -27.1292118],
                        [-48.6281544, -27.1295765],
                        [-48.6282147, -27.1296123],
                        [-48.6282764, -27.1296648],
                        [-48.6283167, -27.1297287]
                    ],
                    [
                        [-48.628221, -27.1316782],
                        [-48.6276163, -27.1314033]
                    ],
                    [
                        [-48.6281021, -27.1351431],
                        [-48.6280614, -27.1352299],
                        [-48.6279631, -27.1354941],
                        [-48.6278941, -27.135738],
                        [-48.6278615, -27.1358841],
                        [-48.6280046, -27.1361512],
                        [-48.6279505, -27.1362918],
                        [-48.62796130000001, -27.136349099999986],
                        [-48.6279908, -27.1364279],
                        [-48.6280337, -27.1366523],
                        [-48.6281222, -27.1368217],
                        [-48.6282536, -27.1369315],
                        [-48.6283046, -27.1370557],
                        [-48.6282778, -27.1371679],
                        [-48.6280712, -27.1373445],
                        [-48.627736, -27.1376076]
                    ],
                    [
                        [-48.6275791, -27.1286047],
                        [-48.628228, -27.1290581]
                    ],
                    [
                        [-48.6276163, -27.1314033],
                        [-48.6266882, -27.1309814]
                    ],
                    [
                        [-48.6265242, -27.1314189],
                        [-48.6273285, -27.131789099999988],
                        [-48.6276163, -27.1314033]
                    ],
                    [
                        [-48.6259688, -27.1280717],
                        [-48.6261459, -27.1276031],
                        [-48.6275791, -27.1286047]
                    ],
                    [
                        [-48.6275791, -27.1286047],
                        [-48.6275168, -27.1287709]
                    ],
                    [
                        [-48.6275168, -27.1287709],
                        [-48.6259688, -27.1280717]
                    ],
                    [
                        [-48.6275168, -27.1287709],
                        [-48.6273515, -27.1292118]
                    ],
                    [
                        [-48.6258036, -27.1285089],
                        [-48.6273515, -27.1292118]
                    ],
                    [
                        [-48.6273515, -27.1292118],
                        [-48.6271847, -27.1296568]
                    ],
                    [
                        [-48.6271847, -27.1296568],
                        [-48.6256361, -27.1289521]
                    ],
                    [
                        [-48.6271847, -27.1296568],
                        [-48.6270213, -27.1300928]
                    ],
                    [
                        [-48.6270213, -27.1300928],
                        [-48.6254708, -27.1293896]
                    ],
                    [
                        [-48.6270213, -27.1300928],
                        [-48.6268562, -27.1305333]
                    ],
                    [
                        [-48.6253032, -27.1298332],
                        [-48.6268562, -27.1305333]
                    ],
                    [
                        [-48.6268562, -27.1305333],
                        [-48.6266882, -27.1309814]
                    ],
                    [
                        [-48.6266882, -27.1309814],
                        [-48.6251359, -27.1302759]
                    ],
                    [
                        [-48.6266882, -27.1309814],
                        [-48.6265242, -27.1314189]
                    ],
                    [
                        [-48.6249737, -27.1307051],
                        [-48.6265242, -27.1314189]
                    ],
                    [
                        [-48.6258036, -27.1285089],
                        [-48.6259688, -27.1280717]
                    ],
                    [
                        [-48.6256361, -27.1289521],
                        [-48.6258036, -27.1285089]
                    ],
                    [
                        [-48.625098, -27.1200235],
                        [-48.6257096, -27.1203601],
                        [-48.6258603, -27.120442499999989]
                    ],
                    [
                        [-48.6258603, -27.120442499999989],
                        [-48.6258384, -27.1205135],
                        [-48.6256228, -27.121299]
                    ],
                    [
                        [-48.6254708, -27.1293896],
                        [-48.6256361, -27.1289521]
                    ],
                    [
                        [-48.625098, -27.1200235],
                        [-48.6257462, -27.1177808]
                    ],
                    [
                        [-48.6254708, -27.1293896],
                        [-48.6249827, -27.1289929],
                        [-48.6248928, -27.128923],
                        [-48.6245357, -27.1286733]
                    ],
                    [
                        [-48.6253032, -27.1298332],
                        [-48.6254708, -27.1293896]
                    ],
                    [
                        [-48.6251359, -27.1302759],
                        [-48.6253032, -27.1298332]
                    ],
                    [
                        [-48.6249737, -27.1307051],
                        [-48.6251359, -27.1302759]
                    ],
                    [
                        [-48.6248812, -27.1309498],
                        [-48.6249737, -27.1307051]
                    ],
                    [
                        [-48.6246823, -27.1197705],
                        [-48.625098, -27.1200235]
                    ],
                    [
                        [-48.6246823, -27.1197705],
                        [-48.6251337, -27.1180394]
                    ],
                    [
                        [-48.6242424, -27.1195174],
                        [-48.6246823, -27.1197705]
                    ],
                    [
                        [-48.6242424, -27.1195174],
                        [-48.6245132, -27.1183707]
                    ],
                    [
                        [-48.6228999, -27.1188074],
                        [-48.6230431, -27.118862],
                        [-48.6231749, -27.118917],
                        [-48.6233519, -27.1190005],
                        [-48.6235061, -27.1190877],
                        [-48.623706, -27.119207],
                        [-48.6242424, -27.1195174]
                    ],
                    [
                        [-48.6218889, -27.1186846],
                        [-48.6224255, -27.1187273],
                        [-48.6225785, -27.1187417],
                        [-48.622685, -27.1187577],
                        [-48.6227889, -27.118779599999989],
                        [-48.6228999, -27.1188074]
                    ],
                    [
                        [-48.6228999, -27.1188074],
                        [-48.6228114, -27.1190375],
                        [-48.6227019, -27.1192432]
                    ],
                    [
                        [-48.6228443, -27.1198102],
                        [-48.6218004, -27.1190349],
                        [-48.621875, -27.1188007],
                        [-48.6218889, -27.1186846]
                    ],
                    [
                        [-48.6177748, -27.1182331],
                        [-48.6178162, -27.1182722],
                        [-48.6178468, -27.1183067],
                        [-48.6178776, -27.118343],
                        [-48.6179156, -27.1184031],
                        [-48.6179463, -27.1184641],
                        [-48.6179664, -27.1185277],
                        [-48.617977, -27.1186052],
                        [-48.6179902, -27.1188986],
                        [-48.6179978, -27.1190658],
                        [-48.6180051, -27.1191359],
                        [-48.6180184, -27.1192014],
                        [-48.6180363, -27.1192612],
                        [-48.6180595, -27.1193055],
                        [-48.6180892, -27.1193504],
                        [-48.6181232, -27.1193912],
                        [-48.6181658, -27.1194265],
                        [-48.618226, -27.1194645],
                        [-48.6182925, -27.1194965],
                        [-48.6183756, -27.1195223],
                        [-48.6184557, -27.1195431],
                        [-48.6185419, -27.1195636],
                        [-48.6186237, -27.1195743],
                        [-48.6186901, -27.1195734],
                        [-48.6187441, -27.1195644],
                        [-48.618786, -27.1195517],
                        [-48.6188217, -27.1195363],
                        [-48.6192945, -27.1192695],
                        [-48.6197792, -27.11898],
                        [-48.6198719, -27.1189326],
                        [-48.6199601, -27.1188922],
                        [-48.6200636, -27.1188504],
                        [-48.62019, -27.1188038],
                        [-48.620322, -27.11876],
                        [-48.6204957, -27.1187276],
                        [-48.6207236, -27.1186974],
                        [-48.6208768, -27.1186818],
                        [-48.6210499, -27.118669],
                        [-48.6211711, -27.1186633],
                        [-48.6213627, -27.118663],
                        [-48.6216005, -27.1186701],
                        [-48.621803, -27.1186811],
                        [-48.6218889, -27.1186846]
                    ]
                ]
            }
        },
        {
            "type": "Feature",
            "properties": {
                "SETOR": "N01",
                "TURNO": "NOITE",
                "FREQUENCIA": "SEG - QUI - SEX",
                "HORARIO": "22:35 ÀS 06:07",
                "OPERACAO": "DOMICILIAR",
                "FILIAL": "ITAPEMA"
            },
            "geometry": {
                "type": "MultiLineString",
                "coordinates": [
                    [
                        [-48.6095044, -27.1303898],
                        [-48.6094718, -27.1296579],
                        [-48.6094415, -27.1290066],
                        [-48.6090854, -27.1287688],
                        [-48.6086511, -27.1284642],
                        [-48.6065327, -27.1269785],
                        [-48.606862, -27.1265922],
                        [-48.6074958, -27.1270318],
                        [-48.6089424, -27.1280351],
                        [-48.608986, -27.1280654],
                        [-48.6090254, -27.1280927],
                        [-48.6094193, -27.1283658],
                        [-48.6093942, -27.1277909],
                        [-48.6092803, -27.1277179],
                        [-48.6082992, -27.1270326],
                        [-48.6081152, -27.126904],
                        [-48.6079295, -27.1267742],
                        [-48.6071671, -27.1262416],
                        [-48.6064561, -27.1257449],
                        [-48.6067251, -27.1254406],
                        [-48.6093688, -27.12728],
                        [-48.6093396, -27.1266583],
                        [-48.6093271, -27.1264092],
                        [-48.609321, -27.1262674],
                        [-48.609316780299395, -27.126169643619747],
                        [-48.6093036, -27.1258643],
                        [-48.607472, -27.124595599999989],
                        [-48.6078364, -27.1241833],
                        [-48.6092752, -27.1251808],
                        [-48.6092447, -27.1245138],
                        [-48.6087076, -27.1241409],
                        [-48.6086519, -27.1241023],
                        [-48.6081908, -27.1237822],
                        [-48.6059311, -27.1221728],
                        [-48.60567, -27.1225591],
                        [-48.6056283, -27.1226208],
                        [-48.6078364, -27.1241833],
                        [-48.6081908, -27.1237822]
                    ],
                    [
                        [-48.6094415, -27.1290066],
                        [-48.6094193, -27.1283658]
                    ],
                    [
                        [-48.6093942, -27.1277909],
                        [-48.6093688, -27.12728]
                    ],
                    [
                        [-48.6093036, -27.1258643],
                        [-48.6092752, -27.1251808]
                    ],
                    [
                        [-48.6092447, -27.1245138],
                        [-48.6092153, -27.1237744],
                        [-48.609181, -27.1231151],
                        [-48.6065493, -27.121258],
                        [-48.6063877, -27.1214971],
                        [-48.6063018, -27.1216241],
                        [-48.6062596, -27.1216866],
                        [-48.6092153, -27.1237744]
                    ],
                    [
                        [-48.6090854, -27.1287688],
                        [-48.6087395, -27.1291753],
                        [-48.6094196, -27.1296236],
                        [-48.6094718, -27.1296579]
                    ],
                    [
                        [-48.609181, -27.1231151],
                        [-48.6091577, -27.1225793],
                        [-48.6091519, -27.1223369],
                        [-48.6091344, -27.1220176],
                        [-48.6080385, -27.1212644],
                        [-48.6070187, -27.1205634],
                        [-48.6068218, -27.1208547],
                        [-48.6067748, -27.1209242],
                        [-48.6091577, -27.1225793]
                    ],
                    [
                        [-48.609241184676534, -27.117901173120792],
                        [-48.6091425, -27.1179001],
                        [-48.6090328, -27.1178972],
                        [-48.60898, -27.1179171],
                        [-48.6089214, -27.1179446],
                        [-48.6088591, -27.1179873],
                        [-48.6087991, -27.1180383],
                        [-48.6087099, -27.1181164],
                        [-48.6085025, -27.11842],
                        [-48.6089893, -27.1187458],
                        [-48.6089951, -27.118509],
                        [-48.6089987, -27.1182663],
                        [-48.6090016, -27.1180332],
                        [-48.6090191, -27.1179966],
                        [-48.6090471, -27.1179754],
                        [-48.6091191, -27.1179592],
                        [-48.609237498167893, -27.117962257191589]
                    ],
                    [
                        [-48.6091344, -27.1220176],
                        [-48.6091034, -27.1213056],
                        [-48.6090728, -27.1205852],
                        [-48.6076639, -27.1196086],
                        [-48.6073785, -27.1200308],
                        [-48.607351, -27.120071599999989],
                        [-48.6091034, -27.1213056]
                    ],
                    [
                        [-48.6091425, -27.1179001],
                        [-48.6090519, -27.117847],
                        [-48.6089907, -27.117778],
                        [-48.6089662, -27.1177163],
                        [-48.6087677, -27.1180199],
                        [-48.6087099, -27.1181164]
                    ],
                    [
                        [-48.6090728, -27.1205852],
                        [-48.6090409, -27.1199835],
                        [-48.6090114, -27.119356],
                        [-48.6082077, -27.1188038],
                        [-48.6081042, -27.118957],
                        [-48.6079857, -27.1191324],
                        [-48.6079325, -27.119211],
                        [-48.6090409, -27.1199835]
                    ],
                    [
                        [-48.6090114, -27.119356],
                        [-48.609003, -27.1190396],
                        [-48.6089893, -27.1187458]
                    ],
                    [
                        [-48.6078972, -27.1299267],
                        [-48.607934826069538, -27.129895097118592],
                        [-48.608317, -27.1295741],
                        [-48.6087395, -27.1291753]
                    ],
                    [
                        [-48.6085025, -27.11842],
                        [-48.6083133, -27.1187138],
                        [-48.6082077, -27.1188038]
                    ],
                    [
                        [-48.6079325, -27.119211],
                        [-48.6078023, -27.1194026],
                        [-48.6077142, -27.1195337],
                        [-48.6076639, -27.1196086]
                    ],
                    [
                        [-48.607351, -27.120071599999989],
                        [-48.6070861, -27.120463699999988],
                        [-48.6070187, -27.1205634]
                    ],
                    [
                        [-48.6067748, -27.1209242],
                        [-48.6066126, -27.1211643],
                        [-48.6065493, -27.121258]
                    ],
                    [
                        [-48.6064561, -27.1257449],
                        [-48.604459, -27.1243497],
                        [-48.604195, -27.1247425],
                        [-48.606862, -27.1265922],
                        [-48.6071671, -27.1262416]
                    ],
                    [
                        [-48.6062596, -27.1216866],
                        [-48.6061684, -27.1218216],
                        [-48.6059966, -27.1220759],
                        [-48.6059311, -27.1221728]
                    ],
                    [
                        [-48.6054537, -27.1282344],
                        [-48.605500526741643, -27.128180218442928],
                        [-48.6057211, -27.127925],
                        [-48.6058044, -27.1278286],
                        [-48.6061759, -27.1273944],
                        [-48.6065327, -27.1269785],
                        [-48.6039182, -27.1251514],
                        [-48.6036474, -27.1255521],
                        [-48.603603, -27.1256178],
                        [-48.6061759, -27.1273944],
                        [-48.6081433, -27.1287611],
                        [-48.608521, -27.1290235],
                        [-48.6087395, -27.1291753]
                    ],
                    [
                        [-48.6056283, -27.1226208],
                        [-48.6054201, -27.1229289],
                        [-48.6053955, -27.1229653],
                        [-48.6053166, -27.1230821]
                    ],
                    [
                        [-48.6049744, -27.1235869],
                        [-48.6046891, -27.1240107],
                        [-48.6067251, -27.1254406],
                        [-48.6070602, -27.1250614],
                        [-48.607472, -27.124595599999989],
                        [-48.6053166, -27.1230821],
                        [-48.6050078, -27.1235376],
                        [-48.6049744, -27.1235869],
                        [-48.6050728, -27.1236565],
                        [-48.6070602, -27.1250614],
                        [-48.6093396, -27.1266583]
                    ],
                    [
                        [-48.6046891, -27.1240107],
                        [-48.6045002, -27.124289],
                        [-48.604459, -27.1243497]
                    ],
                    [
                        [-48.604195, -27.1247425],
                        [-48.6039857, -27.1250517],
                        [-48.6039182, -27.1251514]
                    ],
                    [
                        [-48.603603, -27.1256178],
                        [-48.6032866, -27.1260891],
                        [-48.6058044, -27.1278286],
                        [-48.6066384, -27.128408],
                        [-48.608317, -27.1295741],
                        [-48.6084691, -27.1296798],
                        [-48.6095044, -27.1303898],
                        [-48.609505146852868, -27.130443228500798],
                        [-48.6095083, -27.1306688],
                        [-48.6095034, -27.1308508],
                        [-48.60949919716208, -27.130970988784938],
                        [-48.6094967, -27.1310424]
                    ],
                    [
                        [-48.6029858, -27.1265311],
                        [-48.602986812357187, -27.126529611240457],
                        [-48.6030283, -27.1264686],
                        [-48.6032866, -27.1260891]
                    ]
                ]
            }
        },
        {
            "type": "Feature",
            "properties": {
                "SETOR": "N04",
                "TURNO": "NOITE",
                "FREQUENCIA": "TER - QUI - SAB",
                "HORARIO": "22:35 ÀS 06:07",
                "OPERACAO": "DOMICILIAR",
                "FILIAL": "ITAPEMA"
            },
            "geometry": {
                "type": "MultiLineString",
                "coordinates": [
                    [
                        [-48.6096481, -27.1355805],
                        [-48.609648105889185, -27.135580629418353],
                        [-48.6096522, -27.1356706]
                    ],
                    [
                        [-48.6096481, -27.1355805],
                        [-48.609647832790365, -27.135580317803122]
                    ],
                    [
                        [-48.609648084952987, -27.135580174477475],
                        [-48.6096481, -27.1355805]
                    ],
                    [
                        [-48.607268414538915, -27.133957869562213],
                        [-48.6072601, -27.1339522]
                    ],
                    [
                        [-48.6072601, -27.1339522],
                        [-48.607243045593236, -27.133940570381263]
                    ],
                    [
                        [-48.607255987002119, -27.133957040782228],
                        [-48.6072601, -27.1339522]
                    ],
                    [
                        [-48.6051917, -27.1325417],
                        [-48.605190130450062, -27.132543552708853],
                        [-48.605186885563143, -27.132547382998162]
                    ],
                    [
                        [-48.6024394, -27.1373124],
                        [-48.6041095, -27.138446]
                    ],
                    [
                        [-48.6026305, -27.1370875],
                        [-48.6038276, -27.1379082]
                    ],
                    [
                        [-48.6021445, -27.1376593],
                        [-48.6038071, -27.1387946]
                    ],
                    [
                        [-48.6028787, -27.1367662],
                        [-48.6035368, -27.1372173]
                    ],
                    [
                        [-48.60181, -27.1380527],
                        [-48.6032419, -27.1390047]
                    ],
                    [
                        [-48.6007538, -27.1353678],
                        [-48.6023389, -27.1364457],
                        [-48.6024202, -27.1364887],
                        [-48.6025119, -27.1365329],
                        [-48.6025833, -27.1365683],
                        [-48.6026371, -27.1366008],
                        [-48.6028787, -27.1367662]
                    ],
                    [
                        [-48.6028787, -27.1367662],
                        [-48.6028493, -27.1368228],
                        [-48.6028221, -27.1368622],
                        [-48.6026305, -27.1370875]
                    ],
                    [
                        [-48.6005167, -27.1356442],
                        [-48.6026305, -27.1370875]
                    ],
                    [
                        [-48.6026305, -27.1370875],
                        [-48.6024394, -27.1373124]
                    ],
                    [
                        [-48.6003208, -27.1358742],
                        [-48.6024394, -27.1373124]
                    ],
                    [
                        [-48.6024394, -27.1373124],
                        [-48.6021445, -27.1376593]
                    ],
                    [
                        [-48.6014753, -27.1384464],
                        [-48.6023363, -27.1390156]
                    ],
                    [
                        [-48.6000342, -27.1362183],
                        [-48.6021445, -27.1376593]
                    ],
                    [
                        [-48.6021445, -27.1376593],
                        [-48.60181, -27.1380527]
                    ],
                    [
                        [-48.5996861, -27.1366405],
                        [-48.60181, -27.1380527]
                    ],
                    [
                        [-48.60181, -27.1380527],
                        [-48.6014753, -27.1384464]
                    ],
                    [
                        [-48.6016041, -27.1410995],
                        [-48.6012427, -27.1408577],
                        [-48.6002061, -27.1401641],
                        [-48.6001749, -27.1401432],
                        [-48.6001236, -27.1401089]
                    ],
                    [
                        [-48.6011634, -27.1389046],
                        [-48.6014961, -27.139124]
                    ],
                    [
                        [-48.6014753, -27.1384464],
                        [-48.5993533, -27.1370437]
                    ],
                    [
                        [-48.6014753, -27.1384464],
                        [-48.6013645, -27.1385998],
                        [-48.6011634, -27.1389046]
                    ],
                    [
                        [-48.6008903, -27.1393042],
                        [-48.6011837, -27.1394971]
                    ],
                    [
                        [-48.5998335, -27.1404639],
                        [-48.6011156, -27.1413175]
                    ],
                    [
                        [-48.5989918, -27.1374728],
                        [-48.6011634, -27.1389046]
                    ],
                    [
                        [-48.6011634, -27.1389046],
                        [-48.6008903, -27.1393042]
                    ],
                    [
                        [-48.6005427, -27.139742],
                        [-48.6010413, -27.1400703]
                    ],
                    [
                        [-48.5986825, -27.1378328],
                        [-48.6008903, -27.1393042]
                    ],
                    [
                        [-48.6008903, -27.1393042],
                        [-48.6005427, -27.139742]
                    ],
                    [
                        [-48.6007538, -27.1353678],
                        [-48.5981893, -27.1336238],
                        [-48.5980164, -27.1338794]
                    ],
                    [
                        [-48.6005167, -27.1356442],
                        [-48.6007538, -27.1353678]
                    ],
                    [
                        [-48.6005701, -27.1413137],
                        [-48.599644, -27.1406958]
                    ],
                    [
                        [-48.6004651, -27.139691],
                        [-48.6005427, -27.139742]
                    ],
                    [
                        [-48.600690074550322, -27.129927041974536],
                        [-48.6006899, -27.1299273],
                        [-48.600689743881297, -27.129927530611958]
                    ],
                    [
                        [-48.6004651, -27.139691],
                        [-48.5996704, -27.1391678],
                        [-48.5983117, -27.1382733]
                    ],
                    [
                        [-48.6001236, -27.1401089],
                        [-48.6001598, -27.1400646],
                        [-48.6004651, -27.139691]
                    ],
                    [
                        [-48.5980164, -27.1338794],
                        [-48.6005167, -27.1356442]
                    ],
                    [
                        [-48.6003208, -27.1358742],
                        [-48.600488, -27.1356779],
                        [-48.6005167, -27.1356442]
                    ],
                    [
                        [-48.6002094, -27.1416477],
                        [-48.5993835, -27.1410952],
                        [-48.5993409, -27.1410667]
                    ],
                    [
                        [-48.6003208, -27.1358742],
                        [-48.5999494, -27.1356215],
                        [-48.5991991, -27.1351109],
                        [-48.5978187, -27.1341715]
                    ],
                    [
                        [-48.6000342, -27.1362183],
                        [-48.6003208, -27.1358742]
                    ],
                    [
                        [-48.5979766, -27.1386777],
                        [-48.6000735, -27.1400755],
                        [-48.6001236, -27.1401089]
                    ],
                    [
                        [-48.5998335, -27.1404639],
                        [-48.6001236, -27.1401089]
                    ],
                    [
                        [-48.5975721, -27.134537],
                        [-48.6000342, -27.1362183]
                    ],
                    [
                        [-48.5996861, -27.1366405],
                        [-48.5998681, -27.1364197],
                        [-48.5999866, -27.136276],
                        [-48.6000342, -27.1362183]
                    ],
                    [
                        [-48.5976823, -27.1390324],
                        [-48.5998335, -27.1404639]
                    ],
                    [
                        [-48.599644, -27.1406958],
                        [-48.5998335, -27.1404639]
                    ],
                    [
                        [-48.599644, -27.1406958],
                        [-48.597494, -27.1392624]
                    ],
                    [
                        [-48.5993409, -27.1410667],
                        [-48.599644, -27.1406958]
                    ],
                    [
                        [-48.597246, -27.1350181],
                        [-48.5996861, -27.1366405]
                    ],
                    [
                        [-48.5993533, -27.1370437],
                        [-48.5996861, -27.1366405]
                    ],
                    [
                        [-48.5994441, -27.1417203],
                        [-48.5990317, -27.1414451]
                    ],
                    [
                        [-48.5993409, -27.1410667],
                        [-48.5992799, -27.1410259],
                        [-48.5971933, -27.1396303]
                    ],
                    [
                        [-48.5990317, -27.1414451],
                        [-48.5993409, -27.1410667]
                    ],
                    [
                        [-48.5993533, -27.1370437],
                        [-48.5989614, -27.1367847],
                        [-48.5970614, -27.1355286],
                        [-48.5969291, -27.1354866]
                    ],
                    [
                        [-48.5989918, -27.1374728],
                        [-48.5993314, -27.1370697],
                        [-48.5993533, -27.1370437]
                    ],
                    [
                        [-48.5990317, -27.1414451],
                        [-48.5981521, -27.1408578],
                        [-48.5974503, -27.1403892],
                        [-48.5968845, -27.1400115]
                    ],
                    [
                        [-48.5987353, -27.1418078],
                        [-48.5990317, -27.1414451]
                    ],
                    [
                        [-48.5966406, -27.1359131],
                        [-48.5989918, -27.1374728]
                    ],
                    [
                        [-48.5986825, -27.1378328],
                        [-48.598875, -27.1376087],
                        [-48.5989918, -27.1374728]
                    ],
                    [
                        [-48.59637810000001, -27.136301],
                        [-48.5986825, -27.1378328]
                    ],
                    [
                        [-48.5983117, -27.1382733],
                        [-48.5983839, -27.1381875],
                        [-48.5986825, -27.1378328]
                    ],
                    [
                        [-48.5983117, -27.1382733],
                        [-48.5960508, -27.1367848]
                    ],
                    [
                        [-48.5979766, -27.1386777],
                        [-48.5982259, -27.1383768],
                        [-48.5983117, -27.1382733]
                    ],
                    [
                        [-48.5957669, -27.1372045],
                        [-48.5963139, -27.1375692],
                        [-48.5979293, -27.1386461],
                        [-48.5979766, -27.1386777]
                    ],
                    [
                        [-48.5976823, -27.1390324],
                        [-48.5979332, -27.13873],
                        [-48.5979766, -27.1386777]
                    ],
                    [
                        [-48.5980164, -27.1338794],
                        [-48.5978187, -27.1341715]
                    ],
                    [
                        [-48.5978187, -27.1341715],
                        [-48.5977352, -27.1342949],
                        [-48.597698, -27.1343501],
                        [-48.5975721, -27.134537]
                    ],
                    [
                        [-48.5976823, -27.1390324],
                        [-48.5967663, -27.1384228],
                        [-48.5959737, -27.1378953],
                        [-48.5955089, -27.1375859]
                    ],
                    [
                        [-48.597494, -27.1392624],
                        [-48.5976823, -27.1390324]
                    ],
                    [
                        [-48.5953444, -27.1378289],
                        [-48.597494, -27.1392624]
                    ],
                    [
                        [-48.5971933, -27.1396303],
                        [-48.5972417, -27.1395711],
                        [-48.597494, -27.1392624]
                    ],
                    [
                        [-48.5975721, -27.134537],
                        [-48.597246, -27.1350181]
                    ],
                    [
                        [-48.5950814, -27.1382177],
                        [-48.5971933, -27.1396303]
                    ],
                    [
                        [-48.5968845, -27.1400115],
                        [-48.5971414, -27.1396944],
                        [-48.5971933, -27.1396303]
                    ],
                    [
                        [-48.597246, -27.1350181],
                        [-48.5971174, -27.1352082],
                        [-48.5969291, -27.1354866]
                    ],
                    [
                        [-48.5968845, -27.1400115],
                        [-48.5948064, -27.1386242]
                    ],
                    [
                        [-48.5965981, -27.1403684],
                        [-48.5968382, -27.1400691],
                        [-48.5968845, -27.1400115]
                    ],
                    [
                        [-48.5969291, -27.1354866],
                        [-48.5966858, -27.1358462],
                        [-48.5966406, -27.1359131]
                    ],
                    [
                        [-48.5966406, -27.1359131],
                        [-48.59637810000001, -27.136301]
                    ],
                    [
                        [-48.59637810000001, -27.136301],
                        [-48.5963286, -27.1363741],
                        [-48.5960962, -27.1367177],
                        [-48.5960508, -27.1367848]
                    ],
                    [
                        [-48.5960508, -27.1367848],
                        [-48.59589, -27.137027],
                        [-48.5957669, -27.1372045]
                    ],
                    [
                        [-48.5957669, -27.1372045],
                        [-48.5955089, -27.1375859]
                    ],
                    [
                        [-48.5955089, -27.1375859],
                        [-48.5953444, -27.1378289]
                    ],
                    [
                        [-48.5953444, -27.1378289],
                        [-48.595272, -27.137936],
                        [-48.5952185, -27.1380151],
                        [-48.5950814, -27.1382177]
                    ],
                    [
                        [-48.5950814, -27.1382177],
                        [-48.5948064, -27.1386242]
                    ],
                    [
                        [-48.5948064, -27.1386242],
                        [-48.5947797, -27.1387337],
                        [-48.5946698, -27.1389023],
                        [-48.5946241, -27.1389724],
                        [-48.5945615, -27.1390085]
                    ]
                ]
            }
        },
        {
            "type": "Feature",
            "properties": {
                "SETOR": "M06",
                "TURNO": "MANHÃ",
                "FREQUENCIA": "TER - QUI - SAB",
                "HORARIO": "06:00 ÀS 14:20",
                "OPERACAO": "DOMICILIAR",
                "FILIAL": "ITAPEMA"
            },
            "geometry": {
                "type": "MultiLineString",
                "coordinates": [
                    [
                        [-48.6243903, -27.1313282],
                        [-48.6241842, -27.1318663]
                    ],
                    [
                        [-48.6227406, -27.1279502],
                        [-48.6242527, -27.1290018]
                    ],
                    [
                        [-48.6241842, -27.1318663],
                        [-48.6233846, -27.1313192],
                        [-48.6226749, -27.1308336]
                    ],
                    [
                        [-48.6241842, -27.1318663],
                        [-48.6240076, -27.1323407]
                    ],
                    [
                        [-48.6223517, -27.1312088],
                        [-48.6240076, -27.1323407]
                    ],
                    [
                        [-48.6240076, -27.1323407],
                        [-48.6238293, -27.1328178]
                    ],
                    [
                        [-48.6224144, -27.1283297],
                        [-48.6239259, -27.1293813]
                    ],
                    [
                        [-48.6233154, -27.13009],
                        [-48.6218009, -27.1290433]
                    ],
                    [
                        [-48.6233154, -27.13009],
                        [-48.6235997, -27.12976],
                        [-48.6220895, -27.1287076]
                    ],
                    [
                        [-48.6230003, -27.1304559],
                        [-48.6233154, -27.13009]
                    ],
                    [
                        [-48.6214809, -27.1294156],
                        [-48.6230003, -27.1304559]
                    ],
                    [
                        [-48.6226749, -27.1308336],
                        [-48.6230003, -27.1304559]
                    ],
                    [
                        [-48.6211798, -27.1268647],
                        [-48.6227406, -27.1279502]
                    ],
                    [
                        [-48.6227406, -27.1279502],
                        [-48.6224144, -27.1283297]
                    ],
                    [
                        [-48.6226749, -27.1308336],
                        [-48.6211556, -27.129794]
                    ],
                    [
                        [-48.6223517, -27.1312088],
                        [-48.6226749, -27.1308336]
                    ],
                    [
                        [-48.6208528, -27.1272431],
                        [-48.6224144, -27.1283297]
                    ],
                    [
                        [-48.6224144, -27.1283297],
                        [-48.6220895, -27.1287076]
                    ],
                    [
                        [-48.6208323, -27.1301701],
                        [-48.6223517, -27.1312088]
                    ],
                    [
                        [-48.6220277, -27.1315849],
                        [-48.6223517, -27.1312088]
                    ],
                    [
                        [-48.6220895, -27.1287076],
                        [-48.6205278, -27.1276193]
                    ],
                    [
                        [-48.6220895, -27.1287076],
                        [-48.6218009, -27.1290433]
                    ],
                    [
                        [-48.6202041, -27.127994],
                        [-48.6207106, -27.1283047],
                        [-48.621056, -27.1285321],
                        [-48.6211366, -27.1285852],
                        [-48.6218009, -27.1290433]
                    ],
                    [
                        [-48.6218009, -27.1290433],
                        [-48.6214809, -27.1294156]
                    ],
                    [
                        [-48.6198863, -27.1283617],
                        [-48.6205065, -27.1287516],
                        [-48.6205859, -27.1288028],
                        [-48.6214809, -27.1294156]
                    ],
                    [
                        [-48.6214809, -27.1294156],
                        [-48.6211556, -27.129794]
                    ],
                    [
                        [-48.6211798, -27.1268647],
                        [-48.6214697, -27.1265292]
                    ],
                    [
                        [-48.6211556, -27.129794],
                        [-48.62037930000001, -27.1292602],
                        [-48.6201726, -27.1291252],
                        [-48.6195612, -27.128738]
                    ],
                    [
                        [-48.6211556, -27.129794],
                        [-48.6208323, -27.1301701]
                    ],
                    [
                        [-48.6196636, -27.125810300000012],
                        [-48.6211798, -27.1268647]
                    ],
                    [
                        [-48.6208528, -27.1272431],
                        [-48.6211798, -27.1268647]
                    ],
                    [
                        [-48.6192345, -27.1291176],
                        [-48.6199136, -27.1295451],
                        [-48.6200522, -27.1296369],
                        [-48.6208323, -27.1301701]
                    ],
                    [
                        [-48.6208323, -27.1301701],
                        [-48.6205094, -27.1305457]
                    ],
                    [
                        [-48.6193382, -27.1261892],
                        [-48.6208528, -27.1272431]
                    ],
                    [
                        [-48.6205278, -27.1276193],
                        [-48.6208528, -27.1272431]
                    ],
                    [
                        [-48.6205278, -27.1276193],
                        [-48.6190153, -27.1265652]
                    ],
                    [
                        [-48.6202041, -27.127994],
                        [-48.6205278, -27.1276193]
                    ],
                    [
                        [-48.6202041, -27.127994],
                        [-48.6186922, -27.1269415]
                    ],
                    [
                        [-48.6198863, -27.1283617],
                        [-48.6202041, -27.127994]
                    ],
                    [
                        [-48.6199555, -27.1254704],
                        [-48.6196636, -27.125810300000012]
                    ],
                    [
                        [-48.6183755, -27.1273102],
                        [-48.6198863, -27.1283617]
                    ],
                    [
                        [-48.6195612, -27.128738],
                        [-48.6198863, -27.1283617]
                    ],
                    [
                        [-48.618164, -27.1247672],
                        [-48.6196636, -27.125810300000012]
                    ],
                    [
                        [-48.6196636, -27.125810300000012],
                        [-48.6193382, -27.1261892]
                    ],
                    [
                        [-48.6195612, -27.128738],
                        [-48.6180517, -27.1276873]
                    ],
                    [
                        [-48.6192345, -27.1291176],
                        [-48.6195612, -27.128738]
                    ],
                    [
                        [-48.6178371, -27.1251446],
                        [-48.6193382, -27.1261892]
                    ],
                    [
                        [-48.6193382, -27.1261892],
                        [-48.6190153, -27.1265652]
                    ],
                    [
                        [-48.6177273, -27.1280649],
                        [-48.6192345, -27.1291176]
                    ],
                    [
                        [-48.6189257, -27.1294735],
                        [-48.6191521, -27.1292126],
                        [-48.6192345, -27.1291176]
                    ],
                    [
                        [-48.6190153, -27.1265652],
                        [-48.6183077, -27.126072],
                        [-48.6175133, -27.1255184]
                    ],
                    [
                        [-48.6190153, -27.1265652],
                        [-48.6186922, -27.1269415]
                    ],
                    [
                        [-48.6186922, -27.1269415],
                        [-48.6171879, -27.125894099999989]
                    ],
                    [
                        [-48.6186922, -27.1269415],
                        [-48.6183755, -27.1273102]
                    ],
                    [
                        [-48.6184604, -27.1244249],
                        [-48.618164, -27.1247672]
                    ],
                    [
                        [-48.6168695, -27.1262618],
                        [-48.6183755, -27.1273102]
                    ],
                    [
                        [-48.6183755, -27.1273102],
                        [-48.6180517, -27.1276873]
                    ],
                    [
                        [-48.6166267, -27.123698],
                        [-48.618164, -27.1247672]
                    ],
                    [
                        [-48.618164, -27.1247672],
                        [-48.6178371, -27.1251446]
                    ],
                    [
                        [-48.6180517, -27.1276873],
                        [-48.6165439, -27.1266378]
                    ],
                    [
                        [-48.6180517, -27.1276873],
                        [-48.6177273, -27.1280649]
                    ],
                    [
                        [-48.6163009, -27.1240757],
                        [-48.6178371, -27.1251446]
                    ],
                    [
                        [-48.6178371, -27.1251446],
                        [-48.6175133, -27.1255184]
                    ],
                    [
                        [-48.6162198, -27.1270119],
                        [-48.6177273, -27.1280649]
                    ],
                    [
                        [-48.6177273, -27.1280649],
                        [-48.6174172, -27.128426]
                    ],
                    [
                        [-48.6175133, -27.1255184],
                        [-48.6159788, -27.124449]
                    ],
                    [
                        [-48.6175133, -27.1255184],
                        [-48.6171879, -27.125894099999989]
                    ],
                    [
                        [-48.6171879, -27.125894099999989],
                        [-48.6156537, -27.1248259]
                    ],
                    [
                        [-48.6171879, -27.125894099999989],
                        [-48.6168695, -27.1262618]
                    ],
                    [
                        [-48.6153359, -27.1251943],
                        [-48.6168695, -27.1262618]
                    ],
                    [
                        [-48.6168695, -27.1262618],
                        [-48.6165439, -27.1266378]
                    ],
                    [
                        [-48.6151278, -27.1226555],
                        [-48.6166267, -27.123698]
                    ],
                    [
                        [-48.6166267, -27.123698],
                        [-48.6163009, -27.1240757]
                    ],
                    [
                        [-48.6165439, -27.1266378],
                        [-48.6150111, -27.1255709]
                    ],
                    [
                        [-48.6165439, -27.1266378],
                        [-48.6162198, -27.1270119]
                    ],
                    [
                        [-48.6148001, -27.1230313],
                        [-48.6163009, -27.1240757]
                    ],
                    [
                        [-48.6163009, -27.1240757],
                        [-48.6159788, -27.124449]
                    ],
                    [
                        [-48.6146899, -27.1259433],
                        [-48.6162198, -27.1270119]
                    ],
                    [
                        [-48.6162198, -27.1270119],
                        [-48.6159048, -27.1273757]
                    ],
                    [
                        [-48.6159788, -27.124449],
                        [-48.6144767, -27.1234021]
                    ],
                    [
                        [-48.6159788, -27.124449],
                        [-48.6156537, -27.1248259]
                    ],
                    [
                        [-48.6156537, -27.1248259],
                        [-48.6141488, -27.1237781]
                    ],
                    [
                        [-48.6156537, -27.1248259],
                        [-48.6153359, -27.1251943]
                    ],
                    [
                        [-48.6138287, -27.1241452],
                        [-48.6153359, -27.1251943]
                    ],
                    [
                        [-48.6153359, -27.1251943],
                        [-48.6150111, -27.1255709]
                    ],
                    [
                        [-48.6150111, -27.1255709],
                        [-48.6135016, -27.1245203]
                    ],
                    [
                        [-48.6150111, -27.1255709],
                        [-48.6146899, -27.1259433]
                    ],
                    [
                        [-48.6131802, -27.1248888],
                        [-48.6146899, -27.1259433]
                    ],
                    [
                        [-48.6146899, -27.1259433],
                        [-48.6143723, -27.1263115]
                    ]
                ]
            }
        },
        {
            "type": "Feature",
            "properties": {
                "SETOR": "N03",
                "TURNO": "NOITE",
                "FREQUENCIA": "TER - QUI - SAB",
                "HORARIO": "22:35 ÀS 06:07",
                "OPERACAO": "DOMICILIAR",
                "FILIAL": "ITAPEMA"
            },
            "geometry": {
                "type": "MultiLineString",
                "coordinates": [
                    [
                        [-48.608946, -27.1360899],
                        [-48.6075998, -27.135186],
                        [-48.6067153, -27.1345921]
                    ],
                    [
                        [-48.6070363, -27.1342156],
                        [-48.6091256, -27.1356133],
                        [-48.6091908, -27.13565],
                        [-48.6092519, -27.1356746],
                        [-48.6093384, -27.1356918],
                        [-48.609445, -27.1356949],
                        [-48.6095501, -27.1356884],
                        [-48.6096522, -27.1356706],
                        [-48.6096639, -27.1359227],
                        [-48.6096564, -27.1359734],
                        [-48.6096239, -27.1360017],
                        [-48.6095709, -27.1360203],
                        [-48.6094551, -27.1360364],
                        [-48.608946, -27.1360899]
                    ],
                    [
                        [-48.608946, -27.1360899],
                        [-48.6082141, -27.1361593]
                    ],
                    [
                        [-48.6043522, -27.1335325],
                        [-48.6071697, -27.135449],
                        [-48.6074154, -27.1356161],
                        [-48.6082141, -27.1361593]
                    ],
                    [
                        [-48.6082141, -27.1361593],
                        [-48.6081349, -27.136171],
                        [-48.608047, -27.1361944],
                        [-48.6078528, -27.1362668],
                        [-48.6077837, -27.1362847],
                        [-48.6076932, -27.136291799999988],
                        [-48.6076052, -27.1362819],
                        [-48.6074908, -27.1362401],
                        [-48.6071946, -27.1360513]
                    ],
                    [
                        [-48.6070363, -27.1342156],
                        [-48.607255987002119, -27.133957040782228]
                    ],
                    [
                        [-48.6040505, -27.1338885],
                        [-48.6061892, -27.1353597],
                        [-48.6069774, -27.135901900000011],
                        [-48.6071946, -27.1360513]
                    ],
                    [
                        [-48.60712, -27.1362961],
                        [-48.6071431, -27.1361975],
                        [-48.6071717, -27.136106],
                        [-48.6071946, -27.1360513]
                    ],
                    [
                        [-48.6071545517365, -27.136387462170877],
                        [-48.6071418, -27.1363628],
                        [-48.60712, -27.1362961]
                    ],
                    [
                        [-48.60712, -27.1362961],
                        [-48.6070481, -27.1362507],
                        [-48.6069663, -27.1362256],
                        [-48.6068349, -27.1362232],
                        [-48.6067584, -27.1362226],
                        [-48.6066632, -27.1361976],
                        [-48.606477, -27.1360701],
                        [-48.6037713, -27.134218]
                    ],
                    [
                        [-48.6049539, -27.1328224],
                        [-48.6070363, -27.1342156]
                    ],
                    [
                        [-48.6067153, -27.1345921],
                        [-48.6070363, -27.1342156]
                    ],
                    [
                        [-48.6067153, -27.1345921],
                        [-48.6046368, -27.1331966]
                    ],
                    [
                        [-48.605186885563143, -27.132547382998162],
                        [-48.6049539, -27.1328224]
                    ],
                    [
                        [-48.6032936, -27.1347817],
                        [-48.6049578, -27.1359216]
                    ],
                    [
                        [-48.602842, -27.1314094],
                        [-48.6049539, -27.1328224]
                    ],
                    [
                        [-48.6049539, -27.1328224],
                        [-48.6046368, -27.1331966]
                    ],
                    [
                        [-48.6047404, -27.1354562],
                        [-48.6034629, -27.1345819]
                    ],
                    [
                        [-48.6043146, -27.1329802],
                        [-48.6046368, -27.1331966]
                    ],
                    [
                        [-48.6046368, -27.1331966],
                        [-48.6043866, -27.1334918],
                        [-48.6043522, -27.1335325]
                    ],
                    [
                        [-48.6032962, -27.135117499999989],
                        [-48.6043686, -27.1358531]
                    ],
                    [
                        [-48.6043522, -27.1335325],
                        [-48.6040505, -27.1338885]
                    ],
                    [
                        [-48.6042947, -27.1362065],
                        [-48.6033331, -27.1355716]
                    ],
                    [
                        [-48.6040614, -27.1328102],
                        [-48.6043146, -27.1329802]
                    ],
                    [
                        [-48.6043146, -27.1329802],
                        [-48.6039068, -27.1334629]
                    ],
                    [
                        [-48.6033447, -27.1353171],
                        [-48.6041059, -27.1358263]
                    ],
                    [
                        [-48.6019612, -27.1324518],
                        [-48.6040505, -27.1338885]
                    ],
                    [
                        [-48.6040505, -27.1338885],
                        [-48.6037713, -27.134218]
                    ],
                    [
                        [-48.6035965, -27.1324981],
                        [-48.6040614, -27.1328102]
                    ],
                    [
                        [-48.6040614, -27.1328102],
                        [-48.6036381, -27.1333145]
                    ],
                    [
                        [-48.6030324, -27.1359209],
                        [-48.603043629923398, -27.135928562389257],
                        [-48.6038036, -27.1364471]
                    ],
                    [
                        [-48.6037713, -27.134218],
                        [-48.6016771, -27.132785]
                    ],
                    [
                        [-48.6037713, -27.134218],
                        [-48.6034629, -27.1345819]
                    ],
                    [
                        [-48.6037042, -27.1367521],
                        [-48.603161266499264, -27.136381492319671],
                        [-48.6031478, -27.1363723]
                    ],
                    [
                        [-48.6033413, -27.1323267],
                        [-48.6035965, -27.1324981]
                    ],
                    [
                        [-48.6035965, -27.1324981],
                        [-48.60325, -27.1329074]
                    ],
                    [
                        [-48.6013665, -27.1331477],
                        [-48.6034629, -27.1345819]
                    ],
                    [
                        [-48.6034629, -27.1345819],
                        [-48.6032936, -27.1347817]
                    ],
                    [
                        [-48.6033323, -27.1352509],
                        [-48.6033387, -27.1352864],
                        [-48.6033447, -27.1353171]
                    ],
                    [
                        [-48.6033331, -27.1355716],
                        [-48.6033443, -27.135534],
                        [-48.6033522, -27.1354851],
                        [-48.6033535, -27.1354271],
                        [-48.6033484, -27.135356],
                        [-48.6033447, -27.1353171]
                    ],
                    [
                        [-48.6033331, -27.1355716],
                        [-48.6033133, -27.1356025],
                        [-48.603043145653551, -27.135908719853752],
                        [-48.6030324, -27.1359209]
                    ],
                    [
                        [-48.6030566, -27.1350614],
                        [-48.6033323, -27.1352509]
                    ],
                    [
                        [-48.6032962, -27.135117499999989],
                        [-48.6033323, -27.1352509]
                    ],
                    [
                        [-48.6032936, -27.1347817],
                        [-48.603261, -27.1348254],
                        [-48.6032533, -27.1348705],
                        [-48.6032543, -27.1349212],
                        [-48.603261, -27.1349698],
                        [-48.6032962, -27.135117499999989]
                    ],
                    [
                        [-48.6019367, -27.1338525],
                        [-48.60318, -27.1347039],
                        [-48.6032936, -27.1347817]
                    ],
                    [
                        [-48.6030566, -27.1350614],
                        [-48.6032936, -27.1347817]
                    ],
                    [
                        [-48.6031162, -27.1321756],
                        [-48.6033413, -27.1323267]
                    ],
                    [
                        [-48.6033413, -27.1323267],
                        [-48.6029326, -27.1328116]
                    ],
                    [
                        [-48.6030315, -27.1362917],
                        [-48.603037563203578, -27.136295902018883],
                        [-48.603140350861302, -27.136367137490392],
                        [-48.6031478, -27.1363723]
                    ],
                    [
                        [-48.6031478, -27.1363723],
                        [-48.603136979618867, -27.136386276024737],
                        [-48.6030103, -27.1365499],
                        [-48.6029693, -27.1366044],
                        [-48.6029309, -27.1366652],
                        [-48.6028787, -27.1367662]
                    ],
                    [
                        [-48.6030524, -27.135585],
                        [-48.601488053481283, -27.134501728096485],
                        [-48.6014522, -27.1344769]
                    ],
                    [
                        [-48.6030315, -27.1362917],
                        [-48.603018289458092, -27.136282659837384],
                        [-48.602833085226209, -27.136155921660929],
                        [-48.6028313, -27.1361547]
                    ],
                    [
                        [-48.6030324, -27.1359209],
                        [-48.6030185, -27.135954],
                        [-48.6030133, -27.1359961],
                        [-48.60301, -27.1360608],
                        [-48.603009702167576, -27.13611143157436],
                        [-48.6030096, -27.1361288],
                        [-48.6030124, -27.136199699999988],
                        [-48.603017, -27.136245],
                        [-48.60302666760554, -27.136276136361055],
                        [-48.6030315, -27.1362917]
                    ],
                    [
                        [-48.601703, -27.134131],
                        [-48.601740917622273, -27.134157064574342],
                        [-48.6030155, -27.1350332],
                        [-48.6030566, -27.1350614]
                    ],
                    [
                        [-48.6028509, -27.1319974],
                        [-48.6031162, -27.1321756]
                    ],
                    [
                        [-48.6031162, -27.1321756],
                        [-48.6028448, -27.132498]
                    ],
                    [
                        [-48.6012956, -27.1347359],
                        [-48.601309392337093, -27.134745310540151],
                        [-48.603012140962953, -27.135907077734831],
                        [-48.6030324, -27.1359209]
                    ],
                    [
                        [-48.6030324, -27.1359209],
                        [-48.602915681694547, -27.136056597527116],
                        [-48.602834442029625, -27.136151047068857],
                        [-48.6028313, -27.1361547]
                    ],
                    [
                        [-48.602842, -27.1314094],
                        [-48.603088326231799, -27.131115948801085],
                        [-48.6030929, -27.1311105]
                    ],
                    [
                        [-48.6028313, -27.1361547],
                        [-48.602821359591701, -27.136147898190853],
                        [-48.602690991426257, -27.136058692525676],
                        [-48.601187184728602, -27.135029680081814],
                        [-48.601108429049546, -27.134975788866424],
                        [-48.601100700000011, -27.1349705]
                    ],
                    [
                        [-48.6025292, -27.1317814],
                        [-48.6028509, -27.1319974]
                    ],
                    [
                        [-48.6028509, -27.1319974],
                        [-48.6023889, -27.1325489]
                    ],
                    [
                        [-48.602842, -27.1314094],
                        [-48.6013549, -27.1304145],
                        [-48.600670934088228, -27.129956891146943],
                        [-48.6006702, -27.1299564]
                    ],
                    [
                        [-48.6025292, -27.1317814],
                        [-48.602842, -27.1314094]
                    ],
                    [
                        [-48.6022866, -27.1316185],
                        [-48.6025292, -27.1317814]
                    ],
                    [
                        [-48.6019612, -27.1324518],
                        [-48.6024932, -27.1318239],
                        [-48.6025292, -27.1317814]
                    ],
                    [
                        [-48.6004077, -27.1303569],
                        [-48.6022866, -27.1316185]
                    ],
                    [
                        [-48.6019606, -27.132006],
                        [-48.6022866, -27.1316185]
                    ],
                    [
                        [-48.6019367, -27.1338525],
                        [-48.6013338, -27.1334395],
                        [-48.6011962, -27.1333453]
                    ],
                    [
                        [-48.601703, -27.134131],
                        [-48.601730361119316, -27.134098368948845],
                        [-48.6017544, -27.1340697],
                        [-48.6019367, -27.1338525]
                    ],
                    [
                        [-48.5999285, -27.1310537],
                        [-48.6019612, -27.1324518]
                    ],
                    [
                        [-48.6016771, -27.132785],
                        [-48.6018972, -27.1325281],
                        [-48.6019612, -27.1324518]
                    ],
                    [
                        [-48.6001355, -27.1307469],
                        [-48.6019606, -27.132006]
                    ],
                    [
                        [-48.6019606, -27.132006],
                        [-48.6018615, -27.1321238]
                    ],
                    [
                        [-48.5990703, -27.1323215],
                        [-48.601661231948981, -27.134102292910249],
                        [-48.601703, -27.134131]
                    ],
                    [
                        [-48.6014522, -27.1344769],
                        [-48.601468774540912, -27.13444824924483],
                        [-48.6015001, -27.1343941],
                        [-48.6015359, -27.1343391],
                        [-48.6015711, -27.1342935],
                        [-48.601629, -27.1342203],
                        [-48.601662717114273, -27.134179611668468],
                        [-48.601703, -27.134131]
                    ],
                    [
                        [-48.6016771, -27.132785],
                        [-48.599681, -27.1314187]
                    ],
                    [
                        [-48.6013665, -27.1331477],
                        [-48.6016771, -27.132785]
                    ],
                    [
                        [-48.5988372, -27.132666],
                        [-48.598837617236001, -27.132666288946158],
                        [-48.598882305292754, -27.132697236505678],
                        [-48.601423446651324, -27.134456988729831],
                        [-48.6014522, -27.1344769]
                    ],
                    [
                        [-48.6012956, -27.1347359],
                        [-48.601308730907547, -27.134717405238973],
                        [-48.6013639, -27.1346397],
                        [-48.6014004, -27.1345797],
                        [-48.6014282, -27.1345289],
                        [-48.6014522, -27.1344769]
                    ],
                    [
                        [-48.5994148, -27.1318122],
                        [-48.6013665, -27.1331477]
                    ],
                    [
                        [-48.6011962, -27.1333453],
                        [-48.6013665, -27.1331477]
                    ],
                    [
                        [-48.5986555, -27.1329346],
                        [-48.598677539373398, -27.132949636025373],
                        [-48.5995873, -27.1335703],
                        [-48.601263276624024, -27.134713845653899],
                        [-48.6012956, -27.1347359]
                    ],
                    [
                        [-48.601100700000011, -27.1349705],
                        [-48.601108054531053, -27.134961651924105],
                        [-48.6012046, -27.1348455],
                        [-48.601276828109569, -27.134758508806133],
                        [-48.6012956, -27.1347359]
                    ],
                    [
                        [-48.6011962, -27.1333453],
                        [-48.5993459, -27.1320697],
                        [-48.5992835, -27.1320063]
                    ],
                    [
                        [-48.601100700000011, -27.1349705],
                        [-48.601091414790126, -27.134964146393646],
                        [-48.600977097689515, -27.134885922331549],
                        [-48.5993903, -27.1338001],
                        [-48.59852131199802, -27.133205433192082],
                        [-48.598488946660467, -27.133183284691921],
                        [-48.5984878, -27.1331825]
                    ],
                    [
                        [-48.6007538, -27.1353678],
                        [-48.601064014855048, -27.135012515197808],
                        [-48.601091765930789, -27.134980732120752],
                        [-48.601100700000011, -27.1349705]
                    ],
                    [
                        [-48.600689743881297, -27.129927530611958],
                        [-48.600670592518945, -27.129955820187938],
                        [-48.6006702, -27.1299564]
                    ],
                    [
                        [-48.6006702, -27.1299564],
                        [-48.600669634092377, -27.129957242038461],
                        [-48.6005624, -27.1301168],
                        [-48.6005147, -27.1301878],
                        [-48.6004077, -27.1303569]
                    ],
                    [
                        [-48.6004077, -27.1303569],
                        [-48.6003747, -27.130403499999986],
                        [-48.6001355, -27.1307469]
                    ],
                    [
                        [-48.6001355, -27.1307469],
                        [-48.5999285, -27.1310537]
                    ],
                    [
                        [-48.5999285, -27.1310537],
                        [-48.5997651, -27.1312944],
                        [-48.599681, -27.1314187]
                    ],
                    [
                        [-48.599681, -27.1314187],
                        [-48.5995568, -27.1316018],
                        [-48.5994148, -27.1318122]
                    ],
                    [
                        [-48.5994148, -27.1318122],
                        [-48.5992835, -27.1320063]
                    ],
                    [
                        [-48.5992835, -27.1320063],
                        [-48.5990703, -27.1323215]
                    ],
                    [
                        [-48.5990703, -27.1323215],
                        [-48.5989474, -27.1325032],
                        [-48.5988842, -27.1325966],
                        [-48.598837669273024, -27.132665307073989],
                        [-48.5988372, -27.132666]
                    ],
                    [
                        [-48.5988372, -27.132666],
                        [-48.59883683054543, -27.13266654586182],
                        [-48.5987262, -27.13283],
                        [-48.5986555, -27.1329346]
                    ],
                    [
                        [-48.5986555, -27.1329346],
                        [-48.5985603, -27.1330753],
                        [-48.598488581008006, -27.133181345186806],
                        [-48.5984878, -27.1331825]
                    ],
                    [
                        [-48.5984878, -27.1331825],
                        [-48.598486512137086, -27.133184404541598],
                        [-48.5983744, -27.1333502],
                        [-48.5983094, -27.1334463],
                        [-48.5981893, -27.1336238]
                    ]
                ]
            }
        },
        {
            "type": "Feature",
            "properties": {
                "SETOR": "N06",
                "TURNO": "NOITE",
                "FREQUENCIA": "SEG - QUI - SEX",
                "HORARIO": "22:35 ÀS 06:07",
                "OPERACAO": "DOMICILIAR",
                "FILIAL": "ITAPEMA"
            },
            "geometry": {
                "type": "MultiLineString",
                "coordinates": [
                    [
                        [-48.6087652, -27.1178625],
                        [-48.6078011, -27.1172396]
                    ],
                    [
                        [-48.6087652, -27.1178625],
                        [-48.6088279, -27.1177334],
                        [-48.6089159, -27.117529],
                        [-48.608949, -27.1174648],
                        [-48.608016, -27.1168403]
                    ],
                    [
                        [-48.6085116, -27.1182955],
                        [-48.6087, -27.1179801],
                        [-48.6087652, -27.1178625]
                    ],
                    [
                        [-48.6075609, -27.1176723],
                        [-48.6085116, -27.1182955]
                    ],
                    [
                        [-48.6082077, -27.1188038],
                        [-48.6082634, -27.1186891],
                        [-48.6085116, -27.1182955]
                    ],
                    [
                        [-48.608188946735346, -27.118790375639914],
                        [-48.608085446724751, -27.118943575625497],
                        [-48.607966946712622, -27.119118975608963],
                        [-48.607913746707197, -27.11919757560155],
                        [-48.607783546694058, -27.119389175583397],
                        [-48.607782469496712, -27.11939077854311]
                    ],
                    [
                        [-48.6078023, -27.1194026],
                        [-48.607782469496712, -27.11939077854311]
                    ],
                    [
                        [-48.607782469496712, -27.11939077854311],
                        [-48.6068874, -27.1188572]
                    ],
                    [
                        [-48.607782469496712, -27.11939077854311],
                        [-48.607695446684929, -27.119520275571112],
                        [-48.607645146679715, -27.119595175564097],
                        [-48.607359746650552, -27.120017375524309],
                        [-48.607332246647715, -27.120058175520462],
                        [-48.607067346620603, -27.120450275483527],
                        [-48.606999946613719, -27.120549975474134],
                        [-48.60699971935616, -27.120550311687097]
                    ],
                    [
                        [-48.6070187, -27.1205634],
                        [-48.60699971935616, -27.120550311687097]
                    ],
                    [
                        [-48.60699971935616, -27.120550311687097],
                        [-48.6062385, -27.1200254]
                    ],
                    [
                        [-48.60699971935616, -27.120550311687097],
                        [-48.606803046593598, -27.120841275446676],
                        [-48.606756046588792, -27.120910775440123],
                        [-48.606593846572196, -27.121150875417506],
                        [-48.606593726402167, -27.12115105329967]
                    ],
                    [
                        [-48.606593726402167, -27.12115105329967],
                        [-48.6066126, -27.1211643]
                    ],
                    [
                        [-48.6058958, -27.1206612],
                        [-48.606593726402167, -27.12115105329967]
                    ],
                    [
                        [-48.606593726402167, -27.12115105329967],
                        [-48.606530546565715, -27.121244575408685],
                        [-48.606368946549189, -27.121483675386145],
                        [-48.606283046540426, -27.121610675374161],
                        [-48.606240846536103, -27.121673175368286],
                        [-48.606149646526774, -27.121808175355575],
                        [-48.605977846509191, -27.122062475331607],
                        [-48.6059123465025, -27.122159375322472],
                        [-48.605912097332542, -27.122159743973398]
                    ],
                    [
                        [-48.605912097332542, -27.122159743973398],
                        [-48.6059311, -27.1221728]
                    ],
                    [
                        [-48.6052661, -27.1217159],
                        [-48.605912097332542, -27.122159743973398]
                    ],
                    [
                        [-48.605912097332542, -27.122159743973398],
                        [-48.605651246475809, -27.122545675286069],
                        [-48.605609546471541, -27.12260737528025],
                        [-48.605609451293041, -27.122607516128443]
                    ],
                    [
                        [-48.6056283, -27.1226208],
                        [-48.605609451293041, -27.122607516128443]
                    ],
                    [
                        [-48.605609451293041, -27.122607516128443],
                        [-48.6049844, -27.122167]
                    ],
                    [
                        [-48.605609451293041, -27.122607516128443],
                        [-48.60540134645025, -27.122915475251222],
                        [-48.605376746447732, -27.122951875247796],
                        [-48.605376514084611, -27.122952219228054]
                    ],
                    [
                        [-48.605376514084611, -27.122952219228054],
                        [-48.6053955, -27.1229653]
                    ],
                    [
                        [-48.604765, -27.1225309],
                        [-48.605376514084611, -27.122952219228054]
                    ],
                    [
                        [-48.605376514084611, -27.122952219228054],
                        [-48.605297846439662, -27.12306867523678],
                        [-48.604989046408313, -27.123524175193729],
                        [-48.60495564640491, -27.12357347518908],
                        [-48.604955518060358, -27.123573665839867]
                    ],
                    [
                        [-48.604955518060358, -27.123573665839867],
                        [-48.6049744, -27.1235869]
                    ],
                    [
                        [-48.6043706, -27.1231637],
                        [-48.604955518060358, -27.123573665839867]
                    ],
                    [
                        [-48.604955518060358, -27.123573665839867],
                        [-48.604670346375478, -27.123997275149286],
                        [-48.604481446356353, -27.124275575122947],
                        [-48.604440246352183, -27.124336275117209],
                        [-48.60444004928744, -27.124336568326896]
                    ],
                    [
                        [-48.60444004928744, -27.124336568326896],
                        [-48.604459, -27.1243497]
                    ],
                    [
                        [-48.6038653, -27.1239383],
                        [-48.60444004928744, -27.124336568326896]
                    ],
                    [
                        [-48.60444004928744, -27.124336568326896],
                        [-48.604176246324847, -27.124729075080353],
                        [-48.604176032892269, -27.12472939038647]
                    ],
                    [
                        [-48.604176032892269, -27.12472939038647],
                        [-48.604195, -27.1247425]
                    ],
                    [
                        [-48.6035987, -27.1243304],
                        [-48.6041406, -27.1247049],
                        [-48.604176032892269, -27.12472939038647]
                    ],
                    [
                        [-48.604176032892269, -27.12472939038647],
                        [-48.60396694630353, -27.125038275051168],
                        [-48.603899446296666, -27.125137975041756],
                        [-48.60389929981276, -27.125138191793436]
                    ],
                    [
                        [-48.60389929981276, -27.125138191793436],
                        [-48.6039182, -27.1251514]
                    ],
                    [
                        [-48.6033298, -27.1247402],
                        [-48.60389929981276, -27.125138191793436]
                    ],
                    [
                        [-48.60389929981276, -27.125138191793436],
                        [-48.603628646268973, -27.125538675003998],
                        [-48.603584246264433, -27.125604374997803],
                        [-48.603267846231581, -27.12607567495365],
                        [-48.603267631068668, -27.126075991076995]
                    ],
                    [
                        [-48.6029807, -27.1258777],
                        [-48.6033107, -27.1254362],
                        [-48.6034205, -27.1252896]
                    ],
                    [
                        [-48.6032866, -27.1260891],
                        [-48.603267631068668, -27.126075991076995]
                    ],
                    [
                        [-48.603267631068668, -27.126075991076995],
                        [-48.6029807, -27.1258777]
                    ],
                    [
                        [-48.603267631068668, -27.126075991076995],
                        [-48.603009546205598, -27.126455174917645],
                        [-48.602967046201307, -27.126517674911728],
                        [-48.60289164619337, -27.126630774901191],
                        [-48.60289121795882, -27.126631421402131]
                    ],
                    [
                        [-48.6029807, -27.1258777],
                        [-48.6026504, -27.1256495]
                    ],
                    [
                        [-48.60283410000001, -27.1260724],
                        [-48.6029807, -27.1258777]
                    ],
                    [
                        [-48.6029104, -27.1266442],
                        [-48.60289121795882, -27.126631421402131]
                    ],
                    [
                        [-48.60289121795882, -27.126631421402131],
                        [-48.6025012, -27.1263716]
                    ],
                    [
                        [-48.60289121795882, -27.126631421402131],
                        [-48.602710946174035, -27.126903574875936],
                        [-48.602532846156912, -27.127160174851152],
                        [-48.602336246136836, -27.127450974823734],
                        [-48.602290146132098, -27.127519274817306],
                        [-48.602220646125005, -27.127622074807618],
                        [-48.601926846094976, -27.128056774766634],
                        [-48.601864446088584, -27.12814917475794],
                        [-48.601745846076469, -27.128324574741391],
                        [-48.601745436871937, -27.12832518094076]
                    ],
                    [
                        [-48.6025012, -27.1263716],
                        [-48.6022399, -27.1261975]
                    ],
                    [
                        [-48.6025012, -27.1263716],
                        [-48.6023445, -27.1265679]
                    ],
                    [
                        [-48.6017646, -27.128338],
                        [-48.601745436871937, -27.12832518094076]
                    ],
                    [
                        [-48.601745436871937, -27.12832518094076],
                        [-48.6009907, -27.1278203]
                    ],
                    [
                        [-48.601745436871937, -27.12832518094076],
                        [-48.601646346066261, -27.128471974727514],
                        [-48.601465546047791, -27.128739474702297],
                        [-48.601433146044506, -27.128787274697775],
                        [-48.601378746038918, -27.128867874690179],
                        [-48.601084746008929, -27.129302474649183],
                        [-48.601084158904804, -27.129303342535735]
                    ],
                    [
                        [-48.6011035, -27.1293159],
                        [-48.601101886832673, -27.129314852629779],
                        [-48.601084158904804, -27.129303342535735]
                    ],
                    [
                        [-48.601084158904804, -27.129303342535735],
                        [-48.6002068, -27.1287337]
                    ],
                    [
                        [-48.601084158904804, -27.129303342535735],
                        [-48.600671145966736, -27.129913874591484],
                        [-48.600670985839471, -27.129914111124684]
                    ],
                    [
                        [-48.6006899, -27.1299273],
                        [-48.600689642664641, -27.12992712055966],
                        [-48.600670985839471, -27.129914111124684]
                    ],
                    [
                        [-48.600670985839471, -27.129914111124684],
                        [-48.5997424, -27.1292666]
                    ],
                    [
                        [-48.600670985839471, -27.129914111124684],
                        [-48.600651445964736, -27.129942974588737],
                        [-48.600543645953572, -27.130103374573689],
                        [-48.600495945948623, -27.130174374567041],
                        [-48.600495427095204, -27.130175194550787]
                    ],
                    [
                        [-48.6005147, -27.1301878],
                        [-48.600495427095204, -27.130175194550787]
                    ],
                    [
                        [-48.600495427095204, -27.130175194550787],
                        [-48.5995128, -27.1295325]
                    ],
                    [
                        [-48.600495427095204, -27.130175194550787],
                        [-48.60038894593599, -27.13034347455201],
                        [-48.600355945932975, -27.130390074547417],
                        [-48.600355506347796, -27.130390705626496]
                    ],
                    [
                        [-48.6003747, -27.130403499999986],
                        [-48.600355506347796, -27.130390705626496]
                    ],
                    [
                        [-48.600355506347796, -27.130390705626496],
                        [-48.5993555, -27.1297241]
                    ],
                    [
                        [-48.600355506347796, -27.130390705626496],
                        [-48.600116745910171, -27.130733474514162],
                        [-48.600116508839527, -27.130733825883784]
                    ],
                    [
                        [-48.6001355, -27.1307469],
                        [-48.600116508839527, -27.130733825883784]
                    ],
                    [
                        [-48.600116508839527, -27.130733825883784],
                        [-48.5990975, -27.1300323]
                    ],
                    [
                        [-48.600116508839527, -27.130733825883784],
                        [-48.599909745888922, -27.131040274485283],
                        [-48.599909502307362, -27.131040633299421]
                    ],
                    [
                        [-48.599909502307362, -27.131040633299421],
                        [-48.5999285, -27.1310537]
                    ],
                    [
                        [-48.5988487, -27.130311],
                        [-48.599909502307362, -27.131040633299421]
                    ],
                    [
                        [-48.599909502307362, -27.131040633299421],
                        [-48.599746345872397, -27.131280974462491],
                        [-48.599662245863811, -27.131405274450767],
                        [-48.59966210401457, -27.131405483570294]
                    ],
                    [
                        [-48.59966210401457, -27.131405483570294],
                        [-48.599681, -27.1314187]
                    ],
                    [
                        [-48.5985673, -27.1306393],
                        [-48.5993428, -27.131182],
                        [-48.5995579, -27.1313326],
                        [-48.59966210401457, -27.131405483570294]
                    ],
                    [
                        [-48.59966210401457, -27.131405483570294],
                        [-48.599538045851226, -27.131588374433456],
                        [-48.599396045836663, -27.131798774413632],
                        [-48.599266625726749, -27.131990095351899]
                    ],
                    [
                        [-48.599266625726749, -27.131990095351899],
                        [-48.5992835, -27.1320063]
                    ],
                    [
                        [-48.5981467, -27.1311702],
                        [-48.5992079, -27.1319337],
                        [-48.599266625726749, -27.131990095351899]
                    ],
                    [
                        [-48.599266625726749, -27.131990095351899],
                        [-48.59926474582327, -27.131992874395319],
                        [-48.599051545801515, -27.132308074365579],
                        [-48.599051322969395, -27.132308403809606]
                    ],
                    [
                        [-48.599051322969395, -27.132308403809606],
                        [-48.5990703, -27.1323215]
                    ],
                    [
                        [-48.5978592, -27.1314857],
                        [-48.599051322969395, -27.132308403809606]
                    ],
                    [
                        [-48.599051322969395, -27.132308403809606],
                        [-48.598928645788973, -27.132489774348425],
                        [-48.598865445782529, -27.132583174339615],
                        [-48.598865203330334, -27.132583532343705]
                    ],
                    [
                        [-48.5988842, -27.1325966],
                        [-48.598865203330334, -27.132583532343705]
                    ],
                    [
                        [-48.598865203330334, -27.132583532343705],
                        [-48.5976378, -27.1317392]
                    ],
                    [
                        [-48.598865203330334, -27.132583532343705],
                        [-48.598818445777745, -27.132652574333065],
                        [-48.598707519349126, -27.132816465601039]
                    ],
                    [
                        [-48.5987262, -27.13283],
                        [-48.598707519349126, -27.132816465601039]
                    ],
                    [
                        [-48.598707519349126, -27.132816465601039],
                        [-48.597476, -27.1319242]
                    ],
                    [
                        [-48.598707519349126, -27.132816465601039],
                        [-48.598707445766436, -27.132816574317573],
                        [-48.598636745759208, -27.132921174307707],
                        [-48.598541569501847, -27.133061839189942]
                    ],
                    [
                        [-48.5985603, -27.1330753],
                        [-48.598541569501847, -27.133061839189942]
                    ],
                    [
                        [-48.598541569501847, -27.133061839189942],
                        [-48.5972757, -27.1321521]
                    ],
                    [
                        [-48.598541569501847, -27.133061839189942],
                        [-48.598541545749505, -27.133061874294444],
                        [-48.598469045742107, -27.133169074284321],
                        [-48.598355645730528, -27.133336774268496],
                        [-48.598355534342843, -27.133336938951032]
                    ],
                    [
                        [-48.5983744, -27.1333502],
                        [-48.598355534342843, -27.133336938951032]
                    ],
                    [
                        [-48.598355534342843, -27.133336938951032],
                        [-48.5970434, -27.1324146]
                    ],
                    [
                        [-48.598355534342843, -27.133336938951032],
                        [-48.598290645723893, -27.133432874259423],
                        [-48.598170545711646, -27.133610374242675],
                        [-48.598170530453501, -27.133610396799021]
                    ],
                    [
                        [-48.598170530453501, -27.133610396799021],
                        [-48.5981893, -27.1336238]
                    ],
                    [
                        [-48.5968304, -27.1326533],
                        [-48.5978133, -27.1333553],
                        [-48.598170530453501, -27.133610396799021]
                    ],
                    [
                        [-48.598170530453501, -27.133610396799021],
                        [-48.597997645694008, -27.133865974218558],
                        [-48.597799945673863, -27.134158074190978],
                        [-48.597716445665355, -27.134281474179332],
                        [-48.59771637737267, -27.134281575516894]
                    ],
                    [
                        [-48.5977352, -27.1342949],
                        [-48.59771637737267, -27.134281575516894]
                    ],
                    [
                        [-48.59771637737267, -27.134281575516894],
                        [-48.5962949, -27.1332753]
                    ],
                    [
                        [-48.59771637737267, -27.134281575516894],
                        [-48.597679245661524, -27.134336674174136],
                        [-48.597553345648556, -27.13452357415656],
                        [-48.597553058344758, -27.134523998022207]
                    ],
                    [
                        [-48.5975721, -27.134537],
                        [-48.597553058344758, -27.134523998022207]
                    ],
                    [
                        [-48.597553058344758, -27.134523998022207],
                        [-48.596083, -27.1335202]
                    ],
                    [
                        [-48.597553058344758, -27.134523998022207],
                        [-48.597227245615443, -27.135004674111084],
                        [-48.597227176330556, -27.135004776530074]
                    ],
                    [
                        [-48.597246, -27.1350181],
                        [-48.597227176330556, -27.135004776530074]
                    ],
                    [
                        [-48.597227176330556, -27.135004776530074],
                        [-48.5957247, -27.1339413]
                    ],
                    [
                        [-48.597227176330556, -27.135004776530074],
                        [-48.59709864560233, -27.135194774093137],
                        [-48.596910345583105, -27.13547317406687],
                        [-48.596906109168167, -27.135479435557286]
                    ],
                    [
                        [-48.5969291, -27.1354866],
                        [-48.596906109168167, -27.135479435557286]
                    ],
                    [
                        [-48.596906109168167, -27.135479435557286],
                        [-48.5968508, -27.1354622],
                        [-48.595307, -27.1344131]
                    ],
                    [
                        [-48.596906109168167, -27.135479435557286],
                        [-48.596667045558306, -27.135832774032927],
                        [-48.596621845553678, -27.135899674026611],
                        [-48.596621569519712, -27.135900081927669]
                    ],
                    [
                        [-48.5966406, -27.1359131],
                        [-48.596621569519712, -27.135900081927669]
                    ],
                    [
                        [-48.596621569519712, -27.135900081927669],
                        [-48.5955356, -27.1351572]
                    ],
                    [
                        [-48.596621569519712, -27.135900081927669],
                        [-48.596359345526928, -27.136287573989986],
                        [-48.596359129503014, -27.136287893007331]
                    ],
                    [
                        [-48.59637810000001, -27.136301],
                        [-48.596359129503014, -27.136287893007331]
                    ],
                    [
                        [-48.596359129503014, -27.136287893007331],
                        [-48.5947348, -27.1351656]
                    ],
                    [
                        [-48.596359129503014, -27.136287893007331],
                        [-48.596309845521887, -27.136360673983091],
                        [-48.596077445498167, -27.136704273950667],
                        [-48.596077055425788, -27.136704850467659]
                    ],
                    [
                        [-48.5960962, -27.1367177],
                        [-48.596077055425788, -27.136704850467659]
                    ],
                    [
                        [-48.596077055425788, -27.136704850467659],
                        [-48.5944183, -27.1355915]
                    ],
                    [
                        [-48.596077055425788, -27.136704850467659],
                        [-48.596032045493544, -27.136771373944331],
                        [-48.595871245476431, -27.137013573921845],
                        [-48.595748145464576, -27.137191073904717],
                        [-48.595490145438255, -27.137572473868726],
                        [-48.595489755565445, -27.137573049791737]
                    ],
                    [
                        [-48.5955089, -27.1375859],
                        [-48.595489755565445, -27.137573049791737]
                    ],
                    [
                        [-48.595489755565445, -27.137573049791737],
                        [-48.593613, -27.1363133]
                    ],
                    [
                        [-48.595489755565445, -27.137573049791737],
                        [-48.595325645421504, -27.13781547384577],
                        [-48.595253245414106, -27.137922573835663],
                        [-48.595252732430254, -27.137923332285222]
                    ],
                    [
                        [-48.595272, -27.137936],
                        [-48.595252732430254, -27.137923332285222]
                    ],
                    [
                        [-48.595252732430254, -27.137923332285222],
                        [-48.5933133, -27.1366482]
                    ],
                    [
                        [-48.595252732430254, -27.137923332285222],
                        [-48.595199745408657, -27.138001673828207],
                        [-48.595062645394677, -27.13820427380907],
                        [-48.594787716781354, -27.138610668207264]
                    ],
                    [
                        [-48.594787716781354, -27.138610668207264],
                        [-48.594768076148945, -27.138596442977462],
                        [-48.5928217, -27.1371867]
                    ],
                    [
                        [-48.594787716781354, -27.138610668207264],
                        [-48.5948064, -27.1386242],
                        [-48.5947233, -27.1386824],
                        [-48.59460270000001, -27.1388687],
                        [-48.5945584, -27.1389372],
                        [-48.5945371, -27.1389477],
                        [-48.5945141, -27.1389546],
                        [-48.594490145177161, -27.138957581928164],
                        [-48.59449, -27.1389576],
                        [-48.5944379, -27.1389207],
                        [-48.5943974, -27.1388919],
                        [-48.5924952, -27.137541]
                    ],
                    [
                        [-48.594787716781354, -27.138610668207264],
                        [-48.59478764536663, -27.138610773770694]
                    ]
                ]
            }
        },
        {
            "type": "Feature",
            "properties": {
                "SETOR": "N05",
                "TURNO": "NOITE",
                "FREQUENCIA": "TER - QUI - SAB",
                "HORARIO": "22:35 ÀS 06:07",
                "OPERACAO": "DOMICILIAR",
                "FILIAL": "ITAPEMA"
            },
            "geometry": {
                "type": "MultiLineString",
                "coordinates": [
                    [
                        [-48.6028307, -27.1434705],
                        [-48.6031157, -27.143295099999985]
                    ],
                    [
                        [-48.6028307, -27.1434705],
                        [-48.6028672, -27.1435234],
                        [-48.6029048, -27.1436068]
                    ],
                    [
                        [-48.6029048, -27.1436068],
                        [-48.6029106, -27.1436557],
                        [-48.6029185, -27.143723],
                        [-48.6029134, -27.1438233],
                        [-48.602902, -27.1439024],
                        [-48.6028805, -27.1439782],
                        [-48.6027713, -27.144234],
                        [-48.6025601, -27.1446199],
                        [-48.6025114, -27.1447179],
                        [-48.6024536, -27.1448099],
                        [-48.6023823, -27.1449046]
                    ],
                    [
                        [-48.6029048, -27.1436068],
                        [-48.6020618, -27.1441874]
                    ],
                    [
                        [-48.6025461, -27.1431597],
                        [-48.602605, -27.1432177],
                        [-48.6028155, -27.1434485],
                        [-48.6028307, -27.1434705]
                    ],
                    [
                        [-48.6020342, -27.1428708],
                        [-48.6021038, -27.1428911],
                        [-48.6022735, -27.1429596],
                        [-48.6023945, -27.1430241],
                        [-48.6024736, -27.1430861],
                        [-48.6025461, -27.1431597]
                    ],
                    [
                        [-48.6016745, -27.1437706],
                        [-48.6025461, -27.1431597]
                    ],
                    [
                        [-48.6024272, -27.1451668],
                        [-48.6023823, -27.1449046]
                    ],
                    [
                        [-48.6023823, -27.1449046],
                        [-48.6023519, -27.1447964],
                        [-48.6023046, -27.1446797],
                        [-48.602197, -27.1444461],
                        [-48.6021346, -27.1443239],
                        [-48.6020899, -27.1442376],
                        [-48.6020618, -27.1441874]
                    ],
                    [
                        [-48.6020618, -27.1441874],
                        [-48.60199, -27.1440896],
                        [-48.6017657, -27.143841699999989],
                        [-48.6017133, -27.1437992],
                        [-48.6016745, -27.1437706]
                    ],
                    [
                        [-48.6004084, -27.1428747],
                        [-48.6014465, -27.1428221],
                        [-48.6016319, -27.1428166],
                        [-48.601774, -27.1428228],
                        [-48.6019319, -27.1428438],
                        [-48.6020342, -27.1428708]
                    ],
                    [
                        [-48.6020342, -27.1428708],
                        [-48.6010695, -27.1435463]
                    ],
                    [
                        [-48.6016745, -27.1437706],
                        [-48.6010695, -27.1435463]
                    ],
                    [
                        [-48.6010695, -27.1435463],
                        [-48.6008498, -27.1434576],
                        [-48.6006923, -27.1433888],
                        [-48.6005701, -27.1433247],
                        [-48.60048, -27.1432649],
                        [-48.6003465, -27.1431725],
                        [-48.5999806, -27.1428958]
                    ],
                    [
                        [-48.5994482, -27.1424329],
                        [-48.599721, -27.1424077],
                        [-48.5997952, -27.1424209],
                        [-48.599849, -27.1424372],
                        [-48.599902, -27.1424639],
                        [-48.5999626, -27.1425087],
                        [-48.6004084, -27.1428747]
                    ],
                    [
                        [-48.5999806, -27.1428958],
                        [-48.6004084, -27.1428747]
                    ],
                    [
                        [-48.5999806, -27.1428958],
                        [-48.59982380000001, -27.1427784],
                        [-48.5994482, -27.1424329]
                    ],
                    [
                        [-48.5999806, -27.1428958],
                        [-48.5999434, -27.1429857],
                        [-48.5999126, -27.1430295],
                        [-48.5998756, -27.1430789],
                        [-48.5998386, -27.1431173],
                        [-48.599777, -27.1431502],
                        [-48.5997215, -27.1431666],
                        [-48.5996538, -27.1431721],
                        [-48.5995539, -27.1431578],
                        [-48.5995075, -27.1431475],
                        [-48.5994274, -27.1431256],
                        [-48.5993349, -27.1430822],
                        [-48.5992503, -27.1430386]
                    ],
                    [
                        [-48.5994482, -27.1424329],
                        [-48.5988228, -27.1418846],
                        [-48.5987353, -27.1418078]
                    ],
                    [
                        [-48.5985588, -27.1420774],
                        [-48.5987674, -27.1422383]
                    ],
                    [
                        [-48.5987353, -27.1418078],
                        [-48.5986615, -27.1417583],
                        [-48.5975663, -27.1410242]
                    ],
                    [
                        [-48.5985588, -27.1420774],
                        [-48.5987353, -27.1418078]
                    ],
                    [
                        [-48.5973535, -27.1412683],
                        [-48.5985588, -27.1420774]
                    ],
                    [
                        [-48.5982773, -27.1423796],
                        [-48.5985588, -27.1420774]
                    ],
                    [
                        [-48.5982773, -27.1423796],
                        [-48.5983778, -27.1424453]
                    ],
                    [
                        [-48.5970859, -27.1415753],
                        [-48.5982773, -27.1423796]
                    ],
                    [
                        [-48.5979142, -27.1427515],
                        [-48.5979672, -27.1426807],
                        [-48.5982773, -27.1423796]
                    ],
                    [
                        [-48.5967551, -27.1419548],
                        [-48.5979142, -27.1427515]
                    ],
                    [
                        [-48.5968572, -27.1426322],
                        [-48.5976753, -27.1431971],
                        [-48.597742, -27.1431238],
                        [-48.5977812, -27.1430677],
                        [-48.597832, -27.1429668],
                        [-48.5979142, -27.1427515]
                    ],
                    [
                        [-48.5975663, -27.1410242],
                        [-48.597092, -27.140703],
                        [-48.5966959, -27.140434599999988],
                        [-48.5965981, -27.1403684]
                    ],
                    [
                        [-48.5975663, -27.1410242],
                        [-48.5973535, -27.1412683]
                    ],
                    [
                        [-48.5964011, -27.1406135],
                        [-48.5973535, -27.1412683]
                    ],
                    [
                        [-48.5973535, -27.1412683],
                        [-48.5970859, -27.1415753]
                    ],
                    [
                        [-48.595385, -27.1403991],
                        [-48.5970859, -27.1415753]
                    ],
                    [
                        [-48.5970859, -27.1415753],
                        [-48.5967551, -27.1419548]
                    ],
                    [
                        [-48.5947517, -27.1411783],
                        [-48.5968572, -27.1426322]
                    ],
                    [
                        [-48.5968572, -27.1426322],
                        [-48.5965341, -27.1430162]
                    ],
                    [
                        [-48.5950647, -27.1407928],
                        [-48.5967551, -27.1419548]
                    ],
                    [
                        [-48.5965616, -27.1436692],
                        [-48.5966614, -27.1437416]
                    ],
                    [
                        [-48.5941106, -27.1419662],
                        [-48.5965616, -27.1436692]
                    ],
                    [
                        [-48.5965616, -27.1436692],
                        [-48.5968431, -27.143229],
                        [-48.5965341, -27.1430162]
                    ],
                    [
                        [-48.5956129, -27.1397095],
                        [-48.5965263, -27.1403204],
                        [-48.5965981, -27.1403684]
                    ],
                    [
                        [-48.5964011, -27.1406135],
                        [-48.5965981, -27.1403684]
                    ],
                    [
                        [-48.5965341, -27.1430162],
                        [-48.5944335, -27.1415697]
                    ],
                    [
                        [-48.5954166, -27.1399366],
                        [-48.5964011, -27.1406135]
                    ],
                    [
                        [-48.5945615, -27.1390085],
                        [-48.5955661, -27.1396783],
                        [-48.5956129, -27.1397095]
                    ],
                    [
                        [-48.5954166, -27.1399366],
                        [-48.5956129, -27.1397095]
                    ],
                    [
                        [-48.5954166, -27.1399366],
                        [-48.5943973, -27.1392354]
                    ],
                    [
                        [-48.5941736, -27.1395614],
                        [-48.595385, -27.1403991]
                    ],
                    [
                        [-48.595385, -27.1403991],
                        [-48.5950647, -27.1407928]
                    ],
                    [
                        [-48.5938876, -27.1399838],
                        [-48.5950647, -27.1407928]
                    ],
                    [
                        [-48.5950647, -27.1407928],
                        [-48.5947517, -27.1411783]
                    ],
                    [
                        [-48.5936146, -27.140393],
                        [-48.5947517, -27.1411783]
                    ],
                    [
                        [-48.5947517, -27.1411783],
                        [-48.5944335, -27.1415697]
                    ],
                    [
                        [-48.5945615, -27.1390085],
                        [-48.594542709493169, -27.138995123269268]
                    ],
                    [
                        [-48.5945615, -27.1390085],
                        [-48.5944832, -27.1391167],
                        [-48.5943973, -27.1392354]
                    ],
                    [
                        [-48.594542745338138, -27.138995073736318],
                        [-48.594542709493169, -27.138995123269268]
                    ],
                    [
                        [-48.594542709493169, -27.138995123269268],
                        [-48.59446444533134, -27.139103273725468],
                        [-48.594378545323885, -27.139221973713553],
                        [-48.594322445319008, -27.13929957370577]
                    ],
                    [
                        [-48.5944335, -27.1415697],
                        [-48.5933324, -27.1408114]
                    ],
                    [
                        [-48.5944335, -27.1415697],
                        [-48.5941106, -27.1419662]
                    ],
                    [
                        [-48.5943973, -27.1392354],
                        [-48.5943412, -27.139313],
                        [-48.5941736, -27.1395614]
                    ],
                    [
                        [-48.594322445319008, -27.13929957370577],
                        [-48.5922037, -27.1378424]
                    ],
                    [
                        [-48.594322445319008, -27.13929957370577],
                        [-48.594154845301809, -27.139547973682383],
                        [-48.594154634335204, -27.139548284887383]
                    ],
                    [
                        [-48.5941736, -27.1395614],
                        [-48.594154634335204, -27.139548284887383]
                    ],
                    [
                        [-48.5941736, -27.1395614],
                        [-48.5941374, -27.1396148],
                        [-48.5938876, -27.1399838]
                    ],
                    [
                        [-48.5930507, -27.1412296],
                        [-48.5941106, -27.1419662]
                    ],
                    [
                        [-48.5941106, -27.1419662],
                        [-48.5939252, -27.1421942]
                    ],
                    [
                        [-48.594154634335204, -27.139548284887383],
                        [-48.5920035, -27.1380607]
                    ],
                    [
                        [-48.594154634335204, -27.139548284887383],
                        [-48.594118645298131, -27.13960137367733],
                        [-48.593868845272702, -27.13997037364247],
                        [-48.593868599894407, -27.139970739906857]
                    ],
                    [
                        [-48.5938876, -27.1399838],
                        [-48.593868599894407, -27.139970739906857]
                    ],
                    [
                        [-48.5938876, -27.1399838],
                        [-48.5936836, -27.1402883],
                        [-48.5936146, -27.140393]
                    ],
                    [
                        [-48.593868599894407, -27.139970739906857],
                        [-48.5916353, -27.1384356]
                    ],
                    [
                        [-48.593868599894407, -27.139970739906857],
                        [-48.593664845251425, -27.140274873613983],
                        [-48.593595845243961, -27.140379573604328],
                        [-48.593595626376633, -27.140379898106477]
                    ],
                    [
                        [-48.5936146, -27.140393],
                        [-48.593595626376633, -27.140379898106477]
                    ],
                    [
                        [-48.5936146, -27.140393],
                        [-48.5933324, -27.1408114]
                    ],
                    [
                        [-48.593595626376633, -27.140379898106477],
                        [-48.5913005, -27.138795]
                    ],
                    [
                        [-48.593595626376633, -27.140379898106477],
                        [-48.593313645214984, -27.14079797356494],
                        [-48.593313409816353, -27.140798322851907]
                    ],
                    [
                        [-48.5933324, -27.1408114],
                        [-48.593313409816353, -27.140798322851907]
                    ],
                    [
                        [-48.5933324, -27.1408114],
                        [-48.5932799, -27.1408893],
                        [-48.5930507, -27.1412296]
                    ],
                    [
                        [-48.593313409816353, -27.140798322851907],
                        [-48.59094060000001, -27.1391643]
                    ],
                    [
                        [-48.593313409816353, -27.140798322851907],
                        [-48.593261145209581, -27.140875873557608],
                        [-48.593031945185977, -27.141216173525606],
                        [-48.593031763570842, -27.141216441554608]
                    ],
                    [
                        [-48.5930507, -27.1412296],
                        [-48.593031763570842, -27.141216441554608]
                    ],
                    [
                        [-48.5930507, -27.1412296],
                        [-48.5929887, -27.1413211],
                        [-48.5927674, -27.1416477],
                        [-48.5927205, -27.141716899999984]
                    ],
                    [
                        [-48.593031763570842, -27.141216441554608],
                        [-48.590605, -27.1395301]
                    ],
                    [
                        [-48.593031763570842, -27.141216441554608],
                        [-48.592969945179668, -27.141307673516948],
                        [-48.592748645157187, -27.141634273486076],
                        [-48.592701745152418, -27.141703473479524],
                        [-48.592701595251064, -27.141703695772371]
                    ],
                    [
                        [-48.5927205, -27.141716899999984],
                        [-48.592701595251064, -27.141703695772371]
                    ],
                    [
                        [-48.5927205, -27.141716899999984],
                        [-48.5926795, -27.1417777],
                        [-48.5924241, -27.1421565]
                    ],
                    [
                        [-48.592701595251064, -27.141703695772371],
                        [-48.5902142, -27.1399663]
                    ],
                    [
                        [-48.592701595251064, -27.141703695772371],
                        [-48.592660745148208, -27.141764273473814],
                        [-48.592405345121961, -27.142143073438163],
                        [-48.592405134524547, -27.142143385617977]
                    ],
                    [
                        [-48.5924241, -27.1421565],
                        [-48.592405134524547, -27.142143385617977]
                    ],
                    [
                        [-48.5924241, -27.1421565],
                        [-48.5923901, -27.1422069],
                        [-48.59215, -27.1425631],
                        [-48.59150480000001, -27.14352]
                    ],
                    [
                        [-48.592405134524547, -27.142143385617977],
                        [-48.5904967, -27.1408237],
                        [-48.5898554, -27.1403604]
                    ],
                    [
                        [-48.592405134524547, -27.142143385617977],
                        [-48.592371345118465, -27.142193473433419],
                        [-48.592131245093775, -27.142549673399888],
                        [-48.591486045027487, -27.143506573309821],
                        [-48.591485642299254, -27.143507170547807]
                    ],
                    [
                        [-48.592219900000011, -27.1444837],
                        [-48.5912382, -27.1439154]
                    ],
                    [
                        [-48.5921211, -27.1450205],
                        [-48.5909422, -27.1443545]
                    ],
                    [
                        [-48.5920365, -27.1453433],
                        [-48.5907734, -27.1446049]
                    ],
                    [
                        [-48.5917356, -27.1457663],
                        [-48.5904769, -27.1450446]
                    ],
                    [
                        [-48.59150480000001, -27.14352],
                        [-48.591485642299254, -27.143507170547807]
                    ],
                    [
                        [-48.59150480000001, -27.14352],
                        [-48.5912816, -27.143851]
                    ],
                    [
                        [-48.591485642299254, -27.143507170547807],
                        [-48.590378, -27.1427654],
                        [-48.5898133, -27.1423703],
                        [-48.5893163, -27.1420166],
                        [-48.5885865, -27.1414762]
                    ],
                    [
                        [-48.591485642299254, -27.143507170547807],
                        [-48.59126284500455, -27.143837573278663],
                        [-48.591262624736061, -27.14383790012884]
                    ],
                    [
                        [-48.5912816, -27.143851],
                        [-48.591262624736061, -27.14383790012884]
                    ],
                    [
                        [-48.5912816, -27.143851],
                        [-48.5912382, -27.1439154]
                    ],
                    [
                        [-48.591262624736061, -27.14383790012884],
                        [-48.5893783, -27.142537],
                        [-48.5882941, -27.1417602]
                    ],
                    [
                        [-48.591262624736061, -27.14383790012884],
                        [-48.591219445000078, -27.143901973272605],
                        [-48.591160344993867, -27.143990473264338],
                        [-48.591114544989303, -27.144057573257957],
                        [-48.591114342944621, -27.144057872995472]
                    ],
                    [
                        [-48.5912382, -27.1439154],
                        [-48.5911791, -27.1440039],
                        [-48.5911333, -27.144071]
                    ],
                    [
                        [-48.5911554, -27.1460419],
                        [-48.5901755, -27.1454917]
                    ],
                    [
                        [-48.5911333, -27.144071],
                        [-48.591114342944621, -27.144057872995472]
                    ],
                    [
                        [-48.5911333, -27.144071],
                        [-48.5909422, -27.1443545]
                    ],
                    [
                        [-48.591114342944621, -27.144057872995472],
                        [-48.5892824, -27.1427893],
                        [-48.5881117, -27.1419536]
                    ],
                    [
                        [-48.591114342944621, -27.144057872995472],
                        [-48.590923444969654, -27.144341073231274],
                        [-48.590822744959311, -27.144490373217202],
                        [-48.590754644952305, -27.144591473207697],
                        [-48.590643344940325, -27.144759973192127],
                        [-48.590643018107848, -27.144760468085014]
                    ],
                    [
                        [-48.5909422, -27.1443545],
                        [-48.5908415, -27.1445038],
                        [-48.5907734, -27.1446049]
                    ],
                    [
                        [-48.5907734, -27.1446049],
                        [-48.5906621, -27.1447734]
                    ],
                    [
                        [-48.590643018107848, -27.144760468085014],
                        [-48.5906621, -27.1447734]
                    ],
                    [
                        [-48.5906621, -27.1447734],
                        [-48.590553, -27.1449386],
                        [-48.5904769, -27.1450446]
                    ],
                    [
                        [-48.590643018107848, -27.144760468085014],
                        [-48.5892503, -27.1438166],
                        [-48.5891358, -27.1439536]
                    ],
                    [
                        [-48.590643018107848, -27.144760468085014],
                        [-48.590534244928577, -27.144925173176862],
                        [-48.590458144921833, -27.145031173166309],
                        [-48.590420344917945, -27.145087273161018],
                        [-48.59030974490657, -27.145251373145584],
                        [-48.590309414469374, -27.145251863187266]
                    ],
                    [
                        [-48.5904769, -27.1450446],
                        [-48.5904391, -27.1451007],
                        [-48.5903285, -27.1452648]
                    ],
                    [
                        [-48.5903285, -27.1452648],
                        [-48.590309414469374, -27.145251863187266]
                    ],
                    [
                        [-48.5903285, -27.1452648],
                        [-48.5901755, -27.1454917]
                    ],
                    [
                        [-48.590309414469374, -27.145251863187266],
                        [-48.5891533, -27.144468199999988],
                        [-48.5888675, -27.1442745]
                    ],
                    [
                        [-48.590309414469374, -27.145251863187266],
                        [-48.590156744890848, -27.14547827312423],
                        [-48.590075644882511, -27.145598573112888],
                        [-48.589985944873298, -27.145731573100381],
                        [-48.589985611325503, -27.145732075328564]
                    ],
                    [
                        [-48.5901755, -27.1454917],
                        [-48.5900944, -27.145612],
                        [-48.5900047, -27.145745]
                    ],
                    [
                        [-48.5900047, -27.145745],
                        [-48.589985611325503, -27.145732075328564]
                    ],
                    [
                        [-48.5900047, -27.145745],
                        [-48.5899347, -27.1458504],
                        [-48.589797040759933, -27.146061262500911]
                    ],
                    [
                        [-48.589985611325503, -27.145732075328564],
                        [-48.5888539, -27.1449658],
                        [-48.5884935, -27.144721799999989]
                    ],
                    [
                        [-48.589985611325503, -27.145732075328564],
                        [-48.589915944865865, -27.145836973090574],
                        [-48.589778285610592, -27.146047835572208]
                    ],
                    [
                        [-48.5891358, -27.1439536],
                        [-48.5883241, -27.1433951]
                    ],
                    [
                        [-48.5891358, -27.1439536],
                        [-48.5888675, -27.1442745]
                    ],
                    [
                        [-48.5888675, -27.1442745],
                        [-48.5880402, -27.1437142]
                    ],
                    [
                        [-48.5888675, -27.1442745],
                        [-48.5884935, -27.144721799999989]
                    ],
                    [
                        [-48.5884935, -27.144721799999989],
                        [-48.5876995, -27.1441843],
                        [-48.586615, -27.1434501]
                    ],
                    [
                        [-48.5884935, -27.144721799999989],
                        [-48.5882749, -27.1449833],
                        [-48.5872603, -27.144287],
                        [-48.5872028, -27.1442476]
                    ],
                    [
                        [-48.5883241, -27.1433951],
                        [-48.5879715, -27.1431525]
                    ],
                    [
                        [-48.5883241, -27.1433951],
                        [-48.5880402, -27.1437142]
                    ],
                    [
                        [-48.5880402, -27.1437142],
                        [-48.5869879, -27.1430014]
                    ],
                    [
                        [-48.5872028, -27.1442476],
                        [-48.5868288, -27.143991]
                    ],
                    [
                        [-48.5872028, -27.1442476],
                        [-48.5867733, -27.1447835]
                    ],
                    [
                        [-48.5868288, -27.143991],
                        [-48.5864058, -27.1437007]
                    ],
                    [
                        [-48.5868288, -27.143991],
                        [-48.5862752, -27.1446905]
                    ]
                ]
            }
        },
        {
            "type": "Feature",
            "properties": {
                "SETOR": "T02",
                "TURNO": "TARDE",
                "FREQUENCIA": "SEG - QUI - SEX",
                "HORARIO": "14:20 ÀS 22:35",
                "OPERACAO": "DOMICILIAR",
                "FILIAL": "ITAPEMA"
            },
            "geometry": {
                "type": "MultiLineString",
                "coordinates": [
                    [
                        [-48.6176849, -27.0942245],
                        [-48.6175897, -27.0939386],
                        [-48.617402, -27.0934068]
                    ],
                    [
                        [-48.617402, -27.0934068],
                        [-48.6173104, -27.0931645],
                        [-48.6172084, -27.0929053],
                        [-48.6171233, -27.092708],
                        [-48.6170014, -27.0924277],
                        [-48.6168914, -27.0921794],
                        [-48.6168324, -27.0920576],
                        [-48.6167694, -27.091953],
                        [-48.6166777, -27.091814],
                        [-48.6165853, -27.0916816],
                        [-48.6163591, -27.0914212],
                        [-48.6161566, -27.0912107],
                        [-48.6159678, -27.0910271],
                        [-48.6158052, -27.0908765],
                        [-48.6156537, -27.0907465],
                        [-48.6154707, -27.0906043],
                        [-48.6153416, -27.0905146],
                        [-48.6151658, -27.0904084],
                        [-48.6150934, -27.0903668]
                    ],
                    [
                        [-48.6168133, -27.0935021],
                        [-48.617402, -27.0934068]
                    ],
                    [
                        [-48.6167893, -27.0950861],
                        [-48.6168088, -27.0949677],
                        [-48.6168109, -27.0949561],
                        [-48.6168481, -27.0947494],
                        [-48.6168712, -27.0946212],
                        [-48.6168775, -27.094559799999988],
                        [-48.6169085, -27.0942806],
                        [-48.6169165, -27.0941135],
                        [-48.6169119, -27.0940065],
                        [-48.6169013, -27.0939088],
                        [-48.6168865, -27.093803],
                        [-48.6168633, -27.093685600000011],
                        [-48.6168373, -27.0935865],
                        [-48.6168133, -27.0935021]
                    ],
                    [
                        [-48.6168133, -27.0935021],
                        [-48.6167547, -27.0933208],
                        [-48.6167058, -27.0931771],
                        [-48.6166523, -27.0930374],
                        [-48.6165994, -27.0929177],
                        [-48.6165448, -27.0928022],
                        [-48.6164789, -27.0926775],
                        [-48.6164073, -27.092551],
                        [-48.6163403, -27.0924417],
                        [-48.61628, -27.0923441],
                        [-48.6162479, -27.092293],
                        [-48.6162133, -27.0922409]
                    ],
                    [
                        [-48.6162133, -27.0922409],
                        [-48.6160692, -27.0920238],
                        [-48.6159579, -27.0918753]
                    ],
                    [
                        [-48.6162133, -27.0922409],
                        [-48.6151511, -27.0927344]
                    ],
                    [
                        [-48.6159579, -27.0918753],
                        [-48.6159055, -27.0918486],
                        [-48.6158521, -27.0918235],
                        [-48.6157977, -27.0918002],
                        [-48.6157424, -27.0917786],
                        [-48.6156863, -27.0917587],
                        [-48.6156295, -27.0917406],
                        [-48.615572, -27.0917243]
                    ],
                    [
                        [-48.6157452, -27.0916081],
                        [-48.6159579, -27.0918753]
                    ],
                    [
                        [-48.6151478, -27.0909115],
                        [-48.6156571, -27.0915068],
                        [-48.6157452, -27.0916081]
                    ],
                    [
                        [-48.6157452, -27.0916081],
                        [-48.6157245, -27.0916443],
                        [-48.6156951, -27.0916755],
                        [-48.6156586, -27.0917],
                        [-48.6156168, -27.0917165],
                        [-48.615572, -27.0917243]
                    ],
                    [
                        [-48.615572, -27.0917243],
                        [-48.6152196, -27.0916313],
                        [-48.6151577, -27.0916149],
                        [-48.6147538, -27.0915083]
                    ],
                    [
                        [-48.6151478, -27.0909115],
                        [-48.615123, -27.0908762],
                        [-48.6151061, -27.0908401],
                        [-48.61509550000001, -27.0908071],
                        [-48.6150851, -27.0907673],
                        [-48.6150769, -27.0907065],
                        [-48.6150729, -27.0906464],
                        [-48.6150722, -27.0905762],
                        [-48.6150742, -27.0905082],
                        [-48.6150856, -27.0904142],
                        [-48.6150934, -27.0903668]
                    ],
                    [
                        [-48.6144951, -27.0909867],
                        [-48.6150397, -27.0909239],
                        [-48.6151478, -27.0909115]
                    ],
                    [
                        [-48.6150934, -27.0903668],
                        [-48.6149758, -27.0903012],
                        [-48.614396, -27.0899657]
                    ],
                    [
                        [-48.6147538, -27.0915083],
                        [-48.6142914, -27.0913839]
                    ],
                    [
                        [-48.6147538, -27.0915083],
                        [-48.6146721, -27.0930123],
                        [-48.6141467, -27.0932662]
                    ],
                    [
                        [-48.6144383, -27.0905465],
                        [-48.6144889, -27.0909393],
                        [-48.6144951, -27.0909867]
                    ],
                    [
                        [-48.613703, -27.0910778],
                        [-48.6139883, -27.091045],
                        [-48.6144951, -27.0909867]
                    ],
                    [
                        [-48.6143894, -27.0901683],
                        [-48.6144383, -27.0905465]
                    ],
                    [
                        [-48.6126814, -27.0907373],
                        [-48.6144383, -27.0905465]
                    ],
                    [
                        [-48.614396, -27.0899657],
                        [-48.6135659, -27.0894809]
                    ],
                    [
                        [-48.614396, -27.0899657],
                        [-48.614377, -27.0900722],
                        [-48.6143894, -27.0901683]
                    ],
                    [
                        [-48.6126474, -27.0903658],
                        [-48.6143894, -27.0901683]
                    ],
                    [
                        [-48.6142914, -27.0913839],
                        [-48.6139779, -27.0913018],
                        [-48.6136839, -27.0912334]
                    ],
                    [
                        [-48.6142512, -27.0917878],
                        [-48.6142914, -27.0913839]
                    ],
                    [
                        [-48.6137565, -27.0917601],
                        [-48.6142512, -27.0917878]
                    ],
                    [
                        [-48.6141467, -27.0932662],
                        [-48.6142512, -27.0917878]
                    ],
                    [
                        [-48.6141467, -27.0932662],
                        [-48.6136468, -27.0935077]
                    ],
                    [
                        [-48.6132653, -27.0917327],
                        [-48.6137565, -27.0917601]
                    ],
                    [
                        [-48.6137565, -27.0917601],
                        [-48.6136468, -27.0935077]
                    ],
                    [
                        [-48.6136839, -27.0912334],
                        [-48.6136549, -27.0911962],
                        [-48.6136484, -27.0911512],
                        [-48.6136657, -27.0911086],
                        [-48.613703, -27.0910778]
                    ],
                    [
                        [-48.6132419, -27.0911303],
                        [-48.613703, -27.0910778]
                    ],
                    [
                        [-48.6136468, -27.0935077],
                        [-48.6131549, -27.0937453]
                    ],
                    [
                        [-48.6136839, -27.0912334],
                        [-48.6132419, -27.0911303]
                    ],
                    [
                        [-48.6135659, -27.0894809],
                        [-48.6132642, -27.0892978]
                    ],
                    [
                        [-48.613103, -27.0901067],
                        [-48.613501, -27.0900616],
                        [-48.613548, -27.090042],
                        [-48.6135645, -27.0900003],
                        [-48.6135659, -27.0894809]
                    ],
                    [
                        [-48.6127699, -27.0917051],
                        [-48.6132653, -27.0917327]
                    ],
                    [
                        [-48.6131549, -27.0937453],
                        [-48.6132653, -27.0917327]
                    ],
                    [
                        [-48.6132419, -27.0911303],
                        [-48.6131993, -27.0911186],
                        [-48.6127905, -27.0910066],
                        [-48.6127049, -27.0909832]
                    ],
                    [
                        [-48.6132642, -27.0892978],
                        [-48.6119798, -27.0885159]
                    ],
                    [
                        [-48.6131693, -27.089774],
                        [-48.6132642, -27.0892978]
                    ],
                    [
                        [-48.6131549, -27.0937453],
                        [-48.6126224, -27.0940025],
                        [-48.6125697, -27.094028]
                    ],
                    [
                        [-48.6114697, -27.0887458],
                        [-48.6131693, -27.089774]
                    ],
                    [
                        [-48.613103, -27.0901067],
                        [-48.6131693, -27.089774]
                    ],
                    [
                        [-48.6127351, -27.0901484],
                        [-48.613103, -27.0901067]
                    ],
                    [
                        [-48.6127699, -27.0917051],
                        [-48.6122962, -27.0916786]
                    ],
                    [
                        [-48.6127049, -27.0909832],
                        [-48.6127574, -27.0915667],
                        [-48.6127699, -27.0917051]
                    ],
                    [
                        [-48.6127699, -27.0917051],
                        [-48.6127349, -27.0924108],
                        [-48.61269080000001, -27.0933062],
                        [-48.6126843, -27.0933315],
                        [-48.6126712, -27.0933566],
                        [-48.6126494, -27.0933808],
                        [-48.6126172, -27.0934005],
                        [-48.6125871, -27.0934163],
                        [-48.6122834, -27.0935635]
                    ],
                    [
                        [-48.6113791, -27.0892249],
                        [-48.6124852, -27.0898967],
                        [-48.612605, -27.0899814],
                        [-48.612674, -27.0900521],
                        [-48.6127351, -27.0901484]
                    ],
                    [
                        [-48.6126287, -27.0901604],
                        [-48.6127351, -27.0901484]
                    ],
                    [
                        [-48.6127049, -27.0909832],
                        [-48.6126354, -27.0909692],
                        [-48.612571, -27.0909609],
                        [-48.6125078, -27.0909587],
                        [-48.6124464, -27.0909583],
                        [-48.6123698, -27.090963899999988],
                        [-48.6118492, -27.0910355],
                        [-48.6116904, -27.0910594]
                    ],
                    [
                        [-48.6126814, -27.0907373],
                        [-48.6127049, -27.0909832]
                    ],
                    [
                        [-48.6126474, -27.0903658],
                        [-48.6126814, -27.0907373]
                    ],
                    [
                        [-48.6126287, -27.0901604],
                        [-48.6126474, -27.0903658]
                    ],
                    [
                        [-48.6125697, -27.094028],
                        [-48.61253, -27.0939636],
                        [-48.6122834, -27.0935635]
                    ],
                    [
                        [-48.6122725, -27.0947226],
                        [-48.6122213, -27.0946419],
                        [-48.6120173, -27.0943203],
                        [-48.6121161, -27.0942483],
                        [-48.6125272, -27.0940486],
                        [-48.6125697, -27.094028]
                    ],
                    [
                        [-48.6120821, -27.0901892],
                        [-48.6121393, -27.0902048],
                        [-48.6121903, -27.0902101],
                        [-48.6126287, -27.0901604]
                    ],
                    [
                        [-48.6120204, -27.0931299],
                        [-48.6120976, -27.0931083],
                        [-48.6124413, -27.092943]
                    ],
                    [
                        [-48.6122834, -27.0935635],
                        [-48.6121602, -27.0933748],
                        [-48.6120931, -27.0932608],
                        [-48.6120204, -27.0931299]
                    ],
                    [
                        [-48.6122962, -27.0916786],
                        [-48.6117889, -27.0916503]
                    ],
                    [
                        [-48.6122962, -27.0916786],
                        [-48.6122552, -27.0926113],
                        [-48.6118643, -27.092758]
                    ],
                    [
                        [-48.6120204, -27.0931299],
                        [-48.611941, -27.0929556],
                        [-48.6118643, -27.092758]
                    ],
                    [
                        [-48.6112877, -27.0897083],
                        [-48.6120821, -27.0901892]
                    ],
                    [
                        [-48.6111862, -27.0902962],
                        [-48.6120821, -27.0901892]
                    ],
                    [
                        [-48.6119798, -27.0885159],
                        [-48.6118382, -27.0884591],
                        [-48.6117292, -27.0884292],
                        [-48.6116431, -27.0884242],
                        [-48.6115314, -27.0884194]
                    ],
                    [
                        [-48.6119798, -27.0885159],
                        [-48.611756, -27.0883393],
                        [-48.6115958, -27.0882241],
                        [-48.6114289, -27.088121199999989],
                        [-48.6112792, -27.0880346],
                        [-48.6109293, -27.0878517],
                        [-48.61083, -27.0878111],
                        [-48.6106221, -27.087715],
                        [-48.6104648, -27.0876286],
                        [-48.6098753, -27.0872769]
                    ],
                    [
                        [-48.6118643, -27.092758],
                        [-48.6117811, -27.0925536]
                    ],
                    [
                        [-48.6117811, -27.0925536],
                        [-48.6117409, -27.0924791],
                        [-48.6117063, -27.0924095],
                        [-48.6116697, -27.0923511],
                        [-48.6110902, -27.0915504]
                    ],
                    [
                        [-48.6117811, -27.0925536],
                        [-48.6118293, -27.0924192],
                        [-48.6117889, -27.0916503]
                    ],
                    [
                        [-48.6117889, -27.0916503],
                        [-48.6117359, -27.091332499999989],
                        [-48.6117023, -27.0911308],
                        [-48.6116904, -27.0910594]
                    ],
                    [
                        [-48.6116904, -27.0910594],
                        [-48.6116001, -27.0910736],
                        [-48.6114842, -27.0910919],
                        [-48.6113652, -27.0911088]
                    ],
                    [
                        [-48.6115983, -27.0931022],
                        [-48.6115657, -27.0928591],
                        [-48.6115589, -27.0928216],
                        [-48.6115448, -27.0927792],
                        [-48.6115269, -27.0927347],
                        [-48.6115041, -27.0926958],
                        [-48.6114677, -27.0926526],
                        [-48.6114322, -27.092621],
                        [-48.6109132, -27.0922043],
                        [-48.6108555, -27.0921589],
                        [-48.6108051, -27.0921209],
                        [-48.6107736, -27.0920992],
                        [-48.6105041, -27.0919321]
                    ],
                    [
                        [-48.6115314, -27.0884194],
                        [-48.6114576, -27.0884164],
                        [-48.6112988, -27.0884174],
                        [-48.6111928, -27.0884257],
                        [-48.6110837, -27.0884354]
                    ],
                    [
                        [-48.6115314, -27.0884194],
                        [-48.6114697, -27.0887458]
                    ],
                    [
                        [-48.6114697, -27.0887458],
                        [-48.6113791, -27.0892249]
                    ],
                    [
                        [-48.6111862, -27.0902962],
                        [-48.6111897, -27.0903431],
                        [-48.6112061, -27.090438],
                        [-48.6113652, -27.0911088]
                    ],
                    [
                        [-48.6113652, -27.0911088],
                        [-48.6110714, -27.0911593],
                        [-48.6108383, -27.0911993]
                    ],
                    [
                        [-48.6113791, -27.0892249],
                        [-48.6112877, -27.0897083]
                    ],
                    [
                        [-48.6112877, -27.0897083],
                        [-48.6111839, -27.0901266],
                        [-48.611178, -27.0901999],
                        [-48.6111862, -27.0902962]
                    ],
                    [
                        [-48.6110902, -27.0915504],
                        [-48.6108383, -27.0911993]
                    ],
                    [
                        [-48.6105041, -27.0919321],
                        [-48.6105089, -27.0919274],
                        [-48.6105794, -27.0918589],
                        [-48.6106128, -27.0918264],
                        [-48.6106429, -27.0918026],
                        [-48.6106879, -27.0917733],
                        [-48.6110902, -27.0915504]
                    ],
                    [
                        [-48.6103701, -27.0896747],
                        [-48.6108543, -27.0897486],
                        [-48.6110837, -27.0884354]
                    ],
                    [
                        [-48.6110837, -27.0884354],
                        [-48.6108427, -27.088466199999985],
                        [-48.6105906, -27.0885038]
                    ],
                    [
                        [-48.6108383, -27.0911993],
                        [-48.61082720000001, -27.0911101],
                        [-48.6107981, -27.090804]
                    ],
                    [
                        [-48.6108383, -27.0911993],
                        [-48.6103318, -27.0912772],
                        [-48.6102336, -27.0912906],
                        [-48.6101507, -27.0912981],
                        [-48.6100937, -27.0912993],
                        [-48.6100475, -27.09129870000001],
                        [-48.6099804, -27.0912987],
                        [-48.6098194, -27.0912795],
                        [-48.6097538, -27.0912659],
                        [-48.6093789, -27.0911883],
                        [-48.6092133, -27.0911508],
                        [-48.6091463, -27.0911357]
                    ],
                    [
                        [-48.6103701, -27.0896747],
                        [-48.6105906, -27.0885038]
                    ],
                    [
                        [-48.6105906, -27.0885038],
                        [-48.610024, -27.0885969]
                    ],
                    [
                        [-48.6105041, -27.0919321],
                        [-48.6103473, -27.091825199999988],
                        [-48.6102281, -27.09174],
                        [-48.610021, -27.0915914]
                    ],
                    [
                        [-48.6098389, -27.0895935],
                        [-48.6103701, -27.0896747]
                    ],
                    [
                        [-48.6101926, -27.0906169],
                        [-48.6103701, -27.0896747]
                    ],
                    [
                        [-48.610024, -27.0885969],
                        [-48.6098389, -27.0895935]
                    ],
                    [
                        [-48.610024, -27.0885969],
                        [-48.6095818, -27.0886554]
                    ],
                    [
                        [-48.6092981, -27.0895109],
                        [-48.6098389, -27.0895935]
                    ],
                    [
                        [-48.6098389, -27.0895935],
                        [-48.6096505, -27.0906214]
                    ],
                    [
                        [-48.6098753, -27.0872769],
                        [-48.6096391, -27.0871349]
                    ],
                    [
                        [-48.6098753, -27.0872769],
                        [-48.6097799, -27.0872911],
                        [-48.6097035, -27.0873221],
                        [-48.6096274, -27.0873794]
                    ],
                    [
                        [-48.6096391, -27.0871349],
                        [-48.6096452, -27.0870691],
                        [-48.60966362355947, -27.086871126278741]
                    ],
                    [
                        [-48.6096391, -27.0871349],
                        [-48.6094692, -27.0870278],
                        [-48.6084492, -27.0864126],
                        [-48.6082496, -27.086248],
                        [-48.608021, -27.0860381]
                    ],
                    [
                        [-48.6096274, -27.0873794],
                        [-48.609636, -27.0871999],
                        [-48.6096391, -27.0871349]
                    ],
                    [
                        [-48.6096059, -27.0878958],
                        [-48.6096172, -27.0876008],
                        [-48.6096274, -27.0873794]
                    ],
                    [
                        [-48.6095818, -27.0886554],
                        [-48.609599, -27.0881125],
                        [-48.6096059, -27.0878958]
                    ],
                    [
                        [-48.6096059, -27.0878958],
                        [-48.6091503, -27.0878965],
                        [-48.6090772, -27.087903],
                        [-48.6090075, -27.0879228],
                        [-48.6089813, -27.087949],
                        [-48.6089578, -27.088106]
                    ],
                    [
                        [-48.6090796, -27.0894775],
                        [-48.60928, -27.0892378],
                        [-48.6094088, -27.0890659],
                        [-48.6094946, -27.0889321],
                        [-48.6095266, -27.0888717],
                        [-48.6095536, -27.0888032],
                        [-48.6095725, -27.0887331],
                        [-48.6095818, -27.0886554]
                    ],
                    [
                        [-48.6090796, -27.0894775],
                        [-48.6092981, -27.0895109]
                    ],
                    [
                        [-48.6092981, -27.0895109],
                        [-48.609163, -27.0901612],
                        [-48.6091677, -27.090214],
                        [-48.6091831, -27.0902582],
                        [-48.6091905, -27.0903029],
                        [-48.6091885, -27.0903405],
                        [-48.6091764, -27.0905411]
                    ],
                    [
                        [-48.6091463, -27.0911357],
                        [-48.6085012, -27.0910229],
                        [-48.6084428, -27.0910086],
                        [-48.6083959, -27.0909919],
                        [-48.608363, -27.0909763],
                        [-48.6083121, -27.0909483],
                        [-48.6082323, -27.0908999],
                        [-48.6082129, -27.0908778]
                    ],
                    [
                        [-48.6091463, -27.0911357],
                        [-48.6090376, -27.0917175]
                    ],
                    [
                        [-48.6084378, -27.0901643],
                        [-48.6084968, -27.0900784],
                        [-48.6085612, -27.0900067],
                        [-48.6086926, -27.0898885],
                        [-48.608852, -27.0897365],
                        [-48.6090796, -27.0894775]
                    ],
                    [
                        [-48.6084378, -27.0901643],
                        [-48.6083077, -27.0899725],
                        [-48.6082432, -27.0899284],
                        [-48.6081487, -27.0898999],
                        [-48.6079346, -27.0898575],
                        [-48.6077922, -27.0898315]
                    ],
                    [
                        [-48.6083196, -27.0905053],
                        [-48.6083879, -27.0902936],
                        [-48.6084378, -27.0901643]
                    ],
                    [
                        [-48.6076304, -27.0902774],
                        [-48.6081105, -27.0904361],
                        [-48.6083196, -27.0905053]
                    ],
                    [
                        [-48.6082129, -27.0908778],
                        [-48.6082082, -27.0908619],
                        [-48.6082649, -27.0906889],
                        [-48.6083196, -27.0905053]
                    ],
                    [
                        [-48.6082129, -27.0908778],
                        [-48.6080378, -27.0913229]
                    ],
                    [
                        [-48.608021, -27.0860381],
                        [-48.6075023, -27.0857954],
                        [-48.6072963, -27.0856901],
                        [-48.6065599, -27.085266]
                    ],
                    [
                        [-48.608021, -27.0860381],
                        [-48.6077519, -27.0857568]
                    ],
                    [
                        [-48.6079384, -27.0894285],
                        [-48.6077922, -27.0898315]
                    ],
                    [
                        [-48.6077922, -27.0898315],
                        [-48.6072935, -27.0897406],
                        [-48.6071809, -27.0897268],
                        [-48.6071051, -27.0897197],
                        [-48.6070394, -27.0897215],
                        [-48.6069643, -27.0897292],
                        [-48.6068228, -27.0897513],
                        [-48.6064835, -27.0897913],
                        [-48.60614, -27.0898146]
                    ],
                    [
                        [-48.6077922, -27.0898315],
                        [-48.6076304, -27.0902774]
                    ],
                    [
                        [-48.6071638, -27.0901958],
                        [-48.6072573, -27.0901919],
                        [-48.6073271, -27.0901965],
                        [-48.6073832, -27.0902049],
                        [-48.6075564, -27.0902557],
                        [-48.6076304, -27.0902774]
                    ],
                    [
                        [-48.6076304, -27.0902774],
                        [-48.6073721, -27.0910478],
                        [-48.6073028, -27.0911279],
                        [-48.6071584, -27.0911039],
                        [-48.6061455, -27.0909626]
                    ],
                    [
                        [-48.6071638, -27.0901958],
                        [-48.6071638, -27.0906583]
                    ],
                    [
                        [-48.6062193, -27.0904175],
                        [-48.6067092, -27.0903007],
                        [-48.6070385, -27.0902222],
                        [-48.6071638, -27.0901958]
                    ],
                    [
                        [-48.6062193, -27.0904175],
                        [-48.60614, -27.0898146]
                    ],
                    [
                        [-48.6060536, -27.0904714],
                        [-48.6062193, -27.0904175]
                    ],
                    [
                        [-48.6060536, -27.0904714],
                        [-48.6061455, -27.0909626]
                    ],
                    [
                        [-48.6061455, -27.0909626],
                        [-48.6059142, -27.0909764],
                        [-48.6056064, -27.0910336],
                        [-48.6054025, -27.0910796],
                        [-48.6052047, -27.0911339],
                        [-48.6050706, -27.0911835],
                        [-48.6049479, -27.0912396],
                        [-48.6048165, -27.0913077],
                        [-48.6046985, -27.0913763],
                        [-48.6045865, -27.0915124],
                        [-48.6045208, -27.091633],
                        [-48.6044826, -27.0917644],
                        [-48.6044732, -27.0918461],
                        [-48.6044597, -27.0920503],
                        [-48.6045496, -27.0923058]
                    ],
                    [
                        [-48.60614, -27.0898146],
                        [-48.6060865, -27.0894076]
                    ],
                    [
                        [-48.6040292, -27.0913283],
                        [-48.6040917, -27.0912551],
                        [-48.6041466, -27.0911877],
                        [-48.6041868, -27.0911429],
                        [-48.6042412, -27.091079],
                        [-48.6043029, -27.0910157],
                        [-48.6043766, -27.0909525],
                        [-48.6044698, -27.0908707],
                        [-48.6045564, -27.0908152],
                        [-48.6046676, -27.0907471],
                        [-48.604783, -27.0907011],
                        [-48.6049348, -27.0906655],
                        [-48.6052604, -27.09062],
                        [-48.6055646, -27.090565],
                        [-48.605699, -27.0905407],
                        [-48.6058178, -27.090522],
                        [-48.6059669, -27.0904966],
                        [-48.6060064, -27.0904851],
                        [-48.6060536, -27.0904714]
                    ],
                    [
                        [-48.6040092, -27.0940191],
                        [-48.6040722, -27.0939021],
                        [-48.6041003, -27.0938138],
                        [-48.6041205, -27.0937397],
                        [-48.6041218, -27.0936573],
                        [-48.6041155, -27.0935714],
                        [-48.6040936, -27.093483],
                        [-48.6040658, -27.0934045],
                        [-48.6040219, -27.0932723],
                        [-48.6039609, -27.0931356],
                        [-48.6039448, -27.0930604],
                        [-48.6039341, -27.0929935],
                        [-48.6039381, -27.0929231],
                        [-48.6039501, -27.0928646],
                        [-48.6039676, -27.0928001],
                        [-48.6040524, -27.0925024],
                        [-48.6040633, -27.0924088],
                        [-48.604061, -27.0922186],
                        [-48.6040549, -27.0921402],
                        [-48.6040045, -27.0918216],
                        [-48.6039965, -27.091562],
                        [-48.6039994, -27.0914095],
                        [-48.6040292, -27.0913283]
                    ],
                    [
                        [-48.6034875, -27.0944119],
                        [-48.6038147, -27.0942585],
                        [-48.6038972, -27.0942012],
                        [-48.6039421, -27.0941516],
                        [-48.6040092, -27.0940191]
                    ],
                    [
                        [-48.6040092, -27.0940191],
                        [-48.6039307, -27.0940537],
                        [-48.6038838, -27.0940752],
                        [-48.6038361, -27.0940907],
                        [-48.6037832, -27.0941087],
                        [-48.6036973, -27.0941212],
                        [-48.6036397, -27.0941272],
                        [-48.6033471, -27.094114],
                        [-48.6033049, -27.0941113],
                        [-48.6032575, -27.0941063],
                        [-48.6029941, -27.0940659],
                        [-48.6029094, -27.0940448],
                        [-48.6028097, -27.0940128],
                        [-48.6026143, -27.0939451],
                        [-48.6025286, -27.0939188],
                        [-48.6021464, -27.0938161],
                        [-48.6020471, -27.0937851],
                        [-48.60185, -27.0937147],
                        [-48.6017843, -27.0936896]
                    ],
                    [
                        [-48.6040292, -27.0913283],
                        [-48.6039887, -27.0912664],
                        [-48.6039749, -27.0912169],
                        [-48.6039867, -27.0911668],
                        [-48.6039987, -27.0910898],
                        [-48.6040048, -27.0910315],
                        [-48.6039988, -27.090962],
                        [-48.6039575, -27.090793],
                        [-48.6038562, -27.0903841],
                        [-48.6037939, -27.090205],
                        [-48.6037718, -27.090143],
                        [-48.6037342, -27.0900886],
                        [-48.6037027, -27.0900671]
                    ],
                    [
                        [-48.6037027, -27.0900671],
                        [-48.6036839, -27.0899429],
                        [-48.603682, -27.0898862],
                        [-48.6036786, -27.0898248],
                        [-48.6036726, -27.0897633],
                        [-48.6036323, -27.0896212],
                        [-48.6034888, -27.0892588],
                        [-48.6034512, -27.0891167],
                        [-48.6034794, -27.08902],
                        [-48.6035317, -27.0889149],
                        [-48.6035827, -27.0888564],
                        [-48.603639, -27.0888218],
                        [-48.6036899, -27.0888063],
                        [-48.6037637, -27.0888086],
                        [-48.6038563, -27.0888075],
                        [-48.603977, -27.0888015],
                        [-48.6040561, -27.0887944],
                        [-48.6041913, -27.0887499],
                        [-48.6042867, -27.0886905],
                        [-48.6044061, -27.0885986],
                        [-48.6044852, -27.0885078],
                        [-48.6045241, -27.0884374],
                        [-48.6045871, -27.0883263],
                        [-48.6046703, -27.088146],
                        [-48.6047212, -27.0880386],
                        [-48.6047776, -27.0879228],
                        [-48.6048044, -27.0878189],
                        [-48.6048232, -27.0876935],
                        [-48.6048527, -27.0875204],
                        [-48.6048661, -27.0874213],
                        [-48.6048621, -27.0873944],
                        [-48.6048419, -27.0873586],
                        [-48.604807, -27.0873208],
                        [-48.6046921, -27.0872848],
                        [-48.6046432, -27.0872771],
                        [-48.6041628, -27.087338],
                        [-48.6041303, -27.0873568],
                        [-48.6041151, -27.087389],
                        [-48.6041171, -27.087585399999988],
                        [-48.6041151, -27.0876744],
                        [-48.6041097, -27.0877443],
                        [-48.604078, -27.0878433],
                        [-48.6040297, -27.0879317],
                        [-48.6040004, -27.087989199999988],
                        [-48.6039461, -27.0880457],
                        [-48.6038683, -27.088097],
                        [-48.6037423, -27.0881412],
                        [-48.60323, -27.088272],
                        [-48.603128, -27.0883036],
                        [-48.6030442, -27.0883382],
                        [-48.6029805, -27.0883729],
                        [-48.6029222, -27.088417],
                        [-48.6028712, -27.088469],
                        [-48.6028364, -27.0885376],
                        [-48.6028203, -27.0885985],
                        [-48.6028055, -27.0886934],
                        [-48.6028015, -27.0887752],
                        [-48.6028095, -27.0888546],
                        [-48.6028149, -27.088943],
                        [-48.6028397, -27.0890558],
                        [-48.6028679, -27.0891764],
                        [-48.6029336, -27.0893352],
                        [-48.6030167, -27.0895346],
                        [-48.6030529, -27.0896051],
                        [-48.6030731, -27.0896743],
                        [-48.6030724, -27.0897258],
                        [-48.6030578, -27.0897721],
                        [-48.6030062, -27.0898843],
                        [-48.6029736, -27.0899513],
                        [-48.6029372, -27.0900242],
                        [-48.6028923, -27.0901007],
                        [-48.6028431, -27.0901794],
                        [-48.6027941, -27.0902605],
                        [-48.6027572, -27.0903155],
                        [-48.6027291, -27.0903519],
                        [-48.6027049, -27.0903889],
                        [-48.6026862, -27.0904187],
                        [-48.6026761, -27.0904385]
                    ],
                    [
                        [-48.6037027, -27.0900671],
                        [-48.6036444, -27.0900701],
                        [-48.6035713, -27.0901047],
                        [-48.6035183, -27.0901692],
                        [-48.6034633, -27.0903196],
                        [-48.603411, -27.0904515],
                        [-48.6033809, -27.0905441],
                        [-48.6033526, -27.090648],
                        [-48.6033326, -27.090717],
                        [-48.6033069, -27.0907805],
                        [-48.603278, -27.0908302],
                        [-48.603247, -27.0908746],
                        [-48.603203, -27.090917499999989],
                        [-48.6031182, -27.0909869],
                        [-48.6030154, -27.0910624],
                        [-48.6028607, -27.0911801]
                    ],
                    [
                        [-48.6026761, -27.0904385],
                        [-48.602699, -27.0903037],
                        [-48.6027309, -27.0902236],
                        [-48.6027523, -27.0901115],
                        [-48.6027592, -27.0900455],
                        [-48.6027583, -27.0899944],
                        [-48.6027459, -27.0899262],
                        [-48.6027252, -27.0898651],
                        [-48.602704, -27.0898115],
                        [-48.6026823, -27.0897829],
                        [-48.6026447, -27.089738],
                        [-48.6025876, -27.0896815],
                        [-48.6024682, -27.0895567],
                        [-48.6023985, -27.0894767],
                        [-48.6023582, -27.0894164],
                        [-48.602316, -27.0893144],
                        [-48.6022724, -27.0891878],
                        [-48.6022047, -27.0889794],
                        [-48.6021829, -27.0888866],
                        [-48.6021661, -27.0887806],
                        [-48.6021608, -27.088689],
                        [-48.6021672, -27.0885973],
                        [-48.6021886, -27.0884747],
                        [-48.6022396, -27.0882684],
                        [-48.6022637, -27.0882141],
                        [-48.6022906, -27.0881495],
                        [-48.6023187, -27.0880976],
                        [-48.6023515, -27.0880487],
                        [-48.6023774, -27.0880129],
                        [-48.6024089, -27.0879765],
                        [-48.6024357, -27.0879508],
                        [-48.602477, -27.0879293],
                        [-48.602601, -27.0878821],
                        [-48.6026721, -27.0878571],
                        [-48.602762, -27.08782],
                        [-48.6029094, -27.0877723],
                        [-48.6033051, -27.0876851],
                        [-48.6033915, -27.0876505]
                    ],
                    [
                        [-48.6031102, -27.0933215],
                        [-48.6028437, -27.0933063]
                    ],
                    [
                        [-48.6028437, -27.0933063],
                        [-48.6027069, -27.093261],
                        [-48.6026037, -27.0932299],
                        [-48.6023217, -27.0931357],
                        [-48.6022545, -27.0931294],
                        [-48.6021908, -27.0931388],
                        [-48.602010300000011, -27.0931892],
                        [-48.6019445, -27.0932078],
                        [-48.6018721, -27.093218],
                        [-48.6017454, -27.0932216],
                        [-48.6014684, -27.0932299]
                    ],
                    [
                        [-48.6014684, -27.0932299],
                        [-48.6014503, -27.0931034],
                        [-48.6014543, -27.0930246],
                        [-48.6014678, -27.0929547],
                        [-48.6014798, -27.092890199999989],
                        [-48.601506, -27.0928114],
                        [-48.6015462, -27.092741],
                        [-48.6015871, -27.0926819],
                        [-48.6016354, -27.0926353],
                        [-48.6016703, -27.092601899999988],
                        [-48.6017018, -27.0925762],
                        [-48.6017474, -27.0925619],
                        [-48.6018057, -27.092547],
                        [-48.601917, -27.092535],
                        [-48.6020817, -27.092527],
                        [-48.602259, -27.0925183],
                        [-48.60259760000001, -27.0924903],
                        [-48.6026694, -27.092483099999988],
                        [-48.6027076, -27.0924855],
                        [-48.6027545, -27.0924938],
                        [-48.6027934, -27.0925177],
                        [-48.602829, -27.0925792],
                        [-48.6028612, -27.092664],
                        [-48.6028826, -27.0927559],
                        [-48.6028885, -27.0928574],
                        [-48.6028437, -27.0933063]
                    ],
                    [
                        [-48.6028607, -27.0911801],
                        [-48.6028356, -27.091064],
                        [-48.6028297, -27.0909193],
                        [-48.6028219, -27.0908444],
                        [-48.6028052, -27.0907957],
                        [-48.6027804, -27.090731],
                        [-48.6027305, -27.0906265],
                        [-48.6027042, -27.0905829],
                        [-48.6026888, -27.0905421],
                        [-48.6026791, -27.0904901],
                        [-48.6026761, -27.0904385]
                    ],
                    [
                        [-48.6021598, -27.0913518],
                        [-48.6022583, -27.091356],
                        [-48.602322, -27.0913626],
                        [-48.6023998, -27.0913668],
                        [-48.6025058, -27.0913608],
                        [-48.6025728, -27.0913506],
                        [-48.6026687, -27.0913083],
                        [-48.6027358, -27.0912665],
                        [-48.6028607, -27.0911801]
                    ],
                    [
                        [-48.6017843, -27.0936896],
                        [-48.6016955, -27.0936376],
                        [-48.6016394, -27.0935941],
                        [-48.6015898, -27.0935457],
                        [-48.6015623, -27.0935093],
                        [-48.6015308, -27.0934538],
                        [-48.6014986, -27.0933696],
                        [-48.6014771, -27.0932914],
                        [-48.6014684, -27.0932299]
                    ],
                    [
                        [-48.6017843, -27.0936896],
                        [-48.6013755, -27.0937389]
                    ]
                ]
            }
        },
        {
            "type": "Feature",
            "properties": {
                "SETOR": "M01",
                "TURNO": "MANHÃ",
                "FREQUENCIA": "SEG - QUI - SEX",
                "HORARIO": "06:00 ÀS 14:20",
                "OPERACAO": "DOMICILIAR",
                "FILIAL": "ITAPEMA"
            },
            "geometry": {
                "type": "MultiLineString",
                "coordinates": [
                    [
                        [-48.6152922, -27.0821549],
                        [-48.6159179, -27.0819798],
                        [-48.6160591, -27.0819365],
                        [-48.6164355, -27.0818056]
                    ],
                    [
                        [-48.615137, -27.0818102],
                        [-48.6151655, -27.0818681],
                        [-48.6152922, -27.0821549]
                    ],
                    [
                        [-48.6144484, -27.0825912],
                        [-48.6145267, -27.0825325],
                        [-48.6146056, -27.0824765],
                        [-48.6146998, -27.0824164],
                        [-48.6148034, -27.082356199999989],
                        [-48.614899200000011, -27.0823105],
                        [-48.6149848, -27.0822719],
                        [-48.6150907, -27.0822287],
                        [-48.6151752, -27.0821948],
                        [-48.6152922, -27.0821549]
                    ],
                    [
                        [-48.6148239, -27.0814254],
                        [-48.6150477, -27.081675],
                        [-48.6150992, -27.0817416],
                        [-48.615137, -27.0818102]
                    ],
                    [
                        [-48.6132582, -27.0820477],
                        [-48.615137, -27.0818102]
                    ],
                    [
                        [-48.6111204, -27.0804128],
                        [-48.6114724, -27.0803836],
                        [-48.6118144, -27.0803358],
                        [-48.6150362, -27.0799206]
                    ],
                    [
                        [-48.6143505, -27.0808962],
                        [-48.6148239, -27.0814254]
                    ],
                    [
                        [-48.6148239, -27.0814254],
                        [-48.614003, -27.0815171],
                        [-48.6132386, -27.0816022]
                    ],
                    [
                        [-48.6107985, -27.0809281],
                        [-48.6109769, -27.0809836],
                        [-48.6110339, -27.0809997],
                        [-48.6110788, -27.0810117],
                        [-48.6111351, -27.0810117],
                        [-48.6111908, -27.081000299999989],
                        [-48.6112384, -27.0809842],
                        [-48.6112974, -27.0809657],
                        [-48.6114067, -27.0809364],
                        [-48.6116239, -27.080905399999988],
                        [-48.6119941, -27.0808636],
                        [-48.6146134, -27.0805587]
                    ],
                    [
                        [-48.6144484, -27.0825912],
                        [-48.6143463, -27.0823742],
                        [-48.6142766, -27.0822799]
                    ],
                    [
                        [-48.6129287, -27.0838595],
                        [-48.613016, -27.083815799999989],
                        [-48.6131835, -27.0837321],
                        [-48.6132702, -27.0836849],
                        [-48.6133454, -27.0836355],
                        [-48.6133937, -27.0835976],
                        [-48.6134674, -27.0835303],
                        [-48.6135577, -27.0834431],
                        [-48.6137208, -27.0832782],
                        [-48.614178, -27.0828237],
                        [-48.61427290000001, -27.0827367],
                        [-48.6143145, -27.0827019],
                        [-48.6144484, -27.0825912]
                    ],
                    [
                        [-48.6117862, -27.0793758],
                        [-48.6120485, -27.0789689],
                        [-48.6120951, -27.0788954],
                        [-48.612308, -27.0785598],
                        [-48.6129615, -27.0775297],
                        [-48.6130532, -27.0773843],
                        [-48.6131189, -27.0772663],
                        [-48.6132419, -27.0770242],
                        [-48.61329580000001, -27.0769329],
                        [-48.6133555, -27.0768507],
                        [-48.6134187, -27.0767764],
                        [-48.6134927, -27.0767012],
                        [-48.6136041, -27.0766094],
                        [-48.6137109, -27.0765162],
                        [-48.6139389, -27.076289],
                        [-48.6140609, -27.0761559],
                        [-48.6141776, -27.0760718],
                        [-48.6143251, -27.0759898],
                        [-48.6143959, -27.0759475],
                        [-48.6144719, -27.0758478],
                        [-48.6145478, -27.0757565],
                        [-48.6146924, -27.0756156],
                        [-48.6148212, -27.0754698],
                        [-48.6148989, -27.0752477],
                        [-48.6148802, -27.0750686],
                        [-48.6148185, -27.0749062],
                        [-48.6147108, -27.0748127],
                        [-48.6144242, -27.0748049],
                        [-48.61418410000001, -27.0748166]
                    ],
                    [
                        [-48.6135588, -27.0794368],
                        [-48.6121798, -27.079544099999989],
                        [-48.6121273, -27.0795476],
                        [-48.6121034, -27.0795455],
                        [-48.6120789, -27.0795391],
                        [-48.6120623, -27.079525],
                        [-48.612051, -27.079502],
                        [-48.6120249, -27.0794112],
                        [-48.6120143, -27.079386],
                        [-48.6120034, -27.0793711],
                        [-48.6119876, -27.0793627],
                        [-48.6119615, -27.0793587],
                        [-48.6117862, -27.0793758]
                    ],
                    [
                        [-48.6127402, -27.0834961],
                        [-48.6127044, -27.083429],
                        [-48.6131147, -27.0833321]
                    ],
                    [
                        [-48.6129287, -27.0838595],
                        [-48.6127402, -27.0834961]
                    ],
                    [
                        [-48.6122835, -27.0842115],
                        [-48.6129287, -27.0838595]
                    ],
                    [
                        [-48.6127402, -27.0834961],
                        [-48.6119041, -27.0836244]
                    ],
                    [
                        [-48.6122835, -27.0842115],
                        [-48.6119041, -27.0836244]
                    ],
                    [
                        [-48.6098705, -27.0855019],
                        [-48.6099217, -27.0854644],
                        [-48.6101973, -27.085344],
                        [-48.6122835, -27.0842115]
                    ],
                    [
                        [-48.6119041, -27.0836244],
                        [-48.6113128, -27.0836899],
                        [-48.6107172, -27.0837451],
                        [-48.6106836, -27.083555]
                    ],
                    [
                        [-48.6111204, -27.0804128],
                        [-48.6117862, -27.0793758]
                    ],
                    [
                        [-48.6107985, -27.0809281],
                        [-48.6109355, -27.0807087],
                        [-48.6111204, -27.0804128]
                    ],
                    [
                        [-48.6100321, -27.083235],
                        [-48.6100669, -27.082946],
                        [-48.6100964, -27.0826093],
                        [-48.61013, -27.0822618],
                        [-48.6101481, -27.0821725],
                        [-48.6101615, -27.0821054],
                        [-48.6101774, -27.0820442],
                        [-48.6102015, -27.081971299999989],
                        [-48.6102213, -27.0819141],
                        [-48.6102416, -27.0818724],
                        [-48.6102708, -27.0818194],
                        [-48.6103106, -27.0817566],
                        [-48.6103612, -27.0816699],
                        [-48.6106664, -27.0811323],
                        [-48.6107985, -27.0809281]
                    ],
                    [
                        [-48.6098705, -27.0855019],
                        [-48.60986, -27.0854214],
                        [-48.6098621, -27.0853781],
                        [-48.609951, -27.0840324],
                        [-48.6099731, -27.0838015],
                        [-48.6099891, -27.0836541],
                        [-48.6100049, -27.0834883],
                        [-48.6100321, -27.083235]
                    ],
                    [
                        [-48.6100321, -27.083235],
                        [-48.609678, -27.0832708],
                        [-48.609623, -27.0832792],
                        [-48.6095305, -27.0832899],
                        [-48.6094312, -27.0833078],
                        [-48.6093286, -27.0833186],
                        [-48.6092649, -27.0833216],
                        [-48.6092032, -27.083318]
                    ],
                    [
                        [-48.609232, -27.085526],
                        [-48.6097319, -27.08548],
                        [-48.6098705, -27.0855019]
                    ],
                    [
                        [-48.6091482, -27.0848793],
                        [-48.6094879, -27.0848497]
                    ],
                    [
                        [-48.609232, -27.085526],
                        [-48.6091482, -27.0848793]
                    ],
                    [
                        [-48.6091482, -27.0848793],
                        [-48.60900680000001, -27.0848957],
                        [-48.6087312, -27.0849413],
                        [-48.6086641, -27.0849562],
                        [-48.6085924, -27.0849825],
                        [-48.6085501, -27.085001],
                        [-48.6084864, -27.0850255],
                        [-48.6083456, -27.0850577],
                        [-48.6083054, -27.0850565],
                        [-48.6082551, -27.0850368],
                        [-48.6081357, -27.0849496],
                        [-48.6081169, -27.0849081],
                        [-48.6080828, -27.0848141],
                        [-48.6080512, -27.0847849],
                        [-48.608009, -27.0847753],
                        [-48.6079661, -27.0847747],
                        [-48.607899, -27.0847813],
                        [-48.6076824, -27.0847872],
                        [-48.6075812, -27.0847992],
                        [-48.607534200000011, -27.0848081],
                        [-48.6074752, -27.0848266],
                        [-48.6074229, -27.0848523],
                        [-48.607384, -27.0848744],
                        [-48.6073264, -27.0849204],
                        [-48.6072747, -27.0849675],
                        [-48.6072419, -27.0849998],
                        [-48.6072043, -27.0850523],
                        [-48.6071762, -27.0851186],
                        [-48.6079936, -27.0855681],
                        [-48.6080553, -27.0855968],
                        [-48.6080982, -27.0856052],
                        [-48.6081666, -27.0856153],
                        [-48.6082269, -27.0856135],
                        [-48.6082886, -27.0856123],
                        [-48.6084405, -27.0856039],
                        [-48.609232, -27.085526]
                    ],
                    [
                        [-48.6092032, -27.083318],
                        [-48.6091328, -27.0833168],
                        [-48.6090571, -27.0833126],
                        [-48.6087513, -27.0833365],
                        [-48.6083919, -27.083389]
                    ],
                    [
                        [-48.6092032, -27.083318],
                        [-48.6090665, -27.0832189],
                        [-48.6089846, -27.0831484],
                        [-48.6088881, -27.0830911],
                        [-48.6087634, -27.0830368],
                        [-48.6086628, -27.082989]
                    ],
                    [
                        [-48.6086628, -27.082989],
                        [-48.6084992, -27.0828911],
                        [-48.6083972, -27.0828624]
                    ],
                    [
                        [-48.6086628, -27.082989],
                        [-48.60818, -27.0830296],
                        [-48.6073619, -27.0831144],
                        [-48.606922, -27.0831538],
                        [-48.6068013, -27.0831657],
                        [-48.6063078, -27.0832314],
                        [-48.6061352, -27.0832584]
                    ],
                    [
                        [-48.6083972, -27.0828624],
                        [-48.6082082, -27.0828219],
                        [-48.6081196, -27.0828105],
                        [-48.6079969, -27.0827872],
                        [-48.6078662, -27.0827598],
                        [-48.6078098, -27.0827562],
                        [-48.6077746, -27.0827568],
                        [-48.6077243, -27.0827613],
                        [-48.607614, -27.0827771],
                        [-48.607545, -27.0827854],
                        [-48.60749340000001, -27.0827877],
                        [-48.6074479, -27.0827872],
                        [-48.6073954, -27.082783800000012],
                        [-48.6070981, -27.0827523]
                    ],
                    [
                        [-48.6083972, -27.0828624],
                        [-48.6083168, -27.0827693],
                        [-48.6082477, -27.0826762],
                        [-48.6081887, -27.0825932],
                        [-48.6081384, -27.0825108],
                        [-48.6080754, -27.0824045],
                        [-48.6080325, -27.0823311],
                        [-48.6079741, -27.0822141]
                    ],
                    [
                        [-48.607842, -27.0582557],
                        [-48.6085938, -27.0581004]
                    ],
                    [
                        [-48.6084297, -27.0569388],
                        [-48.6082849, -27.0569053],
                        [-48.6081764, -27.0569197],
                        [-48.6076707, -27.0569865],
                        [-48.6071063, -27.0570646],
                        [-48.6068321, -27.0571026],
                        [-48.6067734, -27.0571295],
                        [-48.6067394, -27.0571839],
                        [-48.6067028, -27.0573107],
                        [-48.6066815, -27.0573759],
                        [-48.6066337, -27.0574301],
                        [-48.6065605, -27.05747],
                        [-48.606441, -27.0575124],
                        [-48.6063088, -27.0575478],
                        [-48.6061711, -27.0575702],
                        [-48.606019, -27.0575859],
                        [-48.6056727, -27.0576027],
                        [-48.6055329, -27.0576195],
                        [-48.6054424, -27.0576338],
                        [-48.6053822, -27.0576475],
                        [-48.605258, -27.057681],
                        [-48.604977, -27.0577568],
                        [-48.6048785, -27.05778],
                        [-48.6041788, -27.0579253],
                        [-48.6040326, -27.0579499],
                        [-48.6038368, -27.0579775],
                        [-48.6030957, -27.0580706],
                        [-48.60273, -27.0581117],
                        [-48.6023262, -27.0581462]
                    ],
                    [
                        [-48.6079952, -27.0591387],
                        [-48.6080858, -27.0591432],
                        [-48.6081535, -27.059135],
                        [-48.6082614, -27.0591185],
                        [-48.6083138, -27.0590993],
                        [-48.6083384, -27.0590581],
                        [-48.6083477, -27.0590005],
                        [-48.6083292, -27.0589155]
                    ],
                    [
                        [-48.6077519, -27.0857568],
                        [-48.603987, -27.0835922],
                        [-48.6037877, -27.083475],
                        [-48.6036335, -27.0833788],
                        [-48.6025651, -27.0826863],
                        [-48.6024238, -27.082589]
                    ],
                    [
                        [-48.596398, -27.0618223],
                        [-48.5963777, -27.0619463],
                        [-48.5962715, -27.0625938],
                        [-48.5962264, -27.06277],
                        [-48.5961743, -27.0629734],
                        [-48.5960866, -27.0632519],
                        [-48.5959794, -27.064311599999989],
                        [-48.5959026, -27.0650716],
                        [-48.5957794, -27.066451],
                        [-48.5956568, -27.0679226],
                        [-48.5956434, -27.068189499999988],
                        [-48.5956272, -27.0684069],
                        [-48.5955702, -27.068973399999987],
                        [-48.5955408, -27.0693224],
                        [-48.5955294, -27.0696284],
                        [-48.5955329, -27.0699179],
                        [-48.5955504, -27.0702726],
                        [-48.5955811, -27.0705521],
                        [-48.5956309, -27.0708006],
                        [-48.5957168, -27.0711044],
                        [-48.5958129, -27.0713724],
                        [-48.5959251, -27.0716592],
                        [-48.596058, -27.0719601],
                        [-48.5962825, -27.0724234],
                        [-48.5964774, -27.0728067],
                        [-48.5966628, -27.0731546],
                        [-48.596885346531288, -27.073562991020285],
                        [-48.5971127, -27.0739802],
                        [-48.5972968, -27.074326],
                        [-48.59749, -27.074715099999985],
                        [-48.597836, -27.0754233],
                        [-48.5979996, -27.0757541],
                        [-48.5981418, -27.0760215],
                        [-48.5983094, -27.076326],
                        [-48.5990136, -27.0775309],
                        [-48.5992107, -27.0778784],
                        [-48.6007865, -27.0806295],
                        [-48.6008051, -27.0806592],
                        [-48.6009005, -27.0808111],
                        [-48.6010561, -27.0810451],
                        [-48.6012089, -27.0812552],
                        [-48.6013779, -27.0814559],
                        [-48.6015549, -27.0816541],
                        [-48.6017243, -27.081831],
                        [-48.601956, -27.0820565],
                        [-48.602196, -27.0822726],
                        [-48.6023891, -27.0824314],
                        [-48.6026063, -27.0825878],
                        [-48.6027901, -27.0827108],
                        [-48.6036833, -27.0832938],
                        [-48.6038361, -27.0833902],
                        [-48.6040614, -27.0835252],
                        [-48.6075852, -27.0855675]
                    ],
                    [
                        [-48.607842, -27.0582557],
                        [-48.6079952, -27.0591387]
                    ],
                    [
                        [-48.6079952, -27.0591387],
                        [-48.607727, -27.059196]
                    ],
                    [
                        [-48.6065237, -27.0584482],
                        [-48.607842, -27.0582557]
                    ],
                    [
                        [-48.607727, -27.059196],
                        [-48.6078583, -27.0593263],
                        [-48.6081713, -27.0596699],
                        [-48.6082718, -27.0597461],
                        [-48.6083766, -27.059796],
                        [-48.6087305, -27.0598716],
                        [-48.6090702, -27.0599157],
                        [-48.6095091, -27.0600166],
                        [-48.60975, -27.060081],
                        [-48.6099431, -27.0601479],
                        [-48.610206, -27.06021],
                        [-48.6102596, -27.0602339],
                        [-48.6102918, -27.0602817],
                        [-48.6102864, -27.060339],
                        [-48.6102596, -27.0604154],
                        [-48.6102113, -27.0604584],
                        [-48.610147, -27.060511],
                        [-48.6100933, -27.0605397],
                        [-48.6100182, -27.0605731],
                        [-48.6099592, -27.0605779],
                        [-48.6098787, -27.0605779],
                        [-48.6097124, -27.0605349],
                        [-48.6096266, -27.0605301],
                        [-48.6095408, -27.0605492],
                        [-48.609471, -27.0605827],
                        [-48.6094013, -27.0606018],
                        [-48.6092618, -27.0607164],
                        [-48.609176, -27.060769],
                        [-48.6090848, -27.0608024],
                        [-48.6089668, -27.0608311],
                        [-48.6088541, -27.0608502],
                        [-48.6087951, -27.0608884],
                        [-48.60872, -27.06096],
                        [-48.6086181, -27.0610604],
                        [-48.608543, -27.0611177],
                        [-48.608425, -27.0612085],
                        [-48.6083391, -27.061261],
                        [-48.6080602, -27.0613422],
                        [-48.6080066, -27.0613757],
                        [-48.6079905, -27.0614091],
                        [-48.6080173, -27.0614521],
                        [-48.6081299, -27.0615906],
                        [-48.6081943, -27.0616575],
                        [-48.6082211, -27.0617101],
                        [-48.6082211, -27.0617578],
                        [-48.6081621, -27.0617722],
                        [-48.6080173, -27.0617578],
                        [-48.6077973, -27.0616957],
                        [-48.6077169, -27.0616718],
                        [-48.6075989, -27.0616909],
                        [-48.6074969, -27.0617292],
                        [-48.6074165, -27.0617339],
                        [-48.6072019, -27.0616957],
                        [-48.6071, -27.0616957],
                        [-48.6069659, -27.0617196],
                        [-48.6068586, -27.061753],
                        [-48.6068103, -27.0617913],
                        [-48.6067674, -27.0618343],
                        [-48.6067727, -27.0618868],
                        [-48.6068371, -27.0619298],
                        [-48.6069068, -27.0619776],
                        [-48.6070302, -27.062154299999989],
                        [-48.6070785, -27.0622546],
                        [-48.6071482, -27.0623932]
                    ],
                    [
                        [-48.6066648, -27.0589619],
                        [-48.6069196, -27.0590885],
                        [-48.6070444, -27.059135],
                        [-48.6070789, -27.0591478],
                        [-48.6072086, -27.0591782],
                        [-48.6073283, -27.0591942],
                        [-48.6074912, -27.0592038],
                        [-48.607727, -27.059196]
                    ],
                    [
                        [-48.6074786, -27.0588687],
                        [-48.6066648, -27.0589619]
                    ],
                    [
                        [-48.606614, -27.0589351],
                        [-48.6066648, -27.0589619]
                    ],
                    [
                        [-48.6062428, -27.0588112],
                        [-48.6064162, -27.0588512],
                        [-48.6065063, -27.0588844],
                        [-48.606614, -27.0589351]
                    ],
                    [
                        [-48.6065237, -27.0584482],
                        [-48.606614, -27.0589351]
                    ],
                    [
                        [-48.6061861, -27.0584864],
                        [-48.6065237, -27.0584482]
                    ],
                    [
                        [-48.6047256, -27.0590564],
                        [-48.6049652, -27.0590079],
                        [-48.605207, -27.058970399999989],
                        [-48.6055463, -27.0589237],
                        [-48.605685, -27.058897699999989],
                        [-48.6060489, -27.0588043],
                        [-48.6061357, -27.0587995],
                        [-48.6062428, -27.0588112]
                    ],
                    [
                        [-48.6061861, -27.0584864],
                        [-48.6062428, -27.0588112]
                    ],
                    [
                        [-48.604599, -27.058658],
                        [-48.6056519, -27.0585198],
                        [-48.6061861, -27.0584864]
                    ],
                    [
                        [-48.604599, -27.058658],
                        [-48.6047256, -27.0590564]
                    ],
                    [
                        [-48.604376, -27.0591268],
                        [-48.6047256, -27.0590564]
                    ],
                    [
                        [-48.60277, -27.0589133],
                        [-48.604599, -27.058658]
                    ],
                    [
                        [-48.604376, -27.0591268],
                        [-48.6044476, -27.0593598]
                    ],
                    [
                        [-48.6032027, -27.0596472],
                        [-48.6038161, -27.0593091],
                        [-48.6039242, -27.059257],
                        [-48.6040261, -27.059216],
                        [-48.6041242, -27.0591825],
                        [-48.6041832, -27.0591656],
                        [-48.604376, -27.0591268]
                    ],
                    [
                        [-48.60277, -27.0589133],
                        [-48.6032027, -27.0596472]
                    ],
                    [
                        [-48.6019716, -27.0600572],
                        [-48.6020344, -27.0600296],
                        [-48.602103, -27.060007],
                        [-48.6021502, -27.0599972],
                        [-48.6022113, -27.0599914],
                        [-48.602567, -27.0600166],
                        [-48.6026285, -27.0600139],
                        [-48.6026865, -27.0599951],
                        [-48.6027563, -27.0599536],
                        [-48.6029801, -27.0597877],
                        [-48.6030418, -27.0597458],
                        [-48.6032027, -27.0596472]
                    ],
                    [
                        [-48.6024238, -27.082589],
                        [-48.6022528, -27.0824613],
                        [-48.6021269, -27.0823588],
                        [-48.6018096, -27.0820671],
                        [-48.6017114, -27.0819712],
                        [-48.6015977, -27.0818496],
                        [-48.6014676, -27.0817093],
                        [-48.6012745, -27.0814887],
                        [-48.6011805, -27.081374],
                        [-48.6010733, -27.0812385],
                        [-48.6009683, -27.0810955],
                        [-48.6008767, -27.0809583],
                        [-48.6007814, -27.0808049],
                        [-48.5983376, -27.0765529],
                        [-48.598021, -27.075989],
                        [-48.5979024, -27.0757659],
                        [-48.5977952, -27.0755544],
                        [-48.5977258, -27.0754137],
                        [-48.5972348, -27.0744193],
                        [-48.5970786, -27.0741156],
                        [-48.5970535, -27.074059],
                        [-48.5969469, -27.0738637],
                        [-48.5968651, -27.073721],
                        [-48.596797847673365, -27.073597613522818],
                        [-48.5967538, -27.0735168],
                        [-48.5964763, -27.0730075],
                        [-48.5963663, -27.0728087],
                        [-48.5962209, -27.0725144],
                        [-48.5958926, -27.0718217],
                        [-48.5958018, -27.071598],
                        [-48.5957269, -27.0713883],
                        [-48.5956621, -27.0712145],
                        [-48.5956058, -27.0710425],
                        [-48.5955362, -27.0707702],
                        [-48.5954934, -27.0705395],
                        [-48.5954692, -27.0703332],
                        [-48.5954503, -27.0700331],
                        [-48.5954421, -27.0696773],
                        [-48.5954578, -27.0692844],
                        [-48.5954865, -27.0689449],
                        [-48.595528, -27.0685377],
                        [-48.5955584, -27.0682096],
                        [-48.5955754, -27.067978799999988],
                        [-48.5955977, -27.0676103],
                        [-48.5956163, -27.0673361],
                        [-48.5957279, -27.0660433],
                        [-48.5957328, -27.0659855],
                        [-48.5958569, -27.0645483],
                        [-48.5958785, -27.0643076],
                        [-48.5958819, -27.0642698],
                        [-48.5959322, -27.0637412],
                        [-48.5959044, -27.0619097],
                        [-48.595902700000011, -27.0618009]
                    ],
                    [
                        [-48.6012941, -27.0843629],
                        [-48.60186, -27.084304299999989],
                        [-48.6018869, -27.0843013],
                        [-48.6019177, -27.0842899],
                        [-48.6019378, -27.0842637],
                        [-48.6018889, -27.0841401],
                        [-48.6018375, -27.0840231],
                        [-48.6017889, -27.0838867],
                        [-48.601743, -27.0837277],
                        [-48.6016958, -27.0834946],
                        [-48.60164240000001, -27.083327],
                        [-48.6015067, -27.0829783],
                        [-48.6015053, -27.0828827],
                        [-48.6015489, -27.0828129],
                        [-48.6016314, -27.082758],
                        [-48.6017943, -27.0826959],
                        [-48.6018681, -27.0826714],
                        [-48.6019351, -27.0826666],
                        [-48.6020599, -27.0826817],
                        [-48.6021397, -27.0826842],
                        [-48.6022104, -27.0826701],
                        [-48.6022852, -27.0826481],
                        [-48.6024238, -27.082589]
                    ],
                    [
                        [-48.6023262, -27.0581462],
                        [-48.60277, -27.0589133]
                    ],
                    [
                        [-48.6023262, -27.0581462],
                        [-48.6018154, -27.058188],
                        [-48.601617, -27.058207]
                    ],
                    [
                        [-48.6019209, -27.0597863],
                        [-48.6019716, -27.0600572]
                    ],
                    [
                        [-48.5998163, -27.0607378],
                        [-48.5998518, -27.060731],
                        [-48.5999817, -27.0607124],
                        [-48.6001829, -27.0606875],
                        [-48.6012501, -27.0605564],
                        [-48.6013083, -27.0605421],
                        [-48.60136270000001, -27.0605158],
                        [-48.60144, -27.0604575],
                        [-48.6019716, -27.0600572]
                    ],
                    [
                        [-48.6018217, -27.0592316],
                        [-48.6019209, -27.0597863]
                    ],
                    [
                        [-48.6019209, -27.0597863],
                        [-48.6003379, -27.0600093]
                    ],
                    [
                        [-48.6017841, -27.0590214],
                        [-48.6018217, -27.0592316]
                    ],
                    [
                        [-48.6018217, -27.0592316],
                        [-48.6002744, -27.059487799999989],
                        [-48.6003379, -27.0600093]
                    ],
                    [
                        [-48.601617, -27.058207],
                        [-48.6017537, -27.0587366]
                    ],
                    [
                        [-48.601617, -27.058207],
                        [-48.6013674, -27.0582285],
                        [-48.6008255, -27.0582752],
                        [-48.6003352, -27.0583145]
                    ],
                    [
                        [-48.5995301, -27.0587644],
                        [-48.5995543, -27.0589683],
                        [-48.6000747, -27.0589612],
                        [-48.600713, -27.0588895]
                    ],
                    [
                        [-48.6003379, -27.0600093],
                        [-48.5995908, -27.0601138]
                    ],
                    [
                        [-48.6003352, -27.0583145],
                        [-48.6002839, -27.0577668]
                    ],
                    [
                        [-48.6003352, -27.0583145],
                        [-48.5995141, -27.0583754]
                    ],
                    [
                        [-48.5998163, -27.0607378],
                        [-48.5998614, -27.0608259],
                        [-48.599906, -27.0609003],
                        [-48.599957, -27.0609768],
                        [-48.6000374, -27.0610795]
                    ],
                    [
                        [-48.5999663, -27.0595597],
                        [-48.5991455, -27.0596123],
                        [-48.5977907, -27.059557]
                    ],
                    [
                        [-48.5989548, -27.0608574],
                        [-48.5994578, -27.0607982],
                        [-48.5995847, -27.0607812],
                        [-48.599677, -27.0607644],
                        [-48.5998163, -27.0607378]
                    ],
                    [
                        [-48.5995141, -27.0583754],
                        [-48.5995024, -27.0584425],
                        [-48.5995301, -27.0587644]
                    ],
                    [
                        [-48.5995301, -27.0587644],
                        [-48.5984834, -27.0588519]
                    ],
                    [
                        [-48.5994041, -27.0574324],
                        [-48.5995292, -27.0582862],
                        [-48.5995141, -27.0583754]
                    ],
                    [
                        [-48.5995141, -27.0583754],
                        [-48.5990876, -27.058407],
                        [-48.5988864, -27.0584118],
                        [-48.598681, -27.0584189],
                        [-48.5985562, -27.058426],
                        [-48.5984958, -27.058431],
                        [-48.5984121, -27.0584433],
                        [-48.5980269, -27.0585109],
                        [-48.5979021, -27.0585364],
                        [-48.5977342, -27.0585647],
                        [-48.5976264, -27.0585881]
                    ],
                    [
                        [-48.5989135, -27.0608623],
                        [-48.5989541, -27.0611678]
                    ],
                    [
                        [-48.5989548, -27.0608574],
                        [-48.59893, -27.0606615],
                        [-48.5989005, -27.060124]
                    ],
                    [
                        [-48.5989135, -27.0608623],
                        [-48.5989548, -27.0608574]
                    ],
                    [
                        [-48.5973167, -27.0610472],
                        [-48.5980701, -27.06096],
                        [-48.5985059, -27.0609095],
                        [-48.5989135, -27.0608623]
                    ],
                    [
                        [-48.5976208, -27.0599821],
                        [-48.5984881, -27.0600719]
                    ],
                    [
                        [-48.5981038, -27.0580579],
                        [-48.5978517, -27.057991],
                        [-48.5978097, -27.057995],
                        [-48.5977712, -27.0580149],
                        [-48.5977176, -27.0580627],
                        [-48.5976693, -27.0581487],
                        [-48.597642, -27.0582198],
                        [-48.5975996, -27.0583302],
                        [-48.5975864, -27.0583959],
                        [-48.5975876, -27.0584556],
                        [-48.5976264, -27.0585881]
                    ],
                    [
                        [-48.5976264, -27.0585881],
                        [-48.5976774, -27.0587417],
                        [-48.5977138, -27.0588335],
                        [-48.5977522, -27.0589098],
                        [-48.5978232, -27.0590164],
                        [-48.5978545, -27.059075],
                        [-48.5978737, -27.0591283],
                        [-48.5978821, -27.059203],
                        [-48.5978813, -27.0592633],
                        [-48.5978745, -27.0593334],
                        [-48.5978619, -27.0593886],
                        [-48.5978367, -27.0594619],
                        [-48.5977907, -27.059557]
                    ],
                    [
                        [-48.5977907, -27.059557],
                        [-48.5977163, -27.059707],
                        [-48.5976941, -27.0597599],
                        [-48.5976707, -27.0598279],
                        [-48.5976208, -27.0599821]
                    ],
                    [
                        [-48.5976208, -27.0599821],
                        [-48.5975995, -27.0600526],
                        [-48.5975763, -27.0601229],
                        [-48.5975133, -27.0602913],
                        [-48.5974279, -27.060511],
                        [-48.5973884, -27.0606241],
                        [-48.5973501, -27.0607397],
                        [-48.59733270000001, -27.0608059],
                        [-48.5973217, -27.0608843],
                        [-48.5973167, -27.0609502],
                        [-48.5973167, -27.0610472]
                    ],
                    [
                        [-48.5973167, -27.0610472],
                        [-48.5973165, -27.061162],
                        [-48.5973142, -27.061417],
                        [-48.5973072, -27.0615242],
                        [-48.5972802, -27.0617609]
                    ],
                    [
                        [-48.5972802, -27.0617609],
                        [-48.5972429, -27.0620931],
                        [-48.5972348, -27.0621591],
                        [-48.5971785, -27.0624529],
                        [-48.5971356, -27.0626917],
                        [-48.5971228, -27.0627322],
                        [-48.5971, -27.0627765],
                        [-48.5969988, -27.0628822],
                        [-48.5967274, -27.0630699]
                    ],
                    [
                        [-48.5972802, -27.0617609],
                        [-48.596398, -27.0618223]
                    ],
                    [
                        [-48.596614, -27.0601908],
                        [-48.5964073, -27.0617521],
                        [-48.596398, -27.0618223]
                    ],
                    [
                        [-48.5958003, -27.0622441],
                        [-48.5958598, -27.0619867],
                        [-48.5958776, -27.0619096],
                        [-48.595902700000011, -27.0618009]
                    ],
                    [
                        [-48.5957159, -27.0618406],
                        [-48.595902700000011, -27.0618009]
                    ],
                    [
                        [-48.5957159, -27.0618406],
                        [-48.5957326, -27.0619204],
                        [-48.5957788, -27.0621412],
                        [-48.5958003, -27.0622441]
                    ],
                    [
                        [-48.5958003, -27.0622441],
                        [-48.5957813, -27.0625032]
                    ],
                    [
                        [-48.5957813, -27.0625032],
                        [-48.5957664, -27.0629416],
                        [-48.5957557, -27.0631184],
                        [-48.5957366, -27.0633257]
                    ],
                    [
                        [-48.5942389, -27.0627614],
                        [-48.5951479, -27.0626145],
                        [-48.5957813, -27.0625032]
                    ],
                    [
                        [-48.5957366, -27.0633257],
                        [-48.5957172, -27.0634702],
                        [-48.5956824, -27.0636878],
                        [-48.5956045, -27.0641056]
                    ],
                    [
                        [-48.5957366, -27.0633257],
                        [-48.5954915, -27.0633358],
                        [-48.5953628, -27.063331],
                        [-48.5952749, -27.0633161],
                        [-48.594883, -27.0631479],
                        [-48.5948253, -27.063131],
                        [-48.5947849, -27.063125],
                        [-48.5947439, -27.0631232],
                        [-48.5943502, -27.0631757]
                    ],
                    [
                        [-48.5940553, -27.0621868],
                        [-48.5947686, -27.0620636],
                        [-48.5949747, -27.0620236],
                        [-48.5957159, -27.0618406]
                    ],
                    [
                        [-48.5943502, -27.0631757],
                        [-48.5945245, -27.0640308],
                        [-48.5956045, -27.0641056]
                    ],
                    [
                        [-48.5956045, -27.0641056],
                        [-48.5955035, -27.064757],
                        [-48.5953778, -27.0660967],
                        [-48.5953403, -27.0667297],
                        [-48.5953161, -27.0671596]
                    ],
                    [
                        [-48.5942389, -27.0627614],
                        [-48.5943502, -27.0631757]
                    ],
                    [
                        [-48.5940553, -27.0621868],
                        [-48.5941196, -27.0623684],
                        [-48.5942389, -27.0627614]
                    ],
                    [
                        [-48.5931593, -27.0610356],
                        [-48.5933793, -27.0612553],
                        [-48.5935509, -27.061408199999988],
                        [-48.5936958, -27.0615658],
                        [-48.5938138, -27.0617283],
                        [-48.5939103, -27.0618812],
                        [-48.5939747, -27.0620054],
                        [-48.5940553, -27.0621868]
                    ]
                ]
            }
        },
        {
            "type": "Feature",
            "properties": {
                "SETOR": "MK02",
                "TURNO": "MANHÃ",
                "FREQUENCIA": "QUA",
                "HORARIO": "06:00 ÀS 14:20",
                "OPERACAO": "DOMICILIAR",
                "FILIAL": "ITAPEMA"
            },
            "geometry": {
                "type": "MultiLineString",
                "coordinates": [
                    [
                        [-48.675233992807527, -27.107731635975359],
                        [-48.6750641, -27.1075699],
                        [-48.6748626, -27.1073317],
                        [-48.6747648, -27.1072025],
                        [-48.6746641, -27.1071359],
                        [-48.6745252, -27.1070864],
                        [-48.6742582, -27.1070448],
                        [-48.6739835, -27.1069448],
                        [-48.6736408, -27.1068974],
                        [-48.673329, -27.1069484],
                        [-48.6729021, -27.1068977],
                        [-48.6726911, -27.1068848],
                        [-48.6724305, -27.1068362],
                        [-48.6721353, -27.1067016],
                        [-48.6719915, -27.1066299],
                        [-48.6715199, -27.1064743],
                        [-48.6713057, -27.1062519],
                        [-48.6710787, -27.1060114],
                        [-48.6708576, -27.1058383],
                        [-48.6707169, -27.1058132],
                        [-48.6705847, -27.1058718],
                        [-48.6703301, -27.1059597],
                        [-48.6701822, -27.1059075],
                        [-48.6701247, -27.1057736],
                        [-48.6701288, -27.1056637],
                        [-48.6700686, -27.1056079],
                        [-48.6699709, -27.1056094],
                        [-48.6698783, -27.1056363],
                        [-48.6697351, -27.1057143],
                        [-48.6693584, -27.1057414]
                    ],
                    [
                        [-48.6698602, -27.1075267],
                        [-48.6695784, -27.1073414],
                        [-48.669101, -27.1069833],
                        [-48.6689562, -27.1066347],
                        [-48.6689615, -27.1062718],
                        [-48.6691064, -27.106119],
                        [-48.6693156, -27.1060473],
                        [-48.6694443, -27.105885],
                        [-48.6693584, -27.1057414]
                    ],
                    [
                        [-48.6693584, -27.1057414],
                        [-48.6691284, -27.1057379],
                        [-48.668922, -27.1056275],
                        [-48.6687358, -27.1055728],
                        [-48.6685656, -27.1055945],
                        [-48.6684568, -27.1055382],
                        [-48.6683428, -27.1054624],
                        [-48.6681044, -27.1051673],
                        [-48.6679465, -27.1050872],
                        [-48.6677873, -27.1050891],
                        [-48.6674477, -27.10519],
                        [-48.6673026, -27.1051979],
                        [-48.6671538, -27.1051216],
                        [-48.6667876, -27.1049307]
                    ],
                    [
                        [-48.6667876, -27.1049307],
                        [-48.6666506, -27.1048641],
                        [-48.666451, -27.1046058],
                        [-48.6663046, -27.1045085],
                        [-48.6661838, -27.1044862],
                        [-48.665902, -27.1046048],
                        [-48.6657499, -27.1045967],
                        [-48.6655873, -27.1045395],
                        [-48.6654846, -27.1044392],
                        [-48.6654354, -27.1042411],
                        [-48.6654084, -27.1040449],
                        [-48.665415, -27.1038544],
                        [-48.6653551, -27.1037625],
                        [-48.6652951, -27.1037088],
                        [-48.6644913, -27.1034212],
                        [-48.6643529, -27.1033516],
                        [-48.6642011, -27.1031817],
                        [-48.6640912, -27.1030014],
                        [-48.6639978, -27.1027561],
                        [-48.663895, -27.1026115],
                        [-48.6634866, -27.1022371],
                        [-48.6631107, -27.1018775],
                        [-48.6629622, -27.1017373],
                        [-48.6628188, -27.101676],
                        [-48.6626811, -27.1016546],
                        [-48.6625541, -27.1016523],
                        [-48.6623, -27.1016679],
                        [-48.6620387, -27.1015978],
                        [-48.661732, -27.1015423],
                        [-48.6616182, -27.1014543],
                        [-48.6614634, -27.1012179],
                        [-48.6612928, -27.1009115],
                        [-48.6612018, -27.1006733],
                        [-48.6611099, -27.1004766],
                        [-48.6610637, -27.100248],
                        [-48.6609676, -27.0999546],
                        [-48.66088950000001, -27.0998512],
                        [-48.66083, -27.0997756],
                        [-48.6607758, -27.0997376],
                        [-48.6605157, -27.0995866],
                        [-48.6603721, -27.0995471],
                        [-48.6602594, -27.0995254],
                        [-48.6600904, -27.0994995],
                        [-48.6598066, -27.0994847],
                        [-48.6595944, -27.0994699],
                        [-48.6593546, -27.0994229],
                        [-48.6590777, -27.0993216],
                        [-48.6589365, -27.0992032],
                        [-48.6588304, -27.099087099999988],
                        [-48.6587448, -27.0989271],
                        [-48.6585578, -27.0985507],
                        [-48.6578963, -27.0977165],
                        [-48.6576848, -27.0974385],
                        [-48.6574833, -27.0972586],
                        [-48.657268, -27.0970872],
                        [-48.6570724, -27.0969347],
                        [-48.656934, -27.0968486],
                        [-48.6567606, -27.0966975],
                        [-48.6565884, -27.0965513],
                        [-48.6563624, -27.0963733],
                        [-48.6562039, -27.096281],
                        [-48.6560716, -27.0962153],
                        [-48.6558829, -27.0961222],
                        [-48.6557631, -27.0960785],
                        [-48.6556153, -27.0959849],
                        [-48.6555135, -27.0959073],
                        [-48.6553715, -27.0957908],
                        [-48.6551504, -27.0956336],
                        [-48.6548945, -27.0954442],
                        [-48.6548341, -27.0953844],
                        [-48.6547614, -27.0952998],
                        [-48.6546775, -27.0952336],
                        [-48.6545816, -27.0951917],
                        [-48.654471, -27.0951574],
                        [-48.6543573, -27.0951478],
                        [-48.6542189, -27.0951488],
                        [-48.6541046, -27.0951454],
                        [-48.6539673, -27.095129],
                        [-48.6538369, -27.0950925],
                        [-48.6536294, -27.094976],
                        [-48.6534711, -27.0948748],
                        [-48.653387, -27.0948356],
                        [-48.6532911, -27.0947956],
                        [-48.6531782, -27.0947444],
                        [-48.6530741, -27.0946951],
                        [-48.6528878, -27.094531],
                        [-48.6527227, -27.0943995],
                        [-48.6524959, -27.0942074],
                        [-48.6520938, -27.0939253],
                        [-48.6519911, -27.0938518],
                        [-48.6519009, -27.0937599],
                        [-48.6517864, -27.0936096],
                        [-48.6516688, -27.0934235],
                        [-48.6516045, -27.0932961],
                        [-48.6515543, -27.0931114],
                        [-48.6515151, -27.092674],
                        [-48.6514849, -27.0925385]
                    ],
                    [
                        [-48.6659655, -27.1072149],
                        [-48.6660433, -27.1069713],
                        [-48.6660165, -27.1068448],
                        [-48.6660138, -27.1067373],
                        [-48.6660326, -27.1066299],
                        [-48.6660782, -27.1065225],
                        [-48.6661345, -27.1064293],
                        [-48.666223, -27.1063458],
                        [-48.6663356, -27.1062956],
                        [-48.6664456, -27.1062407],
                        [-48.6665207, -27.1061548],
                        [-48.6666119, -27.1060426],
                        [-48.6666441, -27.1059447],
                        [-48.6666253, -27.1058611],
                        [-48.6665797, -27.1057895],
                        [-48.6665314, -27.1056987],
                        [-48.6665288, -27.1056725],
                        [-48.6665958, -27.105608],
                        [-48.6667138, -27.1055626],
                        [-48.6668131, -27.1055006],
                        [-48.666856, -27.1053979],
                        [-48.6668614, -27.1052905],
                        [-48.6668426, -27.1051878],
                        [-48.6668023, -27.1050875],
                        [-48.6667755, -27.1049872],
                        [-48.6667876, -27.1049307]
                    ],
                    [
                        [-48.6514849, -27.0925385],
                        [-48.6513718, -27.0922063],
                        [-48.6513278, -27.0920869],
                        [-48.6512688, -27.0919956],
                        [-48.651185, -27.091918],
                        [-48.6510491, -27.0918118],
                        [-48.6508178, -27.0916463],
                        [-48.650498, -27.0914521],
                        [-48.6504021, -27.0913778],
                        [-48.6503247, -27.0912816],
                        [-48.6501605, -27.0910539],
                        [-48.6500829, -27.090991],
                        [-48.6499567, -27.0909361],
                        [-48.6498441, -27.0909326],
                        [-48.649395, -27.0909396],
                        [-48.6490242, -27.09099],
                        [-48.648825, -27.091442399999988],
                        [-48.6486177, -27.0919672],
                        [-48.6485282, -27.0920794],
                        [-48.648399, -27.0921422],
                        [-48.64821520000001, -27.0921482],
                        [-48.6479728, -27.0920731],
                        [-48.6475728, -27.0919831],
                        [-48.6469874, -27.0917573],
                        [-48.646711, -27.0916632],
                        [-48.6465052, -27.0916592],
                        [-48.6459589, -27.0916957],
                        [-48.6456824, -27.0916957],
                        [-48.645532, -27.0916523],
                        [-48.6451539, -27.091351899999985],
                        [-48.644975, -27.0912614],
                        [-48.6447189, -27.0912469],
                        [-48.6445725, -27.0913845],
                        [-48.6444502, -27.0914605],
                        [-48.6440928, -27.0916378],
                        [-48.6440183, -27.0918539],
                        [-48.6440017, -27.092083],
                        [-48.6439668, -27.0922857],
                        [-48.6436659, -27.0924667],
                        [-48.6432635, -27.0925391],
                        [-48.6430561, -27.0924269],
                        [-48.642926, -27.092191599999985],
                        [-48.6426577, -27.0920758],
                        [-48.6422634, -27.0919382],
                        [-48.642053, -27.091744],
                        [-48.6417145, -27.0914496],
                        [-48.6415327, -27.0914197],
                        [-48.6409271, -27.0913252],
                        [-48.6405965, -27.0912867],
                        [-48.6403044, -27.0913576],
                        [-48.6398334, -27.0914636],
                        [-48.639575, -27.0914327],
                        [-48.6392325, -27.0913471],
                        [-48.6389215, -27.0912153],
                        [-48.638813, -27.0911133],
                        [-48.6386951, -27.0908041],
                        [-48.6373343, -27.0897121],
                        [-48.6371412, -27.089503],
                        [-48.6370487, -27.0892043]
                    ],
                    [
                        [-48.6514849, -27.0925385],
                        [-48.6514355, -27.0927959],
                        [-48.6513991, -27.0931971],
                        [-48.6514173, -27.0935376],
                        [-48.6514537, -27.0937159],
                        [-48.6514537, -27.0937767],
                        [-48.6514127, -27.0938172],
                        [-48.6512989, -27.0937929],
                        [-48.651126, -27.0935376],
                        [-48.6510167, -27.09342],
                        [-48.650912, -27.0932985],
                        [-48.6508665, -27.0931971],
                        [-48.6508437, -27.0930391],
                        [-48.6507937, -27.0929297],
                        [-48.650739, -27.0929216],
                        [-48.6507072, -27.0929824],
                        [-48.6506161, -27.093185],
                        [-48.6503476, -27.0933025],
                        [-48.6501791, -27.0933349],
                        [-48.6499834, -27.0933187],
                        [-48.64984230000001, -27.0933106],
                        [-48.6497057, -27.0933552],
                        [-48.6495919, -27.0934443],
                        [-48.6494372, -27.0937037],
                        [-48.6493234, -27.093805],
                        [-48.6490866, -27.0939225],
                        [-48.6489865, -27.0939388],
                        [-48.6488408, -27.0939225],
                        [-48.6484539, -27.0936186],
                        [-48.6483993, -27.0935335],
                        [-48.6483811, -27.093416],
                        [-48.6483128, -27.0933268],
                        [-48.6482309, -27.0932863],
                        [-48.6481671, -27.0932296],
                        [-48.648026, -27.0931404],
                        [-48.6478758, -27.0930877],
                        [-48.647721, -27.0930756]
                    ],
                    [
                        [-48.648753, -27.0874303],
                        [-48.6489127, -27.0874601],
                        [-48.6491084, -27.0874439],
                        [-48.6493451, -27.0873912],
                        [-48.6495272, -27.0873142],
                        [-48.6496911, -27.087298],
                        [-48.6498094, -27.0872939],
                        [-48.650251, -27.0874763],
                        [-48.6503193, -27.0875006],
                        [-48.6504376, -27.0874763],
                        [-48.6508063, -27.0872129]
                    ],
                    [
                        [-48.6370487, -27.0892043],
                        [-48.6369999, -27.0888937],
                        [-48.636839, -27.0885498]
                    ],
                    [
                        [-48.6370487, -27.0892043],
                        [-48.6361654, -27.0892827]
                    ]
                ]
            }
        },
        {
            "type": "Feature",
            "properties": {
                "SETOR": "MK01",
                "TURNO": "MANHÃ",
                "FREQUENCIA": "SEG - QUI - SEX",
                "HORARIO": "06:00 ÀS 14:20",
                "OPERACAO": "DOMICILIAR",
                "FILIAL": "ITAPEMA"
            },
            "geometry": {
                "type": "MultiLineString",
                "coordinates": [
                    [
                        [-48.6340868, -27.102096],
                        [-48.6341297, -27.1019429],
                        [-48.634146, -27.1019031],
                        [-48.6341704, -27.1018813],
                        [-48.634211, -27.1018705],
                        [-48.6345607, -27.1019067],
                        [-48.6349506, -27.1019354],
                        [-48.6351565, -27.1019639],
                        [-48.6352452, -27.1020113],
                        [-48.6357423, -27.1023368],
                        [-48.6359127, -27.1024253],
                        [-48.6360547, -27.1024506],
                        [-48.6361328, -27.1024348],
                        [-48.6361754, -27.1023842],
                        [-48.6362287, -27.102144],
                        [-48.6362748, -27.1020966],
                        [-48.6363565, -27.102084],
                        [-48.636431, -27.1021029],
                        [-48.6366228, -27.1022357],
                        [-48.6367222, -27.1022736],
                        [-48.6368571, -27.102289399999986],
                        [-48.6370843, -27.1022894],
                        [-48.6371624, -27.1023084],
                        [-48.6372263, -27.1023494],
                        [-48.6374109, -27.1024917],
                        [-48.6375387, -27.1025865],
                        [-48.6376879, -27.1026339],
                        [-48.6378512, -27.1026592],
                        [-48.6383944, -27.1026908],
                        [-48.6388701, -27.1026276]
                    ],
                    [
                        [-48.6355741, -27.0882569],
                        [-48.6356294, -27.088688699999988],
                        [-48.6363103, -27.0886479],
                        [-48.636392, -27.0886226],
                        [-48.6365376, -27.0885467],
                        [-48.6365979, -27.0885531],
                        [-48.6366796, -27.088591],
                        [-48.6367648, -27.088591],
                        [-48.6368155, -27.0885296],
                        [-48.6364331, -27.0882009],
                        [-48.6363388, -27.0881371],
                        [-48.6362325, -27.0880832],
                        [-48.6361588, -27.088051],
                        [-48.6360593, -27.0880223],
                        [-48.6359519, -27.0880053],
                        [-48.6358798, -27.087995]
                    ],
                    [
                        [-48.6355741, -27.0882569],
                        [-48.6356006, -27.0882412],
                        [-48.6358798, -27.087995]
                    ],
                    [
                        [-48.6358798, -27.087995],
                        [-48.6357686, -27.0879963],
                        [-48.6356734, -27.0879879],
                        [-48.6355892, -27.0879709],
                        [-48.6355075, -27.0879429],
                        [-48.6353818, -27.0878753],
                        [-48.6351521, -27.0877419],
                        [-48.6350698, -27.0876955],
                        [-48.634635, -27.0874845],
                        [-48.6344904, -27.0874161],
                        [-48.6344101, -27.0873811],
                        [-48.6342768, -27.0873443]
                    ],
                    [
                        [-48.6346017, -27.0883896],
                        [-48.6354651, -27.0883015],
                        [-48.6355448, -27.0882743],
                        [-48.6355741, -27.0882569]
                    ],
                    [
                        [-48.6327279, -27.1006967],
                        [-48.6352111, -27.1003916]
                    ],
                    [
                        [-48.633109, -27.1013779],
                        [-48.6351867, -27.101102]
                    ],
                    [
                        [-48.6332473, -27.0991074],
                        [-48.6332763, -27.0989603],
                        [-48.6332761, -27.0987769],
                        [-48.6334138, -27.0987491],
                        [-48.6336433, -27.0987221],
                        [-48.6343294, -27.0986967]
                    ],
                    [
                        [-48.6327381, -27.1002798],
                        [-48.6342653, -27.1001118]
                    ],
                    [
                        [-48.6292054, -27.1021789],
                        [-48.6316543, -27.1018589],
                        [-48.6322972, -27.1017716],
                        [-48.63264130000001, -27.1017538],
                        [-48.6328129, -27.1017658],
                        [-48.6328478, -27.1017873],
                        [-48.6329041, -27.1019257],
                        [-48.6329363, -27.1019711],
                        [-48.6329766, -27.101983],
                        [-48.6330454, -27.1019872],
                        [-48.633116, -27.1019783],
                        [-48.633226, -27.1019472],
                        [-48.6333211, -27.1019138]
                    ],
                    [
                        [-48.6332473, -27.0991074],
                        [-48.6329757, -27.0989595],
                        [-48.6328053, -27.0988771],
                        [-48.6324513, -27.098667],
                        [-48.63233730000001, -27.0986156],
                        [-48.6321777, -27.098581],
                        [-48.6318143, -27.0985595],
                        [-48.631601, -27.0985954],
                        [-48.6314736, -27.0986503],
                        [-48.6312953, -27.0987744],
                        [-48.6311853, -27.0988162],
                        [-48.6310431, -27.098866399999984],
                        [-48.6308782, -27.0988974],
                        [-48.6307467, -27.0988998],
                        [-48.630567, -27.0988699],
                        [-48.6303686, -27.0988067],
                        [-48.630091, -27.0985834],
                        [-48.6299369, -27.0984102],
                        [-48.629816, -27.0982742],
                        [-48.6297101, -27.0980975],
                        [-48.6296685, -27.0979351]
                    ],
                    [
                        [-48.6327381, -27.1002798],
                        [-48.6326464, -27.0999722],
                        [-48.63264, -27.0998936],
                        [-48.6326634, -27.0998156],
                        [-48.6327467, -27.0997113],
                        [-48.6328372, -27.099598],
                        [-48.6330083, -27.0994619],
                        [-48.6331467, -27.0993637],
                        [-48.6332015, -27.0992254],
                        [-48.6332473, -27.0991074]
                    ],
                    [
                        [-48.632591, -27.1006196],
                        [-48.6327381, -27.1002798]
                    ],
                    [
                        [-48.6306784, -27.0972237],
                        [-48.6304417, -27.0972564],
                        [-48.6303364, -27.0972737],
                        [-48.630278, -27.0972952],
                        [-48.6302331, -27.0973567],
                        [-48.6301493, -27.0978074],
                        [-48.6300923, -27.0978539],
                        [-48.6299971, -27.0978867],
                        [-48.6296685, -27.0979351]
                    ],
                    [
                        [-48.6296685, -27.0979351],
                        [-48.6294312, -27.097885],
                        [-48.6293574, -27.0978193],
                        [-48.629344, -27.0977011]
                    ],
                    [
                        [-48.6276307, -27.0830682],
                        [-48.62276210000001, -27.0836181]
                    ],
                    [
                        [-48.6271164, -27.0818543],
                        [-48.6268384, -27.0819123],
                        [-48.625759, -27.0820057],
                        [-48.6245028, -27.0821117]
                    ],
                    [
                        [-48.6262008, -27.0824263],
                        [-48.6240604, -27.0826137],
                        [-48.6239325, -27.0826266],
                        [-48.6238595, -27.0826439],
                        [-48.6238173, -27.0826613],
                        [-48.623777, -27.0826819],
                        [-48.6237469, -27.0827016],
                        [-48.6237174, -27.0827293],
                        [-48.6236959, -27.0827508],
                        [-48.6236731, -27.082783],
                        [-48.6236476, -27.0828129],
                        [-48.6236315, -27.0828457],
                        [-48.623498, -27.0831435]
                    ],
                    [
                        [-48.6237102, -27.1000591],
                        [-48.6237243, -27.1000353],
                        [-48.6237321, -27.100022],
                        [-48.62373680000001, -27.0999964],
                        [-48.6237314, -27.0999659],
                        [-48.6237194, -27.0999367],
                        [-48.6236919, -27.0998979],
                        [-48.6236457, -27.0998407],
                        [-48.6234791, -27.0997331],
                        [-48.6234271, -27.0997083],
                        [-48.6233702, -27.0996946],
                        [-48.623321, -27.0996896],
                        [-48.6232404, -27.0996933],
                        [-48.6227284, -27.099731],
                        [-48.6216747, -27.0998431]
                    ],
                    [
                        [-48.6219504, -27.080694799999989],
                        [-48.6225779, -27.0806101]
                    ],
                    [
                        [-48.622469189597467, -27.071119896118343],
                        [-48.6221771, -27.0712915],
                        [-48.6218814, -27.0715937],
                        [-48.6217299, -27.0719502],
                        [-48.6217466, -27.0722456],
                        [-48.6216655, -27.0725043],
                        [-48.6216688, -27.0725824],
                        [-48.6217815, -27.0729096],
                        [-48.6217681, -27.073029],
                        [-48.6216366, -27.073370499999989],
                        [-48.6215642, -27.074082199999989],
                        [-48.6214837, -27.0742399],
                        [-48.6213389, -27.0743545],
                        [-48.6210681, -27.0745221],
                        [-48.6210105, -27.0746403],
                        [-48.6209446, -27.074794],
                        [-48.620773, -27.0754674],
                        [-48.6207904, -27.075606],
                        [-48.6208628, -27.0756943],
                        [-48.6210801, -27.0758639],
                        [-48.6211372, -27.0759594],
                        [-48.6211106, -27.076055],
                        [-48.6210251, -27.0763105],
                        [-48.6210385, -27.0764956],
                        [-48.6212329, -27.0768039],
                        [-48.6213858, -27.0771691],
                        [-48.6213946, -27.0774958],
                        [-48.621332, -27.0776506],
                        [-48.6211935, -27.0777776],
                        [-48.6206201, -27.0780205],
                        [-48.6202708, -27.078026],
                        [-48.6199845, -27.0779849],
                        [-48.6194503, -27.0780447],
                        [-48.6192112, -27.0780103],
                        [-48.6189764, -27.0779409],
                        [-48.6179735, -27.0774134],
                        [-48.6168843, -27.0768651],
                        [-48.6167265, -27.0767737],
                        [-48.6164734, -27.076765],
                        [-48.6162964, -27.076806],
                        [-48.6161313, -27.0768824],
                        [-48.6158764, -27.0771146],
                        [-48.6157653, -27.077273],
                        [-48.6157378, -27.0774364],
                        [-48.6156893, -27.0777945],
                        [-48.6157009, -27.078414],
                        [-48.6157592, -27.0786253],
                        [-48.6157888, -27.0787486],
                        [-48.6157832, -27.0788701],
                        [-48.6156735, -27.0790938],
                        [-48.615648, -27.0791939],
                        [-48.615637, -27.0793015],
                        [-48.615664, -27.0798093],
                        [-48.6156926, -27.0802339],
                        [-48.6157168, -27.0803986],
                        [-48.6157439, -27.0804998],
                        [-48.6157784, -27.08057],
                        [-48.6158117, -27.0806321],
                        [-48.6158631, -27.080718],
                        [-48.615926, -27.0808017],
                        [-48.6160644, -27.0809385],
                        [-48.6161614, -27.0810243],
                        [-48.6163652, -27.081178],
                        [-48.6164132, -27.0812165],
                        [-48.6164654, -27.0812672],
                        [-48.6165064, -27.0813196],
                        [-48.6165344, -27.0813713],
                        [-48.6165482, -27.081422],
                        [-48.6165554, -27.0814663],
                        [-48.6165539, -27.081519],
                        [-48.6165412, -27.0815818],
                        [-48.6165194, -27.0816526],
                        [-48.616484, -27.0817314],
                        [-48.6164355, -27.0818056]
                    ],
                    [
                        [-48.6204103, -27.1030687],
                        [-48.6206747, -27.1030394],
                        [-48.6215777, -27.1029394]
                    ],
                    [
                        [-48.6219504, -27.080694799999989],
                        [-48.6219813, -27.0809637],
                        [-48.6216831, -27.0809593],
                        [-48.6214247, -27.0809845],
                        [-48.6213389, -27.080995399999988],
                        [-48.6212288, -27.0810126],
                        [-48.6210503, -27.0810487],
                        [-48.6209367, -27.081074],
                        [-48.6206067, -27.081162],
                        [-48.6204888, -27.0811896],
                        [-48.6203773, -27.0812138],
                        [-48.6197498, -27.081348]
                    ],
                    [
                        [-48.6196774, -27.0810105],
                        [-48.6205261, -27.0809219],
                        [-48.6210188, -27.080835],
                        [-48.6211819, -27.0808063],
                        [-48.6219504, -27.080694799999989]
                    ],
                    [
                        [-48.6179437, -27.0932795],
                        [-48.6196195, -27.093073],
                        [-48.6196443, -27.093206],
                        [-48.6197081, -27.0936466],
                        [-48.6197549, -27.0942629]
                    ],
                    [
                        [-48.6176234, -27.1041007],
                        [-48.6182208, -27.1040525],
                        [-48.6183456, -27.1040381],
                        [-48.6184676, -27.1040214],
                        [-48.6190042, -27.1039519],
                        [-48.6189721, -27.103691799999989],
                        [-48.6175841, -27.1038017]
                    ],
                    [
                        [-48.6163667, -27.094403],
                        [-48.6163567, -27.0951342]
                    ],
                    [
                        [-48.6154825, -27.0998055],
                        [-48.6143056, -27.0999205]
                    ],
                    [
                        [-48.6152901, -27.1006571],
                        [-48.6148411, -27.1006031],
                        [-48.6145892, -27.1005728],
                        [-48.6145165, -27.1005641],
                        [-48.6141026, -27.1005025]
                    ],
                    [
                        [-48.6102708, -27.0818194],
                        [-48.6101072, -27.0816379],
                        [-48.6100421, -27.0815669],
                        [-48.6100005, -27.0815179],
                        [-48.6099415, -27.0814588],
                        [-48.6098631, -27.0813854]
                    ],
                    [
                        [-48.6085924, -27.0849825],
                        [-48.6085297, -27.0847347],
                        [-48.6085317, -27.0846998],
                        [-48.6085458, -27.0846866],
                        [-48.6085736, -27.0846738],
                        [-48.6090665, -27.0846069],
                        [-48.609142, -27.0846011],
                        [-48.6092657, -27.084595]
                    ],
                    [
                        [-48.6081764, -27.0569197],
                        [-48.6082822, -27.056977],
                        [-48.6083278, -27.0570056],
                        [-48.60836, -27.0570415],
                        [-48.6083761, -27.0570868],
                        [-48.60836, -27.0571776],
                        [-48.6083466, -27.0572684],
                        [-48.6083439, -27.0573926],
                        [-48.608368, -27.057684]
                    ],
                    [
                        [-48.6059669, -27.0904966],
                        [-48.60590890000001, -27.0903632]
                    ],
                    [
                        [-48.60590890000001, -27.0903632],
                        [-48.6053617, -27.0902952],
                        [-48.6052075, -27.0902486],
                        [-48.6050579, -27.0902373],
                        [-48.6049727, -27.0902385],
                        [-48.6048031, -27.0902605],
                        [-48.6046287, -27.0903035],
                        [-48.6044793, -27.0903314]
                    ],
                    [
                        [-48.60590890000001, -27.0903632],
                        [-48.6057304, -27.0899108]
                    ],
                    [
                        [-48.6057304, -27.0899108],
                        [-48.605658, -27.0896736]
                    ],
                    [
                        [-48.6057304, -27.0899108],
                        [-48.60500110000001, -27.0899799]
                    ],
                    [
                        [-48.605658, -27.0896736],
                        [-48.6055958, -27.0895892]
                    ],
                    [
                        [-48.605658, -27.0896736],
                        [-48.6043007, -27.0898194]
                    ],
                    [
                        [-48.602737, -27.0577031],
                        [-48.60273, -27.0581117]
                    ],
                    [
                        [-48.6026925, -27.0574236],
                        [-48.6027381, -27.0576386],
                        [-48.602737, -27.0577031]
                    ],
                    [
                        [-48.602737, -27.0577031],
                        [-48.6023787, -27.0577079]
                    ],
                    [
                        [-48.602653, -27.0570102],
                        [-48.6026925, -27.0574236]
                    ],
                    [
                        [-48.6026925, -27.0574236],
                        [-48.6022072, -27.0574973]
                    ],
                    [
                        [-48.6014703, -27.0605955],
                        [-48.6025724, -27.0604139]
                    ],
                    [
                        [-48.601521, -27.060826299999988],
                        [-48.6016497, -27.0608024],
                        [-48.6018294, -27.0607809],
                        [-48.6021647, -27.0607379]
                    ],
                    [
                        [-48.6016923, -27.0569002],
                        [-48.6018154, -27.058188]
                    ],
                    [
                        [-48.6014703, -27.0605955],
                        [-48.601521, -27.060826299999988]
                    ],
                    [
                        [-48.6008504, -27.0609027],
                        [-48.6011803, -27.0608788],
                        [-48.6013547, -27.0608645],
                        [-48.601521, -27.060826299999988]
                    ],
                    [
                        [-48.60144, -27.0604575],
                        [-48.6014703, -27.0605955]
                    ],
                    [
                        [-48.6012212, -27.0569012],
                        [-48.6013674, -27.0582285]
                    ],
                    [
                        [-48.6007586, -27.0577286],
                        [-48.6008255, -27.0582752]
                    ],
                    [
                        [-48.5969988, -27.0628822],
                        [-48.5973555, -27.0628494],
                        [-48.5975808, -27.0628351],
                        [-48.5977873, -27.0628494],
                        [-48.5978812, -27.0628494],
                        [-48.5980073, -27.0628374],
                        [-48.5982782, -27.0627777],
                        [-48.598364, -27.0627538],
                        [-48.5984203, -27.0627252],
                        [-48.5984606, -27.0627013],
                        [-48.5986081, -27.0626034],
                        [-48.5986403, -27.0625819],
                        [-48.5988656, -27.0625317],
                        [-48.5990963, -27.0624696],
                        [-48.5991848, -27.0624505],
                        [-48.5992706, -27.0624409],
                        [-48.5994235, -27.0624409],
                        [-48.5994771, -27.0624386],
                        [-48.5996327, -27.0624195],
                        [-48.5997346, -27.0624147],
                        [-48.5998044, -27.0624218],
                        [-48.5999358, -27.0624672],
                        [-48.6000699, -27.0625007],
                        [-48.6001289, -27.0625245]
                    ],
                    [
                        [-48.5972348, -27.0621591],
                        [-48.59871, -27.0619752]
                    ],
                    [
                        [-48.5971356, -27.0626917],
                        [-48.597444, -27.0626726],
                        [-48.5979027, -27.062632]
                    ],
                    [
                        [-48.5977907, -27.059557],
                        [-48.5971886, -27.0595667]
                    ]
                ]
            }
        },
        {
            "type": "Feature",
            "properties": {
                "SETOR": "MK03",
                "TURNO": "MANHÃ",
                "FREQUENCIA": "TER - QUI - SAB",
                "HORARIO": "06:00 ÀS 14:20",
                "OPERACAO": "DOMICILIAR",
                "FILIAL": "ITAPEMA"
            },
            "geometry": {
                "type": "MultiLineString",
                "coordinates": [
                    [
                        [-48.6580083, -27.1464328],
                        [-48.6579597, -27.1465031],
                        [-48.6579172, -27.1465734],
                        [-48.6578218, -27.1466975],
                        [-48.6577043, -27.1468543],
                        [-48.6575704, -27.147006],
                        [-48.657498, -27.1470604],
                        [-48.6574033, -27.147096],
                        [-48.6572815, -27.1471222],
                        [-48.6571062, -27.1471309],
                        [-48.6568379, -27.1471352],
                        [-48.6567425, -27.1471548],
                        [-48.6554268, -27.1475977],
                        [-48.6553148, -27.1476263],
                        [-48.6552045, -27.1476373],
                        [-48.6551081, -27.1476313],
                        [-48.6550148, -27.1475814],
                        [-48.6549487, -27.1475258]
                    ],
                    [
                        [-48.6518703, -27.144490799999989],
                        [-48.6528776, -27.1433347],
                        [-48.6529199, -27.1433044],
                        [-48.6529791, -27.1432816],
                        [-48.6530327, -27.1432665],
                        [-48.6531239, -27.1432699],
                        [-48.6534201, -27.1432703],
                        [-48.65350140000001, -27.1432703],
                        [-48.6535705, -27.1432631],
                        [-48.653599, -27.143245],
                        [-48.6536844, -27.1431763],
                        [-48.6537372, -27.1431473],
                        [-48.6538023, -27.1431292],
                        [-48.653973, -27.1431003],
                        [-48.654034, -27.1430822],
                        [-48.6540746, -27.143046],
                        [-48.654099, -27.142999],
                        [-48.6541275, -27.1429158],
                        [-48.6541397, -27.1428761],
                        [-48.6541519, -27.1428362],
                        [-48.6541641, -27.1427892],
                        [-48.6541675, -27.1427521],
                        [-48.6541763, -27.1426553],
                        [-48.6541844, -27.1425866],
                        [-48.6542129, -27.142507],
                        [-48.654248, -27.1424229],
                        [-48.6542779, -27.1423514],
                        [-48.654397, -27.142141599999988],
                        [-48.6544244, -27.1420932],
                        [-48.6544893, -27.1419788],
                        [-48.6545422, -27.1418811],
                        [-48.6545706, -27.1418051],
                        [-48.6545788, -27.1417436],
                        [-48.6545747, -27.1416857],
                        [-48.654534, -27.1415012],
                        [-48.6545259, -27.1414361],
                        [-48.6545422, -27.1413818],
                        [-48.6545706, -27.1413312],
                        [-48.6548633, -27.1409767],
                        [-48.6549731, -27.1408573],
                        [-48.6550472, -27.1407896],
                        [-48.6551235, -27.1407198],
                        [-48.6551805, -27.1406619],
                        [-48.6552292, -27.1405968],
                        [-48.6553715, -27.1403906],
                        [-48.6554244, -27.1403327],
                        [-48.6554894, -27.1402856],
                        [-48.6556155, -27.1402241],
                        [-48.6558502, -27.1401401],
                        [-48.6559422, -27.1401212],
                        [-48.6562465, -27.1400708],
                        [-48.6563173, -27.1400456],
                        [-48.656381, -27.1399763],
                        [-48.6564164, -27.139863],
                        [-48.6565438, -27.1392394]
                    ],
                    [
                        [-48.6549487, -27.1475258],
                        [-48.6551134, -27.1473631],
                        [-48.65517, -27.1473222],
                        [-48.6552302, -27.1473001],
                        [-48.6553116, -27.1472749],
                        [-48.6553611, -27.1472435],
                        [-48.6553788, -27.1472025],
                        [-48.6553894, -27.1470923]
                    ],
                    [
                        [-48.6550206, -27.1456615],
                        [-48.6551654, -27.1456971],
                        [-48.6552701, -27.145741],
                        [-48.6553626, -27.1457958],
                        [-48.655418, -27.1458506],
                        [-48.655378, -27.1460535],
                        [-48.655341, -27.1461632],
                        [-48.6552886, -27.1462509],
                        [-48.6552239, -27.146314],
                        [-48.6551007, -27.1463798],
                        [-48.6549682, -27.1464264],
                        [-48.6548388, -27.1464511],
                        [-48.654731, -27.1464483],
                        [-48.6546324, -27.1464209],
                        [-48.6545708, -27.1463907],
                        [-48.6545245, -27.1463524],
                        [-48.6544475, -27.1462756],
                        [-48.6542732, -27.1460839],
                        [-48.6542143, -27.1459914],
                        [-48.6541718, -27.1458011],
                        [-48.654098, -27.145751]
                    ],
                    [
                        [-48.6549487, -27.1475258],
                        [-48.6548896, -27.1474761],
                        [-48.6548106, -27.147410199999989],
                        [-48.6547383, -27.1473671],
                        [-48.6544055, -27.1471644],
                        [-48.6543118, -27.147103],
                        [-48.6542201, -27.1470307],
                        [-48.6537996, -27.14659970000001],
                        [-48.6537412, -27.1465399]
                    ],
                    [
                        [-48.6540823, -27.1456536],
                        [-48.6542092, -27.1455816],
                        [-48.6542661, -27.1455455],
                        [-48.6543312, -27.1454948],
                        [-48.6543375, -27.1454886],
                        [-48.6543759, -27.1454514],
                        [-48.6544247, -27.1454008],
                        [-48.6544938, -27.1453175],
                        [-48.6545548, -27.1452126],
                        [-48.6546035, -27.145086]
                    ],
                    [
                        [-48.6496576, -27.143192],
                        [-48.6497251, -27.1431154],
                        [-48.6501255, -27.1426604],
                        [-48.6511195, -27.1415312]
                    ],
                    [
                        [-48.65085, -27.1436225],
                        [-48.6505843, -27.143950599999989],
                        [-48.6503232, -27.1442693],
                        [-48.6499722, -27.144653],
                        [-48.6494873, -27.1443003]
                    ],
                    [
                        [-48.6472126, -27.1428696],
                        [-48.6475518, -27.1424999],
                        [-48.6483359, -27.1416435],
                        [-48.6492101, -27.1406766],
                        [-48.6493145, -27.1406137],
                        [-48.6494065, -27.1405491],
                        [-48.6500911, -27.139787]
                    ],
                    [
                        [-48.6477855, -27.1387122],
                        [-48.6474918, -27.139075],
                        [-48.6474287, -27.1391215],
                        [-48.6473899, -27.13913590000001],
                        [-48.6473443, -27.1391275],
                        [-48.647241, -27.1390666],
                        [-48.6471713, -27.1390476],
                        [-48.6471136, -27.1390607],
                        [-48.647068, -27.1391084],
                        [-48.647064, -27.1391848],
                        [-48.6471324, -27.1393149],
                        [-48.6471511, -27.1393579],
                        [-48.6471377, -27.1394104],
                        [-48.6471029, -27.139445],
                        [-48.6470613, -27.1394426],
                        [-48.6469205, -27.1393853],
                        [-48.6468722, -27.1393865],
                        [-48.646836, -27.1394104],
                        [-48.6468266, -27.139445],
                        [-48.6468293, -27.1394724],
                        [-48.646899, -27.1395822],
                        [-48.6469111, -27.139624],
                        [-48.6469071, -27.1396538],
                        [-48.6468695, -27.1397099],
                        [-48.6466697, -27.1399534],
                        [-48.6463009, -27.1403675],
                        [-48.6462267, -27.1404035]
                    ],
                    [
                        [-48.6460429, -27.14128],
                        [-48.6461415, -27.1411747],
                        [-48.6462309, -27.1410517],
                        [-48.6463366, -27.1408817]
                    ],
                    [
                        [-48.6462267, -27.1404035],
                        [-48.646222, -27.140362],
                        [-48.6461729, -27.1402436]
                    ],
                    [
                        [-48.6458033, -27.1409075],
                        [-48.646214, -27.1404458],
                        [-48.6462267, -27.1404035]
                    ],
                    [
                        [-48.6461729, -27.1402436],
                        [-48.6460445, -27.1399339]
                    ],
                    [
                        [-48.6458275, -27.140451],
                        [-48.6461729, -27.1402436]
                    ],
                    [
                        [-48.6452394, -27.1405148],
                        [-48.6457321, -27.1399532]
                    ],
                    [
                        [-48.6423531, -27.1390056],
                        [-48.6421511, -27.1386352],
                        [-48.641556, -27.137905],
                        [-48.6414944, -27.1378567],
                        [-48.641436, -27.137811],
                        [-48.6413009, -27.137744],
                        [-48.6411179, -27.1377146],
                        [-48.6409284, -27.1377037],
                        [-48.6407686, -27.1376749],
                        [-48.640412, -27.137563],
                        [-48.6403172, -27.1375179],
                        [-48.640109, -27.137405],
                        [-48.6399732, -27.1373043],
                        [-48.6397851, -27.1371363],
                        [-48.639695, -27.1370819]
                    ],
                    [
                        [-48.6415445, -27.1399144],
                        [-48.641598, -27.1398583],
                        [-48.6419071, -27.1394979]
                    ],
                    [
                        [-48.6407422, -27.1394007],
                        [-48.6415445, -27.1399144]
                    ],
                    [
                        [-48.6415445, -27.1399144],
                        [-48.6418475, -27.1401084],
                        [-48.6410957, -27.1410372]
                    ],
                    [
                        [-48.6415445, -27.1399144],
                        [-48.6407389, -27.1408708]
                    ],
                    [
                        [-48.6412089, -27.1352895],
                        [-48.6410393, -27.1351662]
                    ],
                    [
                        [-48.6410393, -27.1351662],
                        [-48.6410926, -27.1351081]
                    ],
                    [
                        [-48.6410393, -27.1351662],
                        [-48.6409411, -27.1350948]
                    ],
                    [
                        [-48.6403208, -27.1359489],
                        [-48.6410393, -27.1351662]
                    ],
                    [
                        [-48.639695, -27.1370819],
                        [-48.6405133, -27.1360889],
                        [-48.6403208, -27.1359489]
                    ],
                    [
                        [-48.6396829, -27.1366439],
                        [-48.6403208, -27.1359489]
                    ],
                    [
                        [-48.639695, -27.1370819],
                        [-48.6395819, -27.1370163],
                        [-48.6394265, -27.1369757],
                        [-48.6391006, -27.1369457],
                        [-48.6389603, -27.1369212],
                        [-48.6388732, -27.1368844],
                        [-48.638776, -27.1367948]
                    ],
                    [
                        [-48.638776, -27.1367948],
                        [-48.6387416, -27.1366777],
                        [-48.6384685, -27.1363253],
                        [-48.6382107, -27.1360071]
                    ],
                    [
                        [-48.6356364, -27.1403643],
                        [-48.6355323, -27.1402236],
                        [-48.6360425, -27.1396491],
                        [-48.6381248, -27.1373673],
                        [-48.638207800000011, -27.1373294],
                        [-48.6384861, -27.1371551],
                        [-48.638776, -27.1367948]
                    ],
                    [
                        [-48.6365533, -27.1406494],
                        [-48.6362597, -27.1406243],
                        [-48.6361067, -27.1405672],
                        [-48.6359586, -27.140475],
                        [-48.6358253, -27.1403827],
                        [-48.6357208, -27.1403584],
                        [-48.6356364, -27.1403643]
                    ],
                    [
                        [-48.6356364, -27.1403643],
                        [-48.6355323, -27.1403875],
                        [-48.6354205, -27.1404767],
                        [-48.6348941, -27.1410921],
                        [-48.6346553, -27.1413238],
                        [-48.634547, -27.1414514],
                        [-48.6344255, -27.1416603],
                        [-48.6343522, -27.1417253],
                        [-48.6342667, -27.1417547],
                        [-48.6340831, -27.141781],
                        [-48.6338514, -27.1417819],
                        [-48.6336198, -27.141727],
                        [-48.6334585, -27.1417374],
                        [-48.6333311, -27.1417175],
                        [-48.6331497, -27.1415991],
                        [-48.6332121, -27.1414574],
                        [-48.6331417, -27.141315],
                        [-48.6330188, -27.1412381]
                    ],
                    [
                        [-48.6293556, -27.1388763],
                        [-48.62844, -27.1382559],
                        [-48.6276766, -27.1376856]
                    ],
                    [
                        [-48.6272735, -27.1381749],
                        [-48.6289668, -27.1393097],
                        [-48.6290999, -27.1393579],
                        [-48.6291696, -27.1393579]
                    ],
                    [
                        [-48.6269271, -27.138599899999988],
                        [-48.6285498, -27.1396588],
                        [-48.6286239, -27.1396643],
                        [-48.6287798, -27.1397901]
                    ],
                    [
                        [-48.6276766, -27.1376856],
                        [-48.627736, -27.1376076]
                    ],
                    [
                        [-48.6276766, -27.1376856],
                        [-48.6260172, -27.1365194]
                    ],
                    [
                        [-48.6272735, -27.1381749],
                        [-48.6276766, -27.1376856]
                    ],
                    [
                        [-48.6272735, -27.1381749],
                        [-48.6260489, -27.1372956],
                        [-48.6258879, -27.137181],
                        [-48.625662, -27.137039],
                        [-48.6254809, -27.1369632],
                        [-48.6253902, -27.1369132]
                    ],
                    [
                        [-48.6269271, -27.138599899999988],
                        [-48.6272735, -27.1381749]
                    ],
                    [
                        [-48.6265674, -27.1384372],
                        [-48.6267252, -27.1384963],
                        [-48.6268428, -27.1385511],
                        [-48.6269271, -27.138599899999988]
                    ],
                    [
                        [-48.6259161, -27.1382054],
                        [-48.6265674, -27.1384372]
                    ],
                    [
                        [-48.6257637, -27.1386922],
                        [-48.6263167, -27.1388959],
                        [-48.6265674, -27.1384372]
                    ],
                    [
                        [-48.6243081, -27.1382098],
                        [-48.6244677, -27.1380027],
                        [-48.6245096, -27.1379925],
                        [-48.6245492, -27.1379976],
                        [-48.6248936, -27.1382114],
                        [-48.6250095, -27.1382473],
                        [-48.6250959, -27.1382535],
                        [-48.6251873, -27.1382316],
                        [-48.625269, -27.1381707],
                        [-48.6253589, -27.1380448],
                        [-48.6253896, -27.1380266],
                        [-48.6255278, -27.1380641],
                        [-48.6259161, -27.1382054]
                    ],
                    [
                        [-48.6259161, -27.1382054],
                        [-48.6257637, -27.1386922]
                    ],
                    [
                        [-48.6257637, -27.1386922],
                        [-48.6256175, -27.1389307]
                    ],
                    [
                        [-48.6254936, -27.1362417],
                        [-48.6257289, -27.1364128],
                        [-48.6254665, -27.1367842],
                        [-48.6253902, -27.1369132]
                    ],
                    [
                        [-48.6253902, -27.1369132],
                        [-48.6250256, -27.1373075],
                        [-48.6235785, -27.1363467]
                    ],
                    [
                        [-48.6243081, -27.1382098],
                        [-48.6250648, -27.1386899]
                    ],
                    [
                        [-48.6228333, -27.1371932],
                        [-48.6243081, -27.1382098]
                    ],
                    [
                        [-48.6241609, -27.1374109],
                        [-48.6232556, -27.1367692]
                    ],
                    [
                        [-48.6235785, -27.1363467],
                        [-48.6225311, -27.135577],
                        [-48.6222454, -27.1353824],
                        [-48.622041, -27.1352123],
                        [-48.6219257, -27.1350697],
                        [-48.6213942, -27.1355055]
                    ],
                    [
                        [-48.6232556, -27.1367692],
                        [-48.6235785, -27.1363467]
                    ],
                    [
                        [-48.6232556, -27.1367692],
                        [-48.6213942, -27.1355055]
                    ],
                    [
                        [-48.6228333, -27.1371932],
                        [-48.6228715, -27.1371282],
                        [-48.6232556, -27.1367692]
                    ],
                    [
                        [-48.6209777, -27.135874],
                        [-48.6228333, -27.1371932]
                    ],
                    [
                        [-48.6209777, -27.135874],
                        [-48.6211595, -27.1356966],
                        [-48.6213942, -27.1355055]
                    ],
                    [
                        [-48.6206138, -27.135629],
                        [-48.6207843, -27.1357449],
                        [-48.6209777, -27.135874]
                    ],
                    [
                        [-48.6188592, -27.1189361],
                        [-48.6189463, -27.1188502],
                        [-48.6189812, -27.1188227],
                        [-48.6190403, -27.1188],
                        [-48.6192199, -27.1187916],
                        [-48.619283, -27.1187738],
                        [-48.6193294, -27.1187448],
                        [-48.6193589, -27.1187019],
                        [-48.6193615, -27.1186661]
                    ],
                    [
                        [-48.6183542, -27.1185645],
                        [-48.618623, -27.1182817],
                        [-48.61912430000001, -27.1177248]
                    ],
                    [
                        [-48.6183542, -27.1185645],
                        [-48.6188592, -27.1189361]
                    ],
                    [
                        [-48.618516, -27.1193603],
                        [-48.6188592, -27.1189361]
                    ],
                    [
                        [-48.6177748, -27.1182331],
                        [-48.6184976, -27.1174558]
                    ],
                    [
                        [-48.6178468, -27.1183067],
                        [-48.6179301, -27.1183181],
                        [-48.6179948, -27.1183386],
                        [-48.6180486, -27.1183653],
                        [-48.6181321, -27.1184194],
                        [-48.6183542, -27.1185645]
                    ],
                    [
                        [-48.6163733, -27.1155702],
                        [-48.6165729, -27.115488],
                        [-48.6167233, -27.1154301],
                        [-48.6168985, -27.1153837],
                        [-48.6169857, -27.1153658],
                        [-48.6170702, -27.1153479],
                        [-48.6171332, -27.1153419],
                        [-48.6172029, -27.1153431],
                        [-48.6172673, -27.1153467],
                        [-48.617321, -27.115355],
                        [-48.6173786, -27.115378899999989],
                        [-48.6174323, -27.1154099],
                        [-48.6174953, -27.1154481],
                        [-48.6177541, -27.1156523]
                    ],
                    [
                        [-48.6153799, -27.1095288],
                        [-48.6153685, -27.109565],
                        [-48.6153644, -27.109604],
                        [-48.6153771, -27.1096582],
                        [-48.6154323, -27.1098025],
                        [-48.6154562, -27.1098601],
                        [-48.6154848, -27.1099133],
                        [-48.6155816, -27.1100688],
                        [-48.6156432, -27.1101588],
                        [-48.6157058, -27.1102451],
                        [-48.6157587, -27.1103087],
                        [-48.615823, -27.11037],
                        [-48.6158904, -27.1104274],
                        [-48.6159564, -27.1104817],
                        [-48.6160441, -27.1105439],
                        [-48.616282, -27.1106937],
                        [-48.6163888, -27.1107632],
                        [-48.6164974, -27.1108496],
                        [-48.6165877, -27.1109382],
                        [-48.6166604, -27.1110386],
                        [-48.616709, -27.1111254],
                        [-48.6167597, -27.111234599999989],
                        [-48.6167999, -27.1113519],
                        [-48.6168296, -27.1114655],
                        [-48.61684, -27.1115451],
                        [-48.6168437, -27.111627],
                        [-48.6168369, -27.1118502],
                        [-48.6167416, -27.1125749],
                        [-48.6167175, -27.1129879],
                        [-48.6167228, -27.1132696],
                        [-48.6167282, -27.1134391],
                        [-48.6167443, -27.1136134],
                        [-48.6167631, -27.1137948],
                        [-48.6167952, -27.1139691],
                        [-48.6168569, -27.1143081],
                        [-48.6168663, -27.1144108],
                        [-48.6168744, -27.1144812],
                        [-48.6168744, -27.1145505],
                        [-48.6168596, -27.1146078],
                        [-48.6168368, -27.1146877],
                        [-48.6167993, -27.1147653],
                        [-48.6167577, -27.1148513],
                        [-48.6166705, -27.1150554],
                        [-48.6166236, -27.1151688],
                        [-48.6165738, -27.11528],
                        [-48.6165198, -27.1153815],
                        [-48.6164443, -27.1154884],
                        [-48.6163733, -27.1155702]
                    ],
                    [
                        [-48.6163733, -27.1155702],
                        [-48.616329, -27.1156109],
                        [-48.6163041, -27.1156337],
                        [-48.6162035, -27.11571910000001],
                        [-48.6161147, -27.1157972],
                        [-48.6160767, -27.1158415],
                        [-48.6160468, -27.1158898],
                        [-48.6160325, -27.11592],
                        [-48.6159756, -27.1160399],
                        [-48.6140122, -27.1147668],
                        [-48.6139755, -27.1146975],
                        [-48.6139035, -27.1145337],
                        [-48.6138529, -27.1144944],
                        [-48.6134492, -27.1143428]
                    ]
                ]
            }
        },
        {
            "type": "Feature",
            "properties": {
                "SETOR": "T01",
                "TURNO": "TARDE",
                "FREQUENCIA": "SEG - QUI - SEX",
                "HORARIO": "14:20 ÀS 22:35",
                "OPERACAO": "DOMICILIAR",
                "FILIAL": "ITAPEMA"
            },
            "geometry": {
                "type": "MultiLineString",
                "coordinates": [
                    [
                        [-48.6166484, -27.0956722],
                        [-48.6158722, -27.0957899],
                        [-48.6154151, -27.0958592],
                        [-48.6155779, -27.0966735],
                        [-48.6160288, -27.0965948],
                        [-48.6163405, -27.0965403],
                        [-48.6164139, -27.0965275],
                        [-48.6164849, -27.0962916],
                        [-48.6165122, -27.0962007],
                        [-48.6166484, -27.0956722],
                        [-48.6166603, -27.0956274],
                        [-48.6167893, -27.0950861],
                        [-48.6167074, -27.0950952],
                        [-48.6163567, -27.0951342],
                        [-48.6159819, -27.0951758],
                        [-48.6158407, -27.0942669],
                        [-48.6156841, -27.0932927]
                    ],
                    [
                        [-48.6162523, -27.0969952],
                        [-48.6161615, -27.0970075],
                        [-48.6137281, -27.0973374],
                        [-48.613637, -27.0973498],
                        [-48.6135664, -27.0971649],
                        [-48.6135163, -27.0970337],
                        [-48.6135944, -27.09702],
                        [-48.614387, -27.0968816],
                        [-48.6148109, -27.0968075],
                        [-48.6153062, -27.096721],
                        [-48.6155779, -27.0966735]
                    ],
                    [
                        [-48.6160288, -27.0965948],
                        [-48.6158722, -27.0957899]
                    ],
                    [
                        [-48.615928, -27.0979062],
                        [-48.6139848, -27.0981761],
                        [-48.6139144, -27.0981859],
                        [-48.6138497, -27.0979208],
                        [-48.6138004, -27.0977646],
                        [-48.6138801, -27.0977541],
                        [-48.6160809, -27.0974623]
                    ],
                    [
                        [-48.6159819, -27.0951758],
                        [-48.6154689, -27.0952328],
                        [-48.6149738, -27.0952877],
                        [-48.6148344, -27.0943881],
                        [-48.614733, -27.0935274]
                    ],
                    [
                        [-48.6158407, -27.0942669],
                        [-48.6153305, -27.0943284],
                        [-48.6154689, -27.0952328]
                    ],
                    [
                        [-48.6155986, -27.0989778],
                        [-48.6145524, -27.0991022]
                    ],
                    [
                        [-48.6145482, -27.0996372],
                        [-48.6155138, -27.0995247]
                    ],
                    [
                        [-48.6154087, -27.1003655],
                        [-48.6141651, -27.1002156],
                        [-48.6140663, -27.1002037],
                        [-48.6140859, -27.1000478],
                        [-48.6140885, -27.0998914],
                        [-48.6140857, -27.0993688],
                        [-48.6140853, -27.099305],
                        [-48.614046, -27.099031599999989],
                        [-48.6140048, -27.0986806],
                        [-48.6140896, -27.0986689],
                        [-48.6157464, -27.0984417]
                    ],
                    [
                        [-48.6151717, -27.1020869],
                        [-48.6139498, -27.101919699999989],
                        [-48.6138535, -27.1019065],
                        [-48.6139075, -27.1016227],
                        [-48.6139412, -27.1014091],
                        [-48.6140362, -27.1014221],
                        [-48.6151565, -27.101578499999988],
                        [-48.6152377, -27.1015898],
                        [-48.6152529, -27.1014867],
                        [-48.6152985, -27.1011774],
                        [-48.615358, -27.1007225],
                        [-48.6153658, -27.1006628],
                        [-48.6153722, -27.1006111],
                        [-48.6154087, -27.1003655],
                        [-48.6154477, -27.100065],
                        [-48.6154787, -27.0998336],
                        [-48.6154825, -27.0998055],
                        [-48.6155138, -27.0995247],
                        [-48.6155353, -27.0993255],
                        [-48.6155833, -27.0990618],
                        [-48.6155986, -27.0989778],
                        [-48.615613, -27.0989039],
                        [-48.6156406, -27.0987932],
                        [-48.6156779, -27.0986604],
                        [-48.6157464, -27.0984417],
                        [-48.6158375, -27.0981731],
                        [-48.615928, -27.0979062],
                        [-48.6160476, -27.0975593],
                        [-48.6160809, -27.0974623],
                        [-48.6162316, -27.0970468],
                        [-48.6162523, -27.0969952],
                        [-48.616274, -27.0969322],
                        [-48.6164139, -27.0965275],
                        [-48.6164996, -27.0967931],
                        [-48.6165741, -27.0970018],
                        [-48.6165926, -27.0970553],
                        [-48.616629, -27.0971377],
                        [-48.6166748, -27.0972351]
                    ],
                    [
                        [-48.6152093, -27.0933171],
                        [-48.6152562, -27.0937529],
                        [-48.6153305, -27.0943284],
                        [-48.6148344, -27.0943881],
                        [-48.6142763, -27.0944553],
                        [-48.6143406, -27.0948735],
                        [-48.6144139, -27.0953499],
                        [-48.6139931, -27.0953966],
                        [-48.614052, -27.0954503],
                        [-48.6140947, -27.0954969],
                        [-48.6141561, -27.0955765],
                        [-48.6143361, -27.095899],
                        [-48.6143805, -27.0959798],
                        [-48.6143991, -27.096026],
                        [-48.6144131, -27.0960772],
                        [-48.6144165, -27.0961192],
                        [-48.6144061, -27.0963879],
                        [-48.6144857, -27.0963582],
                        [-48.6147101, -27.0963208],
                        [-48.615213, -27.0962329]
                    ],
                    [
                        [-48.6151059, -27.0956719],
                        [-48.615213, -27.0962329],
                        [-48.6153062, -27.096721]
                    ],
                    [
                        [-48.6149937, -27.1033031],
                        [-48.6149137, -27.1032867],
                        [-48.6142225, -27.1031274],
                        [-48.6142065, -27.1030557],
                        [-48.6143275, -27.1024339]
                    ],
                    [
                        [-48.6149738, -27.0952877],
                        [-48.6144139, -27.0953499]
                    ],
                    [
                        [-48.614758, -27.1047394],
                        [-48.6138723, -27.1045352],
                        [-48.6139977, -27.1041084],
                        [-48.614071, -27.1041],
                        [-48.6147982, -27.104017100000011],
                        [-48.6148946, -27.104006099999989]
                    ],
                    [
                        [-48.6147101, -27.0963208],
                        [-48.6148109, -27.0968075]
                    ],
                    [
                        [-48.6144064, -27.1055309],
                        [-48.6136408, -27.1053481],
                        [-48.6138723, -27.1045352]
                    ],
                    [
                        [-48.6144061, -27.0963879],
                        [-48.614387, -27.0968816]
                    ],
                    [
                        [-48.6144061, -27.0963879],
                        [-48.6143205, -27.0964278],
                        [-48.6133917, -27.0966139],
                        [-48.6133202, -27.0966294],
                        [-48.6131566, -27.0963128],
                        [-48.6129274, -27.0958597],
                        [-48.6130079, -27.0958408],
                        [-48.6141561, -27.0955765]
                    ],
                    [
                        [-48.6143406, -27.0948735],
                        [-48.6134024, -27.0949875],
                        [-48.6136231, -27.0951483],
                        [-48.6137236, -27.095214],
                        [-48.6139058, -27.095333199999988],
                        [-48.6139454, -27.0953599],
                        [-48.6139931, -27.0953966]
                    ],
                    [
                        [-48.6142763, -27.0944553],
                        [-48.6130344, -27.0946049],
                        [-48.612936, -27.0946168],
                        [-48.6128649, -27.0945078],
                        [-48.6127327, -27.0943007],
                        [-48.6125978, -27.0940751],
                        [-48.6125697, -27.094028]
                    ],
                    [
                        [-48.6139412, -27.1014091],
                        [-48.6139715, -27.101257],
                        [-48.6139937, -27.1010403],
                        [-48.6140399, -27.1005274],
                        [-48.6140421, -27.100493499999988],
                        [-48.6140597, -27.1002823],
                        [-48.6140663, -27.1002037]
                    ],
                    [
                        [-48.6139037, -27.1065696],
                        [-48.6138975, -27.1066486],
                        [-48.6138911, -27.1067123],
                        [-48.6139924, -27.1067327],
                        [-48.6140405, -27.1067387],
                        [-48.6140815, -27.1067394]
                    ],
                    [
                        [-48.6137662, -27.1067904],
                        [-48.613857, -27.1067182],
                        [-48.6138911, -27.1067123],
                        [-48.6138502, -27.1067891],
                        [-48.6138153, -27.1068416],
                        [-48.6135666, -27.1071959],
                        [-48.6136315, -27.1070521],
                        [-48.6137662, -27.1067904],
                        [-48.6138264, -27.1066804],
                        [-48.6139037, -27.1065696],
                        [-48.6140628, -27.1062397],
                        [-48.6144064, -27.1055309],
                        [-48.6144849, -27.1053673],
                        [-48.6145831, -27.1051627],
                        [-48.6146432, -27.1050152],
                        [-48.6146865, -27.1049175],
                        [-48.6147368, -27.1047964],
                        [-48.614758, -27.1047394],
                        [-48.6147751, -27.1046868],
                        [-48.6147905, -27.1045974],
                        [-48.6148103, -27.1045069],
                        [-48.6148259, -27.1044131],
                        [-48.6148795, -27.1041196],
                        [-48.6148946, -27.104006099999989],
                        [-48.6149425, -27.1036471],
                        [-48.6149937, -27.1033031],
                        [-48.6150315, -27.1030114],
                        [-48.6150668, -27.1027919],
                        [-48.6151079, -27.1025361]
                    ],
                    [
                        [-48.6140048, -27.0986806],
                        [-48.6139388, -27.0983042],
                        [-48.6139144, -27.0981859]
                    ],
                    [
                        [-48.6137629, -27.1023623],
                        [-48.6137865, -27.1022649],
                        [-48.6138064, -27.1021847],
                        [-48.6138535, -27.1019065]
                    ],
                    [
                        [-48.6138004, -27.0977646],
                        [-48.6137625, -27.0976624],
                        [-48.6137119, -27.0975261],
                        [-48.613637, -27.0973498]
                    ],
                    [
                        [-48.6133015, -27.1041878],
                        [-48.613336, -27.1040705],
                        [-48.6134793, -27.1035618],
                        [-48.6134941, -27.1035094],
                        [-48.613596, -27.1031214],
                        [-48.613628, -27.1029966]
                    ],
                    [
                        [-48.6137236, -27.095214],
                        [-48.6128117, -27.09543],
                        [-48.6127189, -27.095452],
                        [-48.6126485, -27.0953198],
                        [-48.6125501, -27.0951423],
                        [-48.6125558, -27.0951153],
                        [-48.6125708, -27.0950888],
                        [-48.612588, -27.095072],
                        [-48.612612, -27.0950586],
                        [-48.6126444, -27.0950479],
                        [-48.6132048, -27.0949009],
                        [-48.6132676, -27.0948844],
                        [-48.6134024, -27.0949875]
                    ],
                    [
                        [-48.6135163, -27.0970337],
                        [-48.6134852, -27.096964],
                        [-48.6133202, -27.0966294]
                    ],
                    [
                        [-48.6130134, -27.1081072],
                        [-48.6127305, -27.1080192],
                        [-48.6127071, -27.1080351],
                        [-48.6126784, -27.1080409],
                        [-48.6126496, -27.1080358],
                        [-48.6126258, -27.1080205],
                        [-48.6126111, -27.1079978],
                        [-48.6126083, -27.1079717],
                        [-48.6126168, -27.1079486],
                        [-48.6126346, -27.1079301],
                        [-48.612659, -27.1079191],
                        [-48.6126863, -27.1079174],
                        [-48.6127122, -27.1079252],
                        [-48.6127301, -27.1079382],
                        [-48.612997, -27.1073158],
                        [-48.6130448, -27.1071989],
                        [-48.6130741, -27.107116],
                        [-48.6131288, -27.1069248],
                        [-48.6136408, -27.1053481],
                        [-48.613091, -27.1052114],
                        [-48.6130046, -27.1051899],
                        [-48.6130518, -27.1050472],
                        [-48.6131238, -27.1048077],
                        [-48.6133015, -27.1041878],
                        [-48.6134015, -27.1041764],
                        [-48.6139173, -27.1041176],
                        [-48.6139977, -27.1041084],
                        [-48.6142612, -27.1032111],
                        [-48.6142225, -27.1031274],
                        [-48.6137091, -27.1030145],
                        [-48.613628, -27.1029966],
                        [-48.6136582, -27.1028786],
                        [-48.6137629, -27.1023623],
                        [-48.6138326, -27.1023711],
                        [-48.6143275, -27.1024339],
                        [-48.6151079, -27.1025361],
                        [-48.615125, -27.1024202],
                        [-48.6151717, -27.1020869],
                        [-48.6151897, -27.1019538],
                        [-48.6152223, -27.1017016],
                        [-48.6152377, -27.1015898]
                    ],
                    [
                        [-48.6132676, -27.0948844],
                        [-48.6129966, -27.0946712],
                        [-48.6129572, -27.094636799999989],
                        [-48.612936, -27.0946168]
                    ],
                    [
                        [-48.6125325, -27.1067737],
                        [-48.6127063, -27.1062122],
                        [-48.6127724, -27.1059843],
                        [-48.6128313, -27.1057878],
                        [-48.6130046, -27.1051899]
                    ],
                    [
                        [-48.6127301, -27.1079382],
                        [-48.6127421, -27.1079557],
                        [-48.6127471, -27.1079758],
                        [-48.6127444, -27.1079962],
                        [-48.6127305, -27.1080192]
                    ],
                    [
                        [-48.6129274, -27.0958597],
                        [-48.6128777, -27.0957585],
                        [-48.6128538, -27.0957099],
                        [-48.6127546, -27.095519],
                        [-48.6127189, -27.095452]
                    ],
                    [
                        [-48.6126111, -27.1079978],
                        [-48.6125519, -27.1079889],
                        [-48.6124455, -27.1079731],
                        [-48.6122676, -27.1079547],
                        [-48.6122103, -27.1079355],
                        [-48.6121772, -27.1079028],
                        [-48.6121559, -27.1078793],
                        [-48.6121456, -27.107843],
                        [-48.6121506, -27.1078094],
                        [-48.6121692, -27.1077633],
                        [-48.6121792, -27.10774],
                        [-48.6122789, -27.1075092],
                        [-48.6123319, -27.1073759],
                        [-48.6124049, -27.107178],
                        [-48.6125027, -27.10687],
                        [-48.6125325, -27.1067737],
                        [-48.6125991, -27.1067906],
                        [-48.6131288, -27.1069248],
                        [-48.6136315, -27.1070521]
                    ],
                    [
                        [-48.6095894, -27.114711],
                        [-48.6091918, -27.1144464]
                    ],
                    [
                        [-48.6092526, -27.1163692],
                        [-48.609247700899651, -27.116367121705903],
                        [-48.60865017441381, -27.116113637485977],
                        [-48.6086416, -27.11611],
                        [-48.608635901560454, -27.116120135750297],
                        [-48.6086294, -27.1161317],
                        [-48.6083646, -27.116603]
                    ],
                    [
                        [-48.6091572, -27.117012],
                        [-48.6091138, -27.1172952],
                        [-48.609077, -27.117494799999989],
                        [-48.6090598, -27.1175406],
                        [-48.6089662, -27.1177163],
                        [-48.6089445, -27.1176397],
                        [-48.6089473, -27.1175319],
                        [-48.608949, -27.1174648],
                        [-48.6091572, -27.117012],
                        [-48.6092107, -27.1167329],
                        [-48.6092526, -27.1163692],
                        [-48.60928830000001, -27.1161543],
                        [-48.6093388, -27.1158655],
                        [-48.6093859, -27.115614],
                        [-48.6094485, -27.1153033],
                        [-48.6094885, -27.115118399999989],
                        [-48.6095358, -27.1149164],
                        [-48.6095894, -27.114711],
                        [-48.6096777, -27.1143946],
                        [-48.6097918, -27.114037],
                        [-48.6099191, -27.1136631],
                        [-48.610089, -27.1132204],
                        [-48.6102929, -27.1127429],
                        [-48.6105601, -27.1121376],
                        [-48.6106361, -27.1119653],
                        [-48.6108104, -27.1116046],
                        [-48.6109231, -27.1113916],
                        [-48.6113308, -27.1106993],
                        [-48.6130134, -27.1081072],
                        [-48.6131739, -27.1078608],
                        [-48.6133, -27.1076553],
                        [-48.6134106, -27.1074672],
                        [-48.6135666, -27.1071959]
                    ]
                ]
            }
        }
    ]
}